ISO-10303-21;
HEADER;
FILE_DESCRIPTION(('KiCad electronic assembly'),'2;1');
FILE_NAME('8x8led.step','2026-05-17T12:56:54',('Pcbnew'),('Kicad'),
  'Open CASCADE STEP processor 7.9','KiCad to STEP converter','Unknown'
  );
FILE_SCHEMA(('AUTOMOTIVE_DESIGN { 1 0 10303 214 1 1 1 1 }'));
ENDSEC;
DATA;
#1 = APPLICATION_PROTOCOL_DEFINITION('international standard',
  'automotive_design',2000,#2);
#2 = APPLICATION_CONTEXT(
  'core data for automotive mechanical design processes');
#3 = SHAPE_DEFINITION_REPRESENTATION(#4,#10);
#4 = PRODUCT_DEFINITION_SHAPE('','',#5);
#5 = PRODUCT_DEFINITION('design','',#6,#9);
#6 = PRODUCT_DEFINITION_FORMATION('','',#7);
#7 = PRODUCT('8x8led 1','8x8led 1','',(#8));
#8 = PRODUCT_CONTEXT('',#2,'mechanical');
#9 = PRODUCT_DEFINITION_CONTEXT('part definition',#2,'design');
#10 = SHAPE_REPRESENTATION('',(#11,#15,#19,#23,#27,#31,#35,#39,#43,#47,
    #51,#55,#59,#63,#67,#71,#75,#79,#83,#87,#91,#95,#99,#103,#107,#111,
    #115,#119,#123,#127,#131,#135,#139,#143,#147,#151,#155,#159,#163,
    #167,#171,#175,#179,#183,#187,#191,#195,#199,#203,#207,#211,#215,
    #219,#223,#227,#231,#235,#239,#243,#247,#251,#255,#259,#263,#267,
    #271),#275);
#11 = AXIS2_PLACEMENT_3D('',#12,#13,#14);
#12 = CARTESIAN_POINT('',(0.,0.,0.));
#13 = DIRECTION('',(0.,0.,1.));
#14 = DIRECTION('',(1.,0.,-0.));
#15 = AXIS2_PLACEMENT_3D('',#16,#17,#18);
#16 = CARTESIAN_POINT('',(112.,-87.5,1.595));
#17 = DIRECTION('',(0.,0.,1.));
#18 = DIRECTION('',(1.,0.,0.));
#19 = AXIS2_PLACEMENT_3D('',#20,#21,#22);
#20 = CARTESIAN_POINT('',(112.,-103.5,1.595));
#21 = DIRECTION('',(0.,0.,1.));
#22 = DIRECTION('',(1.,0.,0.));
#23 = AXIS2_PLACEMENT_3D('',#24,#25,#26);
#24 = CARTESIAN_POINT('',(144.,-111.5,1.595));
#25 = DIRECTION('',(0.,0.,1.));
#26 = DIRECTION('',(1.,0.,0.));
#27 = AXIS2_PLACEMENT_3D('',#28,#29,#30);
#28 = CARTESIAN_POINT('',(88.,-63.,1.595));
#29 = DIRECTION('',(0.,0.,1.));
#30 = DIRECTION('',(1.,0.,0.));
#31 = AXIS2_PLACEMENT_3D('',#32,#33,#34);
#32 = CARTESIAN_POINT('',(136.,-71.5,1.595));
#33 = DIRECTION('',(0.,0.,1.));
#34 = DIRECTION('',(1.,0.,0.));
#35 = AXIS2_PLACEMENT_3D('',#36,#37,#38);
#36 = CARTESIAN_POINT('',(136.,-87.5,1.595));
#37 = DIRECTION('',(0.,0.,1.));
#38 = DIRECTION('',(1.,0.,0.));
#39 = AXIS2_PLACEMENT_3D('',#40,#41,#42);
#40 = CARTESIAN_POINT('',(120.,-71.5,1.595));
#41 = DIRECTION('',(0.,0.,1.));
#42 = DIRECTION('',(1.,0.,0.));
#43 = AXIS2_PLACEMENT_3D('',#44,#45,#46);
#44 = CARTESIAN_POINT('',(136.,-103.5,1.595));
#45 = DIRECTION('',(0.,0.,1.));
#46 = DIRECTION('',(1.,0.,0.));
#47 = AXIS2_PLACEMENT_3D('',#48,#49,#50);
#48 = CARTESIAN_POINT('',(104.,-71.5,1.595));
#49 = DIRECTION('',(0.,0.,1.));
#50 = DIRECTION('',(1.,0.,0.));
#51 = AXIS2_PLACEMENT_3D('',#52,#53,#54);
#52 = CARTESIAN_POINT('',(88.,-103.5,1.595));
#53 = DIRECTION('',(0.,0.,1.));
#54 = DIRECTION('',(1.,0.,0.));
#55 = AXIS2_PLACEMENT_3D('',#56,#57,#58);
#56 = CARTESIAN_POINT('',(88.,-95.5,1.595));
#57 = DIRECTION('',(0.,0.,1.));
#58 = DIRECTION('',(1.,0.,0.));
#59 = AXIS2_PLACEMENT_3D('',#60,#61,#62);
#60 = CARTESIAN_POINT('',(104.,-103.5,1.595));
#61 = DIRECTION('',(0.,0.,1.));
#62 = DIRECTION('',(1.,0.,0.));
#63 = AXIS2_PLACEMENT_3D('',#64,#65,#66);
#64 = CARTESIAN_POINT('',(120.,-63.,1.595));
#65 = DIRECTION('',(0.,0.,1.));
#66 = DIRECTION('',(1.,0.,0.));
#67 = AXIS2_PLACEMENT_3D('',#68,#69,#70);
#68 = CARTESIAN_POINT('',(96.,-111.5,1.595));
#69 = DIRECTION('',(0.,0.,1.));
#70 = DIRECTION('',(1.,0.,0.));
#71 = AXIS2_PLACEMENT_3D('',#72,#73,#74);
#72 = CARTESIAN_POINT('',(104.,-95.5,1.595));
#73 = DIRECTION('',(0.,0.,1.));
#74 = DIRECTION('',(1.,0.,0.));
#75 = AXIS2_PLACEMENT_3D('',#76,#77,#78);
#76 = CARTESIAN_POINT('',(144.,-103.5,1.595));
#77 = DIRECTION('',(0.,0.,1.));
#78 = DIRECTION('',(1.,0.,0.));
#79 = AXIS2_PLACEMENT_3D('',#80,#81,#82);
#80 = CARTESIAN_POINT('',(120.,-79.5,1.595));
#81 = DIRECTION('',(0.,0.,1.));
#82 = DIRECTION('',(1.,0.,0.));
#83 = AXIS2_PLACEMENT_3D('',#84,#85,#86);
#84 = CARTESIAN_POINT('',(120.,-95.5,1.595));
#85 = DIRECTION('',(0.,0.,1.));
#86 = DIRECTION('',(1.,0.,0.));
#87 = AXIS2_PLACEMENT_3D('',#88,#89,#90);
#88 = CARTESIAN_POINT('',(128.,-63.,1.595));
#89 = DIRECTION('',(0.,0.,1.));
#90 = DIRECTION('',(1.,0.,0.));
#91 = AXIS2_PLACEMENT_3D('',#92,#93,#94);
#92 = CARTESIAN_POINT('',(144.,-71.5,1.595));
#93 = DIRECTION('',(0.,0.,1.));
#94 = DIRECTION('',(1.,0.,0.));
#95 = AXIS2_PLACEMENT_3D('',#96,#97,#98);
#96 = CARTESIAN_POINT('',(104.,-79.5,1.595));
#97 = DIRECTION('',(0.,0.,1.));
#98 = DIRECTION('',(1.,0.,0.));
#99 = AXIS2_PLACEMENT_3D('',#100,#101,#102);
#100 = CARTESIAN_POINT('',(144.,-79.5,1.595));
#101 = DIRECTION('',(0.,0.,1.));
#102 = DIRECTION('',(1.,0.,0.));
#103 = AXIS2_PLACEMENT_3D('',#104,#105,#106);
#104 = CARTESIAN_POINT('',(88.,-87.5,1.595));
#105 = DIRECTION('',(0.,0.,1.));
#106 = DIRECTION('',(1.,0.,0.));
#107 = AXIS2_PLACEMENT_3D('',#108,#109,#110);
#108 = CARTESIAN_POINT('',(96.,-87.5,1.595));
#109 = DIRECTION('',(0.,0.,1.));
#110 = DIRECTION('',(1.,0.,0.));
#111 = AXIS2_PLACEMENT_3D('',#112,#113,#114);
#112 = CARTESIAN_POINT('',(128.,-87.5,1.595));
#113 = DIRECTION('',(0.,0.,1.));
#114 = DIRECTION('',(1.,0.,0.));
#115 = AXIS2_PLACEMENT_3D('',#116,#117,#118);
#116 = CARTESIAN_POINT('',(120.,-119.5,1.595));
#117 = DIRECTION('',(0.,0.,1.));
#118 = DIRECTION('',(1.,0.,0.));
#119 = AXIS2_PLACEMENT_3D('',#120,#121,#122);
#120 = CARTESIAN_POINT('',(96.,-71.5,1.595));
#121 = DIRECTION('',(0.,0.,1.));
#122 = DIRECTION('',(1.,0.,0.));
#123 = AXIS2_PLACEMENT_3D('',#124,#125,#126);
#124 = CARTESIAN_POINT('',(104.,-111.5,1.595));
#125 = DIRECTION('',(0.,0.,1.));
#126 = DIRECTION('',(1.,0.,0.));
#127 = AXIS2_PLACEMENT_3D('',#128,#129,#130);
#128 = CARTESIAN_POINT('',(128.,-71.5,1.595));
#129 = DIRECTION('',(0.,0.,1.));
#130 = DIRECTION('',(1.,0.,0.));
#131 = AXIS2_PLACEMENT_3D('',#132,#133,#134);
#132 = CARTESIAN_POINT('',(128.,-119.5,1.595));
#133 = DIRECTION('',(0.,0.,1.));
#134 = DIRECTION('',(1.,0.,0.));
#135 = AXIS2_PLACEMENT_3D('',#136,#137,#138);
#136 = CARTESIAN_POINT('',(144.,-87.5,1.595));
#137 = DIRECTION('',(0.,0.,1.));
#138 = DIRECTION('',(1.,0.,0.));
#139 = AXIS2_PLACEMENT_3D('',#140,#141,#142);
#140 = CARTESIAN_POINT('',(120.,-103.5,1.595));
#141 = DIRECTION('',(0.,0.,1.));
#142 = DIRECTION('',(1.,0.,0.));
#143 = AXIS2_PLACEMENT_3D('',#144,#145,#146);
#144 = CARTESIAN_POINT('',(144.,-63.,1.595));
#145 = DIRECTION('',(0.,0.,1.));
#146 = DIRECTION('',(1.,0.,0.));
#147 = AXIS2_PLACEMENT_3D('',#148,#149,#150);
#148 = CARTESIAN_POINT('',(96.,-63.,1.595));
#149 = DIRECTION('',(0.,0.,1.));
#150 = DIRECTION('',(1.,0.,0.));
#151 = AXIS2_PLACEMENT_3D('',#152,#153,#154);
#152 = CARTESIAN_POINT('',(128.,-111.5,1.595));
#153 = DIRECTION('',(0.,0.,1.));
#154 = DIRECTION('',(1.,0.,0.));
#155 = AXIS2_PLACEMENT_3D('',#156,#157,#158);
#156 = CARTESIAN_POINT('',(120.,-111.5,1.595));
#157 = DIRECTION('',(0.,0.,1.));
#158 = DIRECTION('',(1.,0.,0.));
#159 = AXIS2_PLACEMENT_3D('',#160,#161,#162);
#160 = CARTESIAN_POINT('',(104.,-119.5,1.595));
#161 = DIRECTION('',(0.,0.,1.));
#162 = DIRECTION('',(1.,0.,0.));
#163 = AXIS2_PLACEMENT_3D('',#164,#165,#166);
#164 = CARTESIAN_POINT('',(120.,-87.5,1.595));
#165 = DIRECTION('',(0.,0.,1.));
#166 = DIRECTION('',(1.,0.,0.));
#167 = AXIS2_PLACEMENT_3D('',#168,#169,#170);
#168 = CARTESIAN_POINT('',(96.,-103.5,1.595));
#169 = DIRECTION('',(0.,0.,1.));
#170 = DIRECTION('',(1.,0.,0.));
#171 = AXIS2_PLACEMENT_3D('',#172,#173,#174);
#172 = CARTESIAN_POINT('',(136.,-111.5,1.595));
#173 = DIRECTION('',(0.,0.,1.));
#174 = DIRECTION('',(1.,0.,0.));
#175 = AXIS2_PLACEMENT_3D('',#176,#177,#178);
#176 = CARTESIAN_POINT('',(136.,-95.5,1.595));
#177 = DIRECTION('',(0.,0.,1.));
#178 = DIRECTION('',(1.,0.,0.));
#179 = AXIS2_PLACEMENT_3D('',#180,#181,#182);
#180 = CARTESIAN_POINT('',(128.,-79.5,1.595));
#181 = DIRECTION('',(0.,0.,1.));
#182 = DIRECTION('',(1.,0.,0.));
#183 = AXIS2_PLACEMENT_3D('',#184,#185,#186);
#184 = CARTESIAN_POINT('',(128.,-103.5,1.595));
#185 = DIRECTION('',(0.,0.,1.));
#186 = DIRECTION('',(1.,0.,0.));
#187 = AXIS2_PLACEMENT_3D('',#188,#189,#190);
#188 = CARTESIAN_POINT('',(112.,-79.5,1.595));
#189 = DIRECTION('',(0.,0.,1.));
#190 = DIRECTION('',(1.,0.,0.));
#191 = AXIS2_PLACEMENT_3D('',#192,#193,#194);
#192 = CARTESIAN_POINT('',(88.,-111.5,1.595));
#193 = DIRECTION('',(0.,0.,1.));
#194 = DIRECTION('',(1.,0.,0.));
#195 = AXIS2_PLACEMENT_3D('',#196,#197,#198);
#196 = CARTESIAN_POINT('',(88.,-119.5,1.595));
#197 = DIRECTION('',(0.,0.,1.));
#198 = DIRECTION('',(1.,0.,0.));
#199 = AXIS2_PLACEMENT_3D('',#200,#201,#202);
#200 = CARTESIAN_POINT('',(112.,-119.5,1.595));
#201 = DIRECTION('',(0.,0.,1.));
#202 = DIRECTION('',(1.,0.,0.));
#203 = AXIS2_PLACEMENT_3D('',#204,#205,#206);
#204 = CARTESIAN_POINT('',(128.,-95.5,1.595));
#205 = DIRECTION('',(0.,0.,1.));
#206 = DIRECTION('',(1.,0.,0.));
#207 = AXIS2_PLACEMENT_3D('',#208,#209,#210);
#208 = CARTESIAN_POINT('',(112.,-111.5,1.595));
#209 = DIRECTION('',(0.,0.,1.));
#210 = DIRECTION('',(1.,0.,0.));
#211 = AXIS2_PLACEMENT_3D('',#212,#213,#214);
#212 = CARTESIAN_POINT('',(144.,-119.5,1.595));
#213 = DIRECTION('',(0.,0.,1.));
#214 = DIRECTION('',(1.,0.,0.));
#215 = AXIS2_PLACEMENT_3D('',#216,#217,#218);
#216 = CARTESIAN_POINT('',(144.,-95.5,1.595));
#217 = DIRECTION('',(0.,0.,1.));
#218 = DIRECTION('',(1.,0.,0.));
#219 = AXIS2_PLACEMENT_3D('',#220,#221,#222);
#220 = CARTESIAN_POINT('',(96.,-119.5,1.595));
#221 = DIRECTION('',(0.,0.,1.));
#222 = DIRECTION('',(1.,0.,0.));
#223 = AXIS2_PLACEMENT_3D('',#224,#225,#226);
#224 = CARTESIAN_POINT('',(136.,-119.5,1.595));
#225 = DIRECTION('',(0.,0.,1.));
#226 = DIRECTION('',(1.,0.,0.));
#227 = AXIS2_PLACEMENT_3D('',#228,#229,#230);
#228 = CARTESIAN_POINT('',(96.,-95.5,1.595));
#229 = DIRECTION('',(0.,0.,1.));
#230 = DIRECTION('',(1.,0.,0.));
#231 = AXIS2_PLACEMENT_3D('',#232,#233,#234);
#232 = CARTESIAN_POINT('',(136.,-63.,1.595));
#233 = DIRECTION('',(0.,0.,1.));
#234 = DIRECTION('',(1.,0.,0.));
#235 = AXIS2_PLACEMENT_3D('',#236,#237,#238);
#236 = CARTESIAN_POINT('',(104.,-63.,1.595));
#237 = DIRECTION('',(0.,0.,1.));
#238 = DIRECTION('',(1.,0.,0.));
#239 = AXIS2_PLACEMENT_3D('',#240,#241,#242);
#240 = CARTESIAN_POINT('',(112.,-63.,1.595));
#241 = DIRECTION('',(0.,0.,1.));
#242 = DIRECTION('',(1.,0.,0.));
#243 = AXIS2_PLACEMENT_3D('',#244,#245,#246);
#244 = CARTESIAN_POINT('',(88.,-79.5,1.595));
#245 = DIRECTION('',(0.,0.,1.));
#246 = DIRECTION('',(1.,0.,0.));
#247 = AXIS2_PLACEMENT_3D('',#248,#249,#250);
#248 = CARTESIAN_POINT('',(136.,-79.5,1.595));
#249 = DIRECTION('',(0.,0.,1.));
#250 = DIRECTION('',(1.,0.,0.));
#251 = AXIS2_PLACEMENT_3D('',#252,#253,#254);
#252 = CARTESIAN_POINT('',(112.,-95.5,1.595));
#253 = DIRECTION('',(0.,0.,1.));
#254 = DIRECTION('',(1.,0.,0.));
#255 = AXIS2_PLACEMENT_3D('',#256,#257,#258);
#256 = CARTESIAN_POINT('',(104.,-87.5,1.595));
#257 = DIRECTION('',(0.,0.,1.));
#258 = DIRECTION('',(1.,0.,0.));
#259 = AXIS2_PLACEMENT_3D('',#260,#261,#262);
#260 = CARTESIAN_POINT('',(112.,-71.5,1.595));
#261 = DIRECTION('',(0.,0.,1.));
#262 = DIRECTION('',(1.,0.,0.));
#263 = AXIS2_PLACEMENT_3D('',#264,#265,#266);
#264 = CARTESIAN_POINT('',(88.,-71.5,1.595));
#265 = DIRECTION('',(0.,0.,1.));
#266 = DIRECTION('',(1.,0.,0.));
#267 = AXIS2_PLACEMENT_3D('',#268,#269,#270);
#268 = CARTESIAN_POINT('',(96.,-79.5,1.595));
#269 = DIRECTION('',(0.,0.,1.));
#270 = DIRECTION('',(1.,0.,0.));
#271 = AXIS2_PLACEMENT_3D('',#272,#273,#274);
#272 = CARTESIAN_POINT('',(0.,0.,0.));
#273 = DIRECTION('',(0.,0.,1.));
#274 = DIRECTION('',(1.,0.,-0.));
#275 = ( GEOMETRIC_REPRESENTATION_CONTEXT(3) 
GLOBAL_UNCERTAINTY_ASSIGNED_CONTEXT((#279)) GLOBAL_UNIT_ASSIGNED_CONTEXT
((#276,#277,#278)) REPRESENTATION_CONTEXT('Context #1',
  '3D Context with UNIT and UNCERTAINTY') );
#276 = ( LENGTH_UNIT() NAMED_UNIT(*) SI_UNIT(.MILLI.,.METRE.) );
#277 = ( NAMED_UNIT(*) PLANE_ANGLE_UNIT() SI_UNIT($,.RADIAN.) );
#278 = ( NAMED_UNIT(*) SI_UNIT($,.STERADIAN.) SOLID_ANGLE_UNIT() );
#279 = UNCERTAINTY_MEASURE_WITH_UNIT(LENGTH_MEASURE(1.E-07),#276,
  'distance_accuracy_value','confusion accuracy');
#280 = PRODUCT_RELATED_PRODUCT_CATEGORY('part',$,(#7));
#281 = SHAPE_DEFINITION_REPRESENTATION(#282,#288);
#282 = PRODUCT_DEFINITION_SHAPE('','',#283);
#283 = PRODUCT_DEFINITION('design','',#284,#287);
#284 = PRODUCT_DEFINITION_FORMATION('','',#285);
#285 = PRODUCT('LED_WS2812B_PLCC4_5.0x5.0mm_P3.2mm',
  'LED_WS2812B_PLCC4_5.0x5.0mm_P3.2mm','',(#286));
#286 = PRODUCT_CONTEXT('',#2,'mechanical');
#287 = PRODUCT_DEFINITION_CONTEXT('part definition',#2,'design');
#288 = ADVANCED_BREP_SHAPE_REPRESENTATION('',(#11,#289),#2556);
#289 = MANIFOLD_SOLID_BREP('',#290);
#290 = CLOSED_SHELL('',(#291,#350,#375,#408,#433,#458,#483,#500,#525,
    #556,#596,#727,#851,#868,#877,#888,#1056,#1087,#1118,#1149,#1234,
    #1258,#1336,#1367,#1452,#1476,#1554,#1585,#1616,#1647,#1732,#1756,
    #1834,#1865,#1950,#1974,#2052,#2069,#2086,#2103,#2120,#2137,#2154,
    #2171,#2193,#2205,#2217,#2234,#2246,#2263,#2285,#2297,#2314,#2326,
    #2338,#2355,#2372,#2389,#2411,#2423,#2440,#2452,#2464,#2481,#2503,
    #2515,#2532,#2544));
#291 = ADVANCED_FACE('',(#292,#303),#345,.T.);
#292 = FACE_BOUND('',#293,.T.);
#293 = EDGE_LOOP('',(#294));
#294 = ORIENTED_EDGE('',*,*,#295,.T.);
#295 = EDGE_CURVE('',#296,#296,#298,.T.);
#296 = VERTEX_POINT('',#297);
#297 = CARTESIAN_POINT('',(-1.966666666667,2.408472038323E-16,1.6));
#298 = CIRCLE('',#299,1.966666666667);
#299 = AXIS2_PLACEMENT_3D('',#300,#301,#302);
#300 = CARTESIAN_POINT('',(0.,0.,1.6));
#301 = DIRECTION('',(0.,0.,-1.));
#302 = DIRECTION('',(-1.,1.224646799147E-16,0.));
#303 = FACE_BOUND('',#304,.T.);
#304 = EDGE_LOOP('',(#305,#315,#323,#331,#339));
#305 = ORIENTED_EDGE('',*,*,#306,.T.);
#306 = EDGE_CURVE('',#307,#309,#311,.T.);
#307 = VERTEX_POINT('',#308);
#308 = CARTESIAN_POINT('',(1.433400076889,-2.425,1.6));
#309 = VERTEX_POINT('',#310);
#310 = CARTESIAN_POINT('',(2.425,-1.433400076889,1.6));
#311 = LINE('',#312,#313);
#312 = CARTESIAN_POINT('',(1.411433085478,-2.446966991411,1.6));
#313 = VECTOR('',#314,1.);
#314 = DIRECTION('',(0.707106781187,0.707106781187,0.));
#315 = ORIENTED_EDGE('',*,*,#316,.T.);
#316 = EDGE_CURVE('',#309,#317,#319,.T.);
#317 = VERTEX_POINT('',#318);
#318 = CARTESIAN_POINT('',(2.425,2.425,1.6));
#319 = LINE('',#320,#321);
#320 = CARTESIAN_POINT('',(2.425,-1.464466094067,1.6));
#321 = VECTOR('',#322,1.);
#322 = DIRECTION('',(1.224646799147E-16,1.,0.));
#323 = ORIENTED_EDGE('',*,*,#324,.T.);
#324 = EDGE_CURVE('',#317,#325,#327,.T.);
#325 = VERTEX_POINT('',#326);
#326 = CARTESIAN_POINT('',(-2.425,2.425,1.6));
#327 = LINE('',#328,#329);
#328 = CARTESIAN_POINT('',(2.5,2.425,1.6));
#329 = VECTOR('',#330,1.);
#330 = DIRECTION('',(-1.,1.224646799147E-16,0.));
#331 = ORIENTED_EDGE('',*,*,#332,.T.);
#332 = EDGE_CURVE('',#325,#333,#335,.T.);
#333 = VERTEX_POINT('',#334);
#334 = CARTESIAN_POINT('',(-2.425,-2.425,1.6));
#335 = LINE('',#336,#337);
#336 = CARTESIAN_POINT('',(-2.425,2.5,1.6));
#337 = VECTOR('',#338,1.);
#338 = DIRECTION('',(-1.224646799147E-16,-1.,0.));
#339 = ORIENTED_EDGE('',*,*,#340,.T.);
#340 = EDGE_CURVE('',#333,#307,#341,.T.);
#341 = LINE('',#342,#343);
#342 = CARTESIAN_POINT('',(-2.5,-2.425,1.6));
#343 = VECTOR('',#344,1.);
#344 = DIRECTION('',(1.,-1.224646799147E-16,0.));
#345 = PLANE('',#346);
#346 = AXIS2_PLACEMENT_3D('',#347,#348,#349);
#347 = CARTESIAN_POINT('',(0.,0.,1.6));
#348 = DIRECTION('',(0.,0.,1.));
#349 = DIRECTION('',(-1.,1.224646799147E-16,0.));
#350 = ADVANCED_FACE('',(#351),#370,.F.);
#351 = FACE_BOUND('',#352,.F.);
#352 = EDGE_LOOP('',(#353,#361,#362,#363));
#353 = ORIENTED_EDGE('',*,*,#354,.F.);
#354 = EDGE_CURVE('',#296,#355,#357,.T.);
#355 = VERTEX_POINT('',#356);
#356 = CARTESIAN_POINT('',(-1.666666666667,2.041077998579E-16,1.3));
#357 = LINE('',#358,#359);
#358 = CARTESIAN_POINT('',(-1.666666666667,2.041077998579E-16,1.3));
#359 = VECTOR('',#360,1.);
#360 = DIRECTION('',(0.707106781187,-8.659560562349E-17,-0.707106781187)
  );
#361 = ORIENTED_EDGE('',*,*,#295,.T.);
#362 = ORIENTED_EDGE('',*,*,#354,.T.);
#363 = ORIENTED_EDGE('',*,*,#364,.F.);
#364 = EDGE_CURVE('',#355,#355,#365,.T.);
#365 = CIRCLE('',#366,1.666666666667);
#366 = AXIS2_PLACEMENT_3D('',#367,#368,#369);
#367 = CARTESIAN_POINT('',(0.,0.,1.3));
#368 = DIRECTION('',(0.,0.,-1.));
#369 = DIRECTION('',(-1.,1.224646799147E-16,0.));
#370 = CONICAL_SURFACE('',#371,1.666666666667,0.785398163397);
#371 = AXIS2_PLACEMENT_3D('',#372,#373,#374);
#372 = CARTESIAN_POINT('',(0.,0.,1.3));
#373 = DIRECTION('',(0.,0.,1.));
#374 = DIRECTION('',(-1.,1.224646799147E-16,0.));
#375 = ADVANCED_FACE('',(#376),#403,.T.);
#376 = FACE_BOUND('',#377,.T.);
#377 = EDGE_LOOP('',(#378,#387,#395,#402));
#378 = ORIENTED_EDGE('',*,*,#379,.T.);
#379 = EDGE_CURVE('',#307,#380,#382,.T.);
#380 = VERTEX_POINT('',#381);
#381 = CARTESIAN_POINT('',(1.464466094067,-2.5,1.525));
#382 = ELLIPSE('',#383,8.117941502193E-02,7.5E-02);
#383 = AXIS2_PLACEMENT_3D('',#384,#385,#386);
#384 = CARTESIAN_POINT('',(1.433400076889,-2.425,1.525));
#385 = DIRECTION('',(0.923879532511,0.382683432365,-0.));
#386 = DIRECTION('',(-0.382683432365,0.923879532511,0.));
#387 = ORIENTED_EDGE('',*,*,#388,.T.);
#388 = EDGE_CURVE('',#380,#389,#391,.T.);
#389 = VERTEX_POINT('',#390);
#390 = CARTESIAN_POINT('',(2.5,-1.464466094067,1.525));
#391 = LINE('',#392,#393);
#392 = CARTESIAN_POINT('',(1.464466094067,-2.5,1.525));
#393 = VECTOR('',#394,1.);
#394 = DIRECTION('',(0.707106781187,0.707106781187,0.));
#395 = ORIENTED_EDGE('',*,*,#396,.F.);
#396 = EDGE_CURVE('',#309,#389,#397,.T.);
#397 = ELLIPSE('',#398,8.117941502193E-02,7.5E-02);
#398 = AXIS2_PLACEMENT_3D('',#399,#400,#401);
#399 = CARTESIAN_POINT('',(2.425,-1.433400076889,1.525));
#400 = DIRECTION('',(0.382683432365,0.923879532511,0.));
#401 = DIRECTION('',(0.923879532511,-0.382683432365,0.));
#402 = ORIENTED_EDGE('',*,*,#306,.F.);
#403 = CYLINDRICAL_SURFACE('',#404,7.5E-02);
#404 = AXIS2_PLACEMENT_3D('',#405,#406,#407);
#405 = CARTESIAN_POINT('',(1.411433085478,-2.446966991411,1.525));
#406 = DIRECTION('',(0.707106781187,0.707106781187,0.));
#407 = DIRECTION('',(0.,-0.,1.));
#408 = ADVANCED_FACE('',(#409),#428,.T.);
#409 = FACE_BOUND('',#410,.T.);
#410 = EDGE_LOOP('',(#411,#420,#426,#427));
#411 = ORIENTED_EDGE('',*,*,#412,.F.);
#412 = EDGE_CURVE('',#413,#333,#415,.T.);
#413 = VERTEX_POINT('',#414);
#414 = CARTESIAN_POINT('',(-2.5,-2.5,1.525));
#415 = ELLIPSE('',#416,0.106066017178,7.5E-02);
#416 = AXIS2_PLACEMENT_3D('',#417,#418,#419);
#417 = CARTESIAN_POINT('',(-2.425,-2.425,1.525));
#418 = DIRECTION('',(-0.707106781187,0.707106781187,0.));
#419 = DIRECTION('',(-0.707106781187,-0.707106781187,0.));
#420 = ORIENTED_EDGE('',*,*,#421,.T.);
#421 = EDGE_CURVE('',#413,#380,#422,.T.);
#422 = LINE('',#423,#424);
#423 = CARTESIAN_POINT('',(-2.5,-2.5,1.525));
#424 = VECTOR('',#425,1.);
#425 = DIRECTION('',(1.,-1.224646799147E-16,0.));
#426 = ORIENTED_EDGE('',*,*,#379,.F.);
#427 = ORIENTED_EDGE('',*,*,#340,.F.);
#428 = CYLINDRICAL_SURFACE('',#429,7.5E-02);
#429 = AXIS2_PLACEMENT_3D('',#430,#431,#432);
#430 = CARTESIAN_POINT('',(-2.5,-2.425,1.525));
#431 = DIRECTION('',(1.,-1.224646799147E-16,0.));
#432 = DIRECTION('',(0.,0.,1.));
#433 = ADVANCED_FACE('',(#434),#453,.T.);
#434 = FACE_BOUND('',#435,.T.);
#435 = EDGE_LOOP('',(#436,#444,#451,#452));
#436 = ORIENTED_EDGE('',*,*,#437,.T.);
#437 = EDGE_CURVE('',#389,#438,#440,.T.);
#438 = VERTEX_POINT('',#439);
#439 = CARTESIAN_POINT('',(2.5,2.5,1.525));
#440 = LINE('',#441,#442);
#441 = CARTESIAN_POINT('',(2.5,-1.464466094067,1.525));
#442 = VECTOR('',#443,1.);
#443 = DIRECTION('',(1.224646799147E-16,1.,0.));
#444 = ORIENTED_EDGE('',*,*,#445,.T.);
#445 = EDGE_CURVE('',#438,#317,#446,.T.);
#446 = ELLIPSE('',#447,0.106066017178,7.5E-02);
#447 = AXIS2_PLACEMENT_3D('',#448,#449,#450);
#448 = CARTESIAN_POINT('',(2.425,2.425,1.525));
#449 = DIRECTION('',(0.707106781187,-0.707106781187,-0.));
#450 = DIRECTION('',(-0.707106781187,-0.707106781187,0.));
#451 = ORIENTED_EDGE('',*,*,#316,.F.);
#452 = ORIENTED_EDGE('',*,*,#396,.T.);
#453 = CYLINDRICAL_SURFACE('',#454,7.5E-02);
#454 = AXIS2_PLACEMENT_3D('',#455,#456,#457);
#455 = CARTESIAN_POINT('',(2.425,-1.464466094067,1.525));
#456 = DIRECTION('',(1.224646799147E-16,1.,0.));
#457 = DIRECTION('',(1.,-1.224646799147E-16,0.));
#458 = ADVANCED_FACE('',(#459),#478,.T.);
#459 = FACE_BOUND('',#460,.T.);
#460 = EDGE_LOOP('',(#461,#469,#470,#471));
#461 = ORIENTED_EDGE('',*,*,#462,.T.);
#462 = EDGE_CURVE('',#463,#413,#465,.T.);
#463 = VERTEX_POINT('',#464);
#464 = CARTESIAN_POINT('',(-2.5,2.5,1.525));
#465 = LINE('',#466,#467);
#466 = CARTESIAN_POINT('',(-2.5,2.5,1.525));
#467 = VECTOR('',#468,1.);
#468 = DIRECTION('',(-1.224646799147E-16,-1.,0.));
#469 = ORIENTED_EDGE('',*,*,#412,.T.);
#470 = ORIENTED_EDGE('',*,*,#332,.F.);
#471 = ORIENTED_EDGE('',*,*,#472,.F.);
#472 = EDGE_CURVE('',#463,#325,#473,.T.);
#473 = ELLIPSE('',#474,0.106066017178,7.5E-02);
#474 = AXIS2_PLACEMENT_3D('',#475,#476,#477);
#475 = CARTESIAN_POINT('',(-2.425,2.425,1.525));
#476 = DIRECTION('',(0.707106781187,0.707106781187,-0.));
#477 = DIRECTION('',(-0.707106781187,0.707106781187,0.));
#478 = CYLINDRICAL_SURFACE('',#479,7.5E-02);
#479 = AXIS2_PLACEMENT_3D('',#480,#481,#482);
#480 = CARTESIAN_POINT('',(-2.425,2.5,1.525));
#481 = DIRECTION('',(-1.224646799147E-16,-1.,0.));
#482 = DIRECTION('',(-1.,1.224646799147E-16,0.));
#483 = ADVANCED_FACE('',(#484),#495,.T.);
#484 = FACE_BOUND('',#485,.T.);
#485 = EDGE_LOOP('',(#486,#492,#493,#494));
#486 = ORIENTED_EDGE('',*,*,#487,.T.);
#487 = EDGE_CURVE('',#438,#463,#488,.T.);
#488 = LINE('',#489,#490);
#489 = CARTESIAN_POINT('',(2.5,2.5,1.525));
#490 = VECTOR('',#491,1.);
#491 = DIRECTION('',(-1.,1.224646799147E-16,0.));
#492 = ORIENTED_EDGE('',*,*,#472,.T.);
#493 = ORIENTED_EDGE('',*,*,#324,.F.);
#494 = ORIENTED_EDGE('',*,*,#445,.F.);
#495 = CYLINDRICAL_SURFACE('',#496,7.5E-02);
#496 = AXIS2_PLACEMENT_3D('',#497,#498,#499);
#497 = CARTESIAN_POINT('',(2.5,2.425,1.525));
#498 = DIRECTION('',(-1.,1.224646799147E-16,0.));
#499 = DIRECTION('',(1.224646799147E-16,1.,0.));
#500 = ADVANCED_FACE('',(#501),#520,.F.);
#501 = FACE_BOUND('',#502,.F.);
#502 = EDGE_LOOP('',(#503,#511,#512,#513));
#503 = ORIENTED_EDGE('',*,*,#504,.T.);
#504 = EDGE_CURVE('',#505,#355,#507,.T.);
#505 = VERTEX_POINT('',#506);
#506 = CARTESIAN_POINT('',(-1.666666666667,2.041077998579E-16,1.225));
#507 = LINE('',#508,#509);
#508 = CARTESIAN_POINT('',(-1.666666666667,2.041077998579E-16,0.85));
#509 = VECTOR('',#510,1.);
#510 = DIRECTION('',(0.,0.,1.));
#511 = ORIENTED_EDGE('',*,*,#364,.T.);
#512 = ORIENTED_EDGE('',*,*,#504,.F.);
#513 = ORIENTED_EDGE('',*,*,#514,.T.);
#514 = EDGE_CURVE('',#505,#505,#515,.T.);
#515 = CIRCLE('',#516,1.666666666667);
#516 = AXIS2_PLACEMENT_3D('',#517,#518,#519);
#517 = CARTESIAN_POINT('',(0.,0.,1.225));
#518 = DIRECTION('',(0.,0.,1.));
#519 = DIRECTION('',(-1.,1.224646799147E-16,0.));
#520 = CYLINDRICAL_SURFACE('',#521,1.666666666667);
#521 = AXIS2_PLACEMENT_3D('',#522,#523,#524);
#522 = CARTESIAN_POINT('',(0.,0.,0.85));
#523 = DIRECTION('',(0.,0.,-1.));
#524 = DIRECTION('',(-1.,1.224646799147E-16,0.));
#525 = ADVANCED_FACE('',(#526),#551,.T.);
#526 = FACE_BOUND('',#527,.T.);
#527 = EDGE_LOOP('',(#528,#536,#544,#550));
#528 = ORIENTED_EDGE('',*,*,#529,.T.);
#529 = EDGE_CURVE('',#380,#530,#532,.T.);
#530 = VERTEX_POINT('',#531);
#531 = CARTESIAN_POINT('',(1.464466094067,-2.5,1.3));
#532 = LINE('',#533,#534);
#533 = CARTESIAN_POINT('',(1.464466094067,-2.5,0.7));
#534 = VECTOR('',#535,1.);
#535 = DIRECTION('',(0.,0.,-1.));
#536 = ORIENTED_EDGE('',*,*,#537,.F.);
#537 = EDGE_CURVE('',#538,#530,#540,.T.);
#538 = VERTEX_POINT('',#539);
#539 = CARTESIAN_POINT('',(2.5,-1.464466094067,1.3));
#540 = LINE('',#541,#542);
#541 = CARTESIAN_POINT('',(3.75,-0.214466094067,1.3));
#542 = VECTOR('',#543,1.);
#543 = DIRECTION('',(-0.707106781187,-0.707106781187,0.));
#544 = ORIENTED_EDGE('',*,*,#545,.T.);
#545 = EDGE_CURVE('',#538,#389,#546,.T.);
#546 = LINE('',#547,#548);
#547 = CARTESIAN_POINT('',(2.5,-1.464466094067,0.7));
#548 = VECTOR('',#549,1.);
#549 = DIRECTION('',(0.,0.,1.));
#550 = ORIENTED_EDGE('',*,*,#388,.F.);
#551 = PLANE('',#552);
#552 = AXIS2_PLACEMENT_3D('',#553,#554,#555);
#553 = CARTESIAN_POINT('',(3.75,-0.214466094067,1.3));
#554 = DIRECTION('',(0.707106781187,-0.707106781187,0.));
#555 = DIRECTION('',(-0.707106781187,-0.707106781187,0.));
#556 = ADVANCED_FACE('',(#557),#591,.F.);
#557 = FACE_BOUND('',#558,.F.);
#558 = EDGE_LOOP('',(#559,#560,#568,#576,#584,#590));
#559 = ORIENTED_EDGE('',*,*,#529,.T.);
#560 = ORIENTED_EDGE('',*,*,#561,.T.);
#561 = EDGE_CURVE('',#530,#562,#564,.T.);
#562 = VERTEX_POINT('',#563);
#563 = CARTESIAN_POINT('',(2.5,-2.5,1.3));
#564 = LINE('',#565,#566);
#565 = CARTESIAN_POINT('',(0.625,-2.5,1.3));
#566 = VECTOR('',#567,1.);
#567 = DIRECTION('',(1.,-1.224646799147E-16,0.));
#568 = ORIENTED_EDGE('',*,*,#569,.F.);
#569 = EDGE_CURVE('',#570,#562,#572,.T.);
#570 = VERTEX_POINT('',#571);
#571 = CARTESIAN_POINT('',(2.5,-2.5,0.1));
#572 = LINE('',#573,#574);
#573 = CARTESIAN_POINT('',(2.5,-2.5,0.1));
#574 = VECTOR('',#575,1.);
#575 = DIRECTION('',(0.,0.,1.));
#576 = ORIENTED_EDGE('',*,*,#577,.F.);
#577 = EDGE_CURVE('',#578,#570,#580,.T.);
#578 = VERTEX_POINT('',#579);
#579 = CARTESIAN_POINT('',(-2.5,-2.5,0.1));
#580 = LINE('',#581,#582);
#581 = CARTESIAN_POINT('',(-2.5,-2.5,0.1));
#582 = VECTOR('',#583,1.);
#583 = DIRECTION('',(1.,-1.224646799147E-16,0.));
#584 = ORIENTED_EDGE('',*,*,#585,.T.);
#585 = EDGE_CURVE('',#578,#413,#586,.T.);
#586 = LINE('',#587,#588);
#587 = CARTESIAN_POINT('',(-2.5,-2.5,0.1));
#588 = VECTOR('',#589,1.);
#589 = DIRECTION('',(0.,0.,1.));
#590 = ORIENTED_EDGE('',*,*,#421,.T.);
#591 = PLANE('',#592);
#592 = AXIS2_PLACEMENT_3D('',#593,#594,#595);
#593 = CARTESIAN_POINT('',(-2.5,-2.5,0.1));
#594 = DIRECTION('',(1.224646799147E-16,1.,0.));
#595 = DIRECTION('',(1.,-1.224646799147E-16,0.));
#596 = ADVANCED_FACE('',(#597,#654,#688),#722,.F.);
#597 = FACE_BOUND('',#598,.F.);
#598 = EDGE_LOOP('',(#599,#607,#615,#623,#631,#639,#645,#646,#652,#653)
  );
#599 = ORIENTED_EDGE('',*,*,#600,.F.);
#600 = EDGE_CURVE('',#601,#438,#603,.T.);
#601 = VERTEX_POINT('',#602);
#602 = CARTESIAN_POINT('',(2.5,2.5,0.1));
#603 = LINE('',#604,#605);
#604 = CARTESIAN_POINT('',(2.5,2.5,0.1));
#605 = VECTOR('',#606,1.);
#606 = DIRECTION('',(0.,0.,1.));
#607 = ORIENTED_EDGE('',*,*,#608,.F.);
#608 = EDGE_CURVE('',#609,#601,#611,.T.);
#609 = VERTEX_POINT('',#610);
#610 = CARTESIAN_POINT('',(2.5,2.1,0.1));
#611 = LINE('',#612,#613);
#612 = CARTESIAN_POINT('',(2.5,-2.5,0.1));
#613 = VECTOR('',#614,1.);
#614 = DIRECTION('',(1.224646799147E-16,1.,0.));
#615 = ORIENTED_EDGE('',*,*,#616,.F.);
#616 = EDGE_CURVE('',#617,#609,#619,.T.);
#617 = VERTEX_POINT('',#618);
#618 = CARTESIAN_POINT('',(2.5,1.2,0.1));
#619 = LINE('',#620,#621);
#620 = CARTESIAN_POINT('',(2.5,-2.5,0.1));
#621 = VECTOR('',#622,1.);
#622 = DIRECTION('',(1.224646799147E-16,1.,0.));
#623 = ORIENTED_EDGE('',*,*,#624,.F.);
#624 = EDGE_CURVE('',#625,#617,#627,.T.);
#625 = VERTEX_POINT('',#626);
#626 = CARTESIAN_POINT('',(2.5,-1.2,0.1));
#627 = LINE('',#628,#629);
#628 = CARTESIAN_POINT('',(2.5,-2.5,0.1));
#629 = VECTOR('',#630,1.);
#630 = DIRECTION('',(1.224646799147E-16,1.,0.));
#631 = ORIENTED_EDGE('',*,*,#632,.F.);
#632 = EDGE_CURVE('',#633,#625,#635,.T.);
#633 = VERTEX_POINT('',#634);
#634 = CARTESIAN_POINT('',(2.5,-2.1,0.1));
#635 = LINE('',#636,#637);
#636 = CARTESIAN_POINT('',(2.5,-2.5,0.1));
#637 = VECTOR('',#638,1.);
#638 = DIRECTION('',(1.224646799147E-16,1.,0.));
#639 = ORIENTED_EDGE('',*,*,#640,.F.);
#640 = EDGE_CURVE('',#570,#633,#641,.T.);
#641 = LINE('',#642,#643);
#642 = CARTESIAN_POINT('',(2.5,-2.5,0.1));
#643 = VECTOR('',#644,1.);
#644 = DIRECTION('',(1.224646799147E-16,1.,0.));
#645 = ORIENTED_EDGE('',*,*,#569,.T.);
#646 = ORIENTED_EDGE('',*,*,#647,.T.);
#647 = EDGE_CURVE('',#562,#538,#648,.T.);
#648 = LINE('',#649,#650);
#649 = CARTESIAN_POINT('',(2.5,-3.125,1.3));
#650 = VECTOR('',#651,1.);
#651 = DIRECTION('',(1.224646799147E-16,1.,0.));
#652 = ORIENTED_EDGE('',*,*,#545,.T.);
#653 = ORIENTED_EDGE('',*,*,#437,.T.);
#654 = FACE_BOUND('',#655,.F.);
#655 = EDGE_LOOP('',(#656,#666,#674,#682));
#656 = ORIENTED_EDGE('',*,*,#657,.T.);
#657 = EDGE_CURVE('',#658,#660,#662,.T.);
#658 = VERTEX_POINT('',#659);
#659 = CARTESIAN_POINT('',(2.5,1.2,0.9));
#660 = VERTEX_POINT('',#661);
#661 = CARTESIAN_POINT('',(2.5,2.1,0.9));
#662 = LINE('',#663,#664);
#663 = CARTESIAN_POINT('',(2.5,-0.425,0.9));
#664 = VECTOR('',#665,1.);
#665 = DIRECTION('',(1.224646799147E-16,1.,-1.556307025767E-32));
#666 = ORIENTED_EDGE('',*,*,#667,.T.);
#667 = EDGE_CURVE('',#660,#668,#670,.T.);
#668 = VERTEX_POINT('',#669);
#669 = CARTESIAN_POINT('',(2.5,2.1,1.));
#670 = LINE('',#671,#672);
#671 = CARTESIAN_POINT('',(2.5,2.1,5.E-02));
#672 = VECTOR('',#673,1.);
#673 = DIRECTION('',(0.,0.,1.));
#674 = ORIENTED_EDGE('',*,*,#675,.F.);
#675 = EDGE_CURVE('',#676,#668,#678,.T.);
#676 = VERTEX_POINT('',#677);
#677 = CARTESIAN_POINT('',(2.5,1.2,1.));
#678 = LINE('',#679,#680);
#679 = CARTESIAN_POINT('',(2.5,-0.425,1.));
#680 = VECTOR('',#681,1.);
#681 = DIRECTION('',(1.224646799147E-16,1.,0.));
#682 = ORIENTED_EDGE('',*,*,#683,.T.);
#683 = EDGE_CURVE('',#676,#658,#684,.T.);
#684 = LINE('',#685,#686);
#685 = CARTESIAN_POINT('',(2.5,1.2,5.E-02));
#686 = VECTOR('',#687,1.);
#687 = DIRECTION('',(-0.,0.,-1.));
#688 = FACE_BOUND('',#689,.F.);
#689 = EDGE_LOOP('',(#690,#700,#708,#716));
#690 = ORIENTED_EDGE('',*,*,#691,.F.);
#691 = EDGE_CURVE('',#692,#694,#696,.T.);
#692 = VERTEX_POINT('',#693);
#693 = CARTESIAN_POINT('',(2.5,-2.1,1.));
#694 = VERTEX_POINT('',#695);
#695 = CARTESIAN_POINT('',(2.5,-1.2,1.));
#696 = LINE('',#697,#698);
#697 = CARTESIAN_POINT('',(2.5,-2.075,1.));
#698 = VECTOR('',#699,1.);
#699 = DIRECTION('',(1.224646799147E-16,1.,0.));
#700 = ORIENTED_EDGE('',*,*,#701,.T.);
#701 = EDGE_CURVE('',#692,#702,#704,.T.);
#702 = VERTEX_POINT('',#703);
#703 = CARTESIAN_POINT('',(2.5,-2.1,0.9));
#704 = LINE('',#705,#706);
#705 = CARTESIAN_POINT('',(2.5,-2.1,5.E-02));
#706 = VECTOR('',#707,1.);
#707 = DIRECTION('',(-0.,0.,-1.));
#708 = ORIENTED_EDGE('',*,*,#709,.T.);
#709 = EDGE_CURVE('',#702,#710,#712,.T.);
#710 = VERTEX_POINT('',#711);
#711 = CARTESIAN_POINT('',(2.5,-1.2,0.9));
#712 = LINE('',#713,#714);
#713 = CARTESIAN_POINT('',(2.5,-2.075,0.9));
#714 = VECTOR('',#715,1.);
#715 = DIRECTION('',(1.224646799147E-16,1.,-3.890767564419E-33));
#716 = ORIENTED_EDGE('',*,*,#717,.T.);
#717 = EDGE_CURVE('',#710,#694,#718,.T.);
#718 = LINE('',#719,#720);
#719 = CARTESIAN_POINT('',(2.5,-1.2,5.E-02));
#720 = VECTOR('',#721,1.);
#721 = DIRECTION('',(0.,0.,1.));
#722 = PLANE('',#723);
#723 = AXIS2_PLACEMENT_3D('',#724,#725,#726);
#724 = CARTESIAN_POINT('',(2.5,-2.5,0.1));
#725 = DIRECTION('',(-1.,1.224646799147E-16,0.));
#726 = DIRECTION('',(1.224646799147E-16,1.,0.));
#727 = ADVANCED_FACE('',(#728,#778,#812),#846,.F.);
#728 = FACE_BOUND('',#729,.F.);
#729 = EDGE_LOOP('',(#730,#738,#739,#740,#748,#756,#764,#772));
#730 = ORIENTED_EDGE('',*,*,#731,.T.);
#731 = EDGE_CURVE('',#732,#463,#734,.T.);
#732 = VERTEX_POINT('',#733);
#733 = CARTESIAN_POINT('',(-2.5,2.5,0.1));
#734 = LINE('',#735,#736);
#735 = CARTESIAN_POINT('',(-2.5,2.5,0.1));
#736 = VECTOR('',#737,1.);
#737 = DIRECTION('',(0.,0.,1.));
#738 = ORIENTED_EDGE('',*,*,#462,.T.);
#739 = ORIENTED_EDGE('',*,*,#585,.F.);
#740 = ORIENTED_EDGE('',*,*,#741,.F.);
#741 = EDGE_CURVE('',#742,#578,#744,.T.);
#742 = VERTEX_POINT('',#743);
#743 = CARTESIAN_POINT('',(-2.5,-2.1,0.1));
#744 = LINE('',#745,#746);
#745 = CARTESIAN_POINT('',(-2.5,2.5,0.1));
#746 = VECTOR('',#747,1.);
#747 = DIRECTION('',(-1.224646799147E-16,-1.,0.));
#748 = ORIENTED_EDGE('',*,*,#749,.F.);
#749 = EDGE_CURVE('',#750,#742,#752,.T.);
#750 = VERTEX_POINT('',#751);
#751 = CARTESIAN_POINT('',(-2.5,-1.2,0.1));
#752 = LINE('',#753,#754);
#753 = CARTESIAN_POINT('',(-2.5,2.5,0.1));
#754 = VECTOR('',#755,1.);
#755 = DIRECTION('',(-1.224646799147E-16,-1.,0.));
#756 = ORIENTED_EDGE('',*,*,#757,.F.);
#757 = EDGE_CURVE('',#758,#750,#760,.T.);
#758 = VERTEX_POINT('',#759);
#759 = CARTESIAN_POINT('',(-2.5,1.2,0.1));
#760 = LINE('',#761,#762);
#761 = CARTESIAN_POINT('',(-2.5,2.5,0.1));
#762 = VECTOR('',#763,1.);
#763 = DIRECTION('',(-1.224646799147E-16,-1.,0.));
#764 = ORIENTED_EDGE('',*,*,#765,.F.);
#765 = EDGE_CURVE('',#766,#758,#768,.T.);
#766 = VERTEX_POINT('',#767);
#767 = CARTESIAN_POINT('',(-2.5,2.1,0.1));
#768 = LINE('',#769,#770);
#769 = CARTESIAN_POINT('',(-2.5,2.5,0.1));
#770 = VECTOR('',#771,1.);
#771 = DIRECTION('',(-1.224646799147E-16,-1.,0.));
#772 = ORIENTED_EDGE('',*,*,#773,.F.);
#773 = EDGE_CURVE('',#732,#766,#774,.T.);
#774 = LINE('',#775,#776);
#775 = CARTESIAN_POINT('',(-2.5,2.5,0.1));
#776 = VECTOR('',#777,1.);
#777 = DIRECTION('',(-1.224646799147E-16,-1.,0.));
#778 = FACE_BOUND('',#779,.F.);
#779 = EDGE_LOOP('',(#780,#790,#798,#806));
#780 = ORIENTED_EDGE('',*,*,#781,.F.);
#781 = EDGE_CURVE('',#782,#784,#786,.T.);
#782 = VERTEX_POINT('',#783);
#783 = CARTESIAN_POINT('',(-2.5,-1.2,1.));
#784 = VERTEX_POINT('',#785);
#785 = CARTESIAN_POINT('',(-2.5,-2.1,1.));
#786 = LINE('',#787,#788);
#787 = CARTESIAN_POINT('',(-2.5,0.425,1.));
#788 = VECTOR('',#789,1.);
#789 = DIRECTION('',(-1.224646799147E-16,-1.,0.));
#790 = ORIENTED_EDGE('',*,*,#791,.T.);
#791 = EDGE_CURVE('',#782,#792,#794,.T.);
#792 = VERTEX_POINT('',#793);
#793 = CARTESIAN_POINT('',(-2.5,-1.2,0.9));
#794 = LINE('',#795,#796);
#795 = CARTESIAN_POINT('',(-2.5,-1.2,5.E-02));
#796 = VECTOR('',#797,1.);
#797 = DIRECTION('',(-0.,0.,-1.));
#798 = ORIENTED_EDGE('',*,*,#799,.T.);
#799 = EDGE_CURVE('',#792,#800,#802,.T.);
#800 = VERTEX_POINT('',#801);
#801 = CARTESIAN_POINT('',(-2.5,-2.1,0.9));
#802 = LINE('',#803,#804);
#803 = CARTESIAN_POINT('',(-2.5,0.425,0.9));
#804 = VECTOR('',#805,1.);
#805 = DIRECTION('',(-1.224646799147E-16,-1.,3.890767564419E-33));
#806 = ORIENTED_EDGE('',*,*,#807,.T.);
#807 = EDGE_CURVE('',#800,#784,#808,.T.);
#808 = LINE('',#809,#810);
#809 = CARTESIAN_POINT('',(-2.5,-2.1,5.E-02));
#810 = VECTOR('',#811,1.);
#811 = DIRECTION('',(0.,0.,1.));
#812 = FACE_BOUND('',#813,.F.);
#813 = EDGE_LOOP('',(#814,#824,#832,#840));
#814 = ORIENTED_EDGE('',*,*,#815,.F.);
#815 = EDGE_CURVE('',#816,#818,#820,.T.);
#816 = VERTEX_POINT('',#817);
#817 = CARTESIAN_POINT('',(-2.5,2.1,1.));
#818 = VERTEX_POINT('',#819);
#819 = CARTESIAN_POINT('',(-2.5,1.2,1.));
#820 = LINE('',#821,#822);
#821 = CARTESIAN_POINT('',(-2.5,2.075,1.));
#822 = VECTOR('',#823,1.);
#823 = DIRECTION('',(-1.224646799147E-16,-1.,0.));
#824 = ORIENTED_EDGE('',*,*,#825,.T.);
#825 = EDGE_CURVE('',#816,#826,#828,.T.);
#826 = VERTEX_POINT('',#827);
#827 = CARTESIAN_POINT('',(-2.5,2.1,0.9));
#828 = LINE('',#829,#830);
#829 = CARTESIAN_POINT('',(-2.5,2.1,5.E-02));
#830 = VECTOR('',#831,1.);
#831 = DIRECTION('',(-0.,0.,-1.));
#832 = ORIENTED_EDGE('',*,*,#833,.T.);
#833 = EDGE_CURVE('',#826,#834,#836,.T.);
#834 = VERTEX_POINT('',#835);
#835 = CARTESIAN_POINT('',(-2.5,1.2,0.9));
#836 = LINE('',#837,#838);
#837 = CARTESIAN_POINT('',(-2.5,2.075,0.9));
#838 = VECTOR('',#839,1.);
#839 = DIRECTION('',(-1.224646799147E-16,-1.,1.556307025767E-32));
#840 = ORIENTED_EDGE('',*,*,#841,.T.);
#841 = EDGE_CURVE('',#834,#818,#842,.T.);
#842 = LINE('',#843,#844);
#843 = CARTESIAN_POINT('',(-2.5,1.2,5.E-02));
#844 = VECTOR('',#845,1.);
#845 = DIRECTION('',(0.,0.,1.));
#846 = PLANE('',#847);
#847 = AXIS2_PLACEMENT_3D('',#848,#849,#850);
#848 = CARTESIAN_POINT('',(-2.5,2.5,0.1));
#849 = DIRECTION('',(1.,-1.224646799147E-16,0.));
#850 = DIRECTION('',(-1.224646799147E-16,-1.,0.));
#851 = ADVANCED_FACE('',(#852),#863,.F.);
#852 = FACE_BOUND('',#853,.F.);
#853 = EDGE_LOOP('',(#854,#855,#856,#857));
#854 = ORIENTED_EDGE('',*,*,#600,.T.);
#855 = ORIENTED_EDGE('',*,*,#487,.T.);
#856 = ORIENTED_EDGE('',*,*,#731,.F.);
#857 = ORIENTED_EDGE('',*,*,#858,.F.);
#858 = EDGE_CURVE('',#601,#732,#859,.T.);
#859 = LINE('',#860,#861);
#860 = CARTESIAN_POINT('',(2.5,2.5,0.1));
#861 = VECTOR('',#862,1.);
#862 = DIRECTION('',(-1.,1.224646799147E-16,0.));
#863 = PLANE('',#864);
#864 = AXIS2_PLACEMENT_3D('',#865,#866,#867);
#865 = CARTESIAN_POINT('',(2.5,2.5,0.1));
#866 = DIRECTION('',(-1.224646799147E-16,-1.,0.));
#867 = DIRECTION('',(-1.,1.224646799147E-16,0.));
#868 = ADVANCED_FACE('',(#869),#872,.T.);
#869 = FACE_BOUND('',#870,.T.);
#870 = EDGE_LOOP('',(#871));
#871 = ORIENTED_EDGE('',*,*,#514,.T.);
#872 = PLANE('',#873);
#873 = AXIS2_PLACEMENT_3D('',#874,#875,#876);
#874 = CARTESIAN_POINT('',(1.538370149107E-16,-1.370800865949E-16,1.225)
  );
#875 = DIRECTION('',(0.,0.,1.));
#876 = DIRECTION('',(-1.,1.224646799147E-16,0.));
#877 = ADVANCED_FACE('',(#878),#883,.T.);
#878 = FACE_BOUND('',#879,.T.);
#879 = EDGE_LOOP('',(#880,#881,#882));
#880 = ORIENTED_EDGE('',*,*,#647,.T.);
#881 = ORIENTED_EDGE('',*,*,#537,.T.);
#882 = ORIENTED_EDGE('',*,*,#561,.T.);
#883 = PLANE('',#884);
#884 = AXIS2_PLACEMENT_3D('',#885,#886,#887);
#885 = CARTESIAN_POINT('',(3.75,-3.75,1.3));
#886 = DIRECTION('',(0.,0.,1.));
#887 = DIRECTION('',(-0.707106781187,-0.707106781187,0.));
#888 = ADVANCED_FACE('',(#889),#1051,.F.);
#889 = FACE_BOUND('',#890,.F.);
#890 = EDGE_LOOP('',(#891,#892,#893,#894,#902,#910,#918,#926,#932,#933,
    #941,#949,#957,#965,#971,#972,#973,#974,#982,#990,#998,#1006,#1012,
    #1013,#1021,#1029,#1037,#1045));
#891 = ORIENTED_EDGE('',*,*,#608,.T.);
#892 = ORIENTED_EDGE('',*,*,#858,.T.);
#893 = ORIENTED_EDGE('',*,*,#773,.T.);
#894 = ORIENTED_EDGE('',*,*,#895,.F.);
#895 = EDGE_CURVE('',#896,#766,#898,.T.);
#896 = VERTEX_POINT('',#897);
#897 = CARTESIAN_POINT('',(-1.95,2.1,0.1));
#898 = LINE('',#899,#900);
#899 = CARTESIAN_POINT('',(-2.025,2.1,0.1));
#900 = VECTOR('',#901,1.);
#901 = DIRECTION('',(-1.,1.224646799147E-16,-4.996063166392E-32));
#902 = ORIENTED_EDGE('',*,*,#903,.T.);
#903 = EDGE_CURVE('',#896,#904,#906,.T.);
#904 = VERTEX_POINT('',#905);
#905 = CARTESIAN_POINT('',(-1.8,2.1,0.1));
#906 = LINE('',#907,#908);
#907 = CARTESIAN_POINT('',(-0.9,2.1,0.1));
#908 = VECTOR('',#909,1.);
#909 = DIRECTION('',(1.,-1.224646799147E-16,0.));
#910 = ORIENTED_EDGE('',*,*,#911,.T.);
#911 = EDGE_CURVE('',#904,#912,#914,.T.);
#912 = VERTEX_POINT('',#913);
#913 = CARTESIAN_POINT('',(-1.8,1.2,0.1));
#914 = LINE('',#915,#916);
#915 = CARTESIAN_POINT('',(-1.8,0.6,0.1));
#916 = VECTOR('',#917,1.);
#917 = DIRECTION('',(-1.224646799147E-16,-1.,0.));
#918 = ORIENTED_EDGE('',*,*,#919,.T.);
#919 = EDGE_CURVE('',#912,#920,#922,.T.);
#920 = VERTEX_POINT('',#921);
#921 = CARTESIAN_POINT('',(-1.95,1.2,0.1));
#922 = LINE('',#923,#924);
#923 = CARTESIAN_POINT('',(-1.35,1.2,0.1));
#924 = VECTOR('',#925,1.);
#925 = DIRECTION('',(-1.,1.224646799147E-16,0.));
#926 = ORIENTED_EDGE('',*,*,#927,.F.);
#927 = EDGE_CURVE('',#758,#920,#928,.T.);
#928 = LINE('',#929,#930);
#929 = CARTESIAN_POINT('',(-2.475,1.2,0.1));
#930 = VECTOR('',#931,1.);
#931 = DIRECTION('',(1.,-1.224646799147E-16,4.996063166392E-32));
#932 = ORIENTED_EDGE('',*,*,#757,.T.);
#933 = ORIENTED_EDGE('',*,*,#934,.F.);
#934 = EDGE_CURVE('',#935,#750,#937,.T.);
#935 = VERTEX_POINT('',#936);
#936 = CARTESIAN_POINT('',(-1.95,-1.2,0.1));
#937 = LINE('',#938,#939);
#938 = CARTESIAN_POINT('',(-2.025,-1.2,0.1));
#939 = VECTOR('',#940,1.);
#940 = DIRECTION('',(-1.,1.224646799147E-16,-4.996063166392E-32));
#941 = ORIENTED_EDGE('',*,*,#942,.T.);
#942 = EDGE_CURVE('',#935,#943,#945,.T.);
#943 = VERTEX_POINT('',#944);
#944 = CARTESIAN_POINT('',(-1.8,-1.2,0.1));
#945 = LINE('',#946,#947);
#946 = CARTESIAN_POINT('',(-0.9,-1.2,0.1));
#947 = VECTOR('',#948,1.);
#948 = DIRECTION('',(1.,-1.224646799147E-16,0.));
#949 = ORIENTED_EDGE('',*,*,#950,.T.);
#950 = EDGE_CURVE('',#943,#951,#953,.T.);
#951 = VERTEX_POINT('',#952);
#952 = CARTESIAN_POINT('',(-1.8,-2.1,0.1));
#953 = LINE('',#954,#955);
#954 = CARTESIAN_POINT('',(-1.8,-1.05,0.1));
#955 = VECTOR('',#956,1.);
#956 = DIRECTION('',(-1.224646799147E-16,-1.,0.));
#957 = ORIENTED_EDGE('',*,*,#958,.T.);
#958 = EDGE_CURVE('',#951,#959,#961,.T.);
#959 = VERTEX_POINT('',#960);
#960 = CARTESIAN_POINT('',(-1.95,-2.1,0.1));
#961 = LINE('',#962,#963);
#962 = CARTESIAN_POINT('',(-1.35,-2.1,0.1));
#963 = VECTOR('',#964,1.);
#964 = DIRECTION('',(-1.,1.224646799147E-16,0.));
#965 = ORIENTED_EDGE('',*,*,#966,.F.);
#966 = EDGE_CURVE('',#742,#959,#967,.T.);
#967 = LINE('',#968,#969);
#968 = CARTESIAN_POINT('',(-2.475,-2.1,0.1));
#969 = VECTOR('',#970,1.);
#970 = DIRECTION('',(1.,-1.224646799147E-16,4.996063166392E-32));
#971 = ORIENTED_EDGE('',*,*,#741,.T.);
#972 = ORIENTED_EDGE('',*,*,#577,.T.);
#973 = ORIENTED_EDGE('',*,*,#640,.T.);
#974 = ORIENTED_EDGE('',*,*,#975,.F.);
#975 = EDGE_CURVE('',#976,#633,#978,.T.);
#976 = VERTEX_POINT('',#977);
#977 = CARTESIAN_POINT('',(1.95,-2.1,0.1));
#978 = LINE('',#979,#980);
#979 = CARTESIAN_POINT('',(2.025,-2.1,0.1));
#980 = VECTOR('',#981,1.);
#981 = DIRECTION('',(1.,-1.224646799147E-16,-4.996063166392E-32));
#982 = ORIENTED_EDGE('',*,*,#983,.T.);
#983 = EDGE_CURVE('',#976,#984,#986,.T.);
#984 = VERTEX_POINT('',#985);
#985 = CARTESIAN_POINT('',(1.8,-2.1,0.1));
#986 = LINE('',#987,#988);
#987 = CARTESIAN_POINT('',(0.9,-2.1,0.1));
#988 = VECTOR('',#989,1.);
#989 = DIRECTION('',(-1.,1.224646799147E-16,0.));
#990 = ORIENTED_EDGE('',*,*,#991,.T.);
#991 = EDGE_CURVE('',#984,#992,#994,.T.);
#992 = VERTEX_POINT('',#993);
#993 = CARTESIAN_POINT('',(1.8,-1.2,0.1));
#994 = LINE('',#995,#996);
#995 = CARTESIAN_POINT('',(1.8,-0.6,0.1));
#996 = VECTOR('',#997,1.);
#997 = DIRECTION('',(1.224646799147E-16,1.,0.));
#998 = ORIENTED_EDGE('',*,*,#999,.T.);
#999 = EDGE_CURVE('',#992,#1000,#1002,.T.);
#1000 = VERTEX_POINT('',#1001);
#1001 = CARTESIAN_POINT('',(1.95,-1.2,0.1));
#1002 = LINE('',#1003,#1004);
#1003 = CARTESIAN_POINT('',(1.35,-1.2,0.1));
#1004 = VECTOR('',#1005,1.);
#1005 = DIRECTION('',(1.,-1.224646799147E-16,0.));
#1006 = ORIENTED_EDGE('',*,*,#1007,.F.);
#1007 = EDGE_CURVE('',#625,#1000,#1008,.T.);
#1008 = LINE('',#1009,#1010);
#1009 = CARTESIAN_POINT('',(2.475,-1.2,0.1));
#1010 = VECTOR('',#1011,1.);
#1011 = DIRECTION('',(-1.,1.224646799147E-16,4.996063166392E-32));
#1012 = ORIENTED_EDGE('',*,*,#624,.T.);
#1013 = ORIENTED_EDGE('',*,*,#1014,.F.);
#1014 = EDGE_CURVE('',#1015,#617,#1017,.T.);
#1015 = VERTEX_POINT('',#1016);
#1016 = CARTESIAN_POINT('',(1.95,1.2,0.1));
#1017 = LINE('',#1018,#1019);
#1018 = CARTESIAN_POINT('',(2.025,1.2,0.1));
#1019 = VECTOR('',#1020,1.);
#1020 = DIRECTION('',(1.,-1.224646799147E-16,-4.996063166392E-32));
#1021 = ORIENTED_EDGE('',*,*,#1022,.T.);
#1022 = EDGE_CURVE('',#1015,#1023,#1025,.T.);
#1023 = VERTEX_POINT('',#1024);
#1024 = CARTESIAN_POINT('',(1.8,1.2,0.1));
#1025 = LINE('',#1026,#1027);
#1026 = CARTESIAN_POINT('',(0.9,1.2,0.1));
#1027 = VECTOR('',#1028,1.);
#1028 = DIRECTION('',(-1.,1.224646799147E-16,0.));
#1029 = ORIENTED_EDGE('',*,*,#1030,.T.);
#1030 = EDGE_CURVE('',#1023,#1031,#1033,.T.);
#1031 = VERTEX_POINT('',#1032);
#1032 = CARTESIAN_POINT('',(1.8,2.1,0.1));
#1033 = LINE('',#1034,#1035);
#1034 = CARTESIAN_POINT('',(1.8,1.05,0.1));
#1035 = VECTOR('',#1036,1.);
#1036 = DIRECTION('',(1.224646799147E-16,1.,0.));
#1037 = ORIENTED_EDGE('',*,*,#1038,.T.);
#1038 = EDGE_CURVE('',#1031,#1039,#1041,.T.);
#1039 = VERTEX_POINT('',#1040);
#1040 = CARTESIAN_POINT('',(1.95,2.1,0.1));
#1041 = LINE('',#1042,#1043);
#1042 = CARTESIAN_POINT('',(1.35,2.1,0.1));
#1043 = VECTOR('',#1044,1.);
#1044 = DIRECTION('',(1.,-1.224646799147E-16,0.));
#1045 = ORIENTED_EDGE('',*,*,#1046,.F.);
#1046 = EDGE_CURVE('',#609,#1039,#1047,.T.);
#1047 = LINE('',#1048,#1049);
#1048 = CARTESIAN_POINT('',(2.475,2.1,0.1));
#1049 = VECTOR('',#1050,1.);
#1050 = DIRECTION('',(-1.,1.224646799147E-16,4.996063166392E-32));
#1051 = PLANE('',#1052);
#1052 = AXIS2_PLACEMENT_3D('',#1053,#1054,#1055);
#1053 = CARTESIAN_POINT('',(0.,0.,0.1));
#1054 = DIRECTION('',(0.,0.,1.));
#1055 = DIRECTION('',(-1.,1.224646799147E-16,0.));
#1056 = ADVANCED_FACE('',(#1057),#1082,.T.);
#1057 = FACE_BOUND('',#1058,.T.);
#1058 = EDGE_LOOP('',(#1059,#1069,#1075,#1076));
#1059 = ORIENTED_EDGE('',*,*,#1060,.T.);
#1060 = EDGE_CURVE('',#1061,#1063,#1065,.T.);
#1061 = VERTEX_POINT('',#1062);
#1062 = CARTESIAN_POINT('',(2.55,1.2,0.1));
#1063 = VERTEX_POINT('',#1064);
#1064 = CARTESIAN_POINT('',(2.55,2.1,0.1));
#1065 = LINE('',#1066,#1067);
#1066 = CARTESIAN_POINT('',(2.55,1.1,0.1));
#1067 = VECTOR('',#1068,1.);
#1068 = DIRECTION('',(1.224646799147E-16,1.,0.));
#1069 = ORIENTED_EDGE('',*,*,#1070,.T.);
#1070 = EDGE_CURVE('',#1063,#609,#1071,.T.);
#1071 = LINE('',#1072,#1073);
#1072 = CARTESIAN_POINT('',(2.475,2.1,0.1));
#1073 = VECTOR('',#1074,1.);
#1074 = DIRECTION('',(-1.,1.224646799147E-16,4.996063166392E-32));
#1075 = ORIENTED_EDGE('',*,*,#616,.F.);
#1076 = ORIENTED_EDGE('',*,*,#1077,.T.);
#1077 = EDGE_CURVE('',#617,#1061,#1078,.T.);
#1078 = LINE('',#1079,#1080);
#1079 = CARTESIAN_POINT('',(2.025,1.2,0.1));
#1080 = VECTOR('',#1081,1.);
#1081 = DIRECTION('',(1.,-1.224646799147E-16,-4.996063166392E-32));
#1082 = PLANE('',#1083);
#1083 = AXIS2_PLACEMENT_3D('',#1084,#1085,#1086);
#1084 = CARTESIAN_POINT('',(2.25,1.65,0.1));
#1085 = DIRECTION('',(4.996063166392E-32,1.556307025767E-32,1.));
#1086 = DIRECTION('',(-1.,1.224646799147E-16,4.996063166392E-32));
#1087 = ADVANCED_FACE('',(#1088),#1113,.T.);
#1088 = FACE_BOUND('',#1089,.T.);
#1089 = EDGE_LOOP('',(#1090,#1100,#1106,#1107));
#1090 = ORIENTED_EDGE('',*,*,#1091,.T.);
#1091 = EDGE_CURVE('',#1092,#1094,#1096,.T.);
#1092 = VERTEX_POINT('',#1093);
#1093 = CARTESIAN_POINT('',(2.55,-2.1,0.1));
#1094 = VERTEX_POINT('',#1095);
#1095 = CARTESIAN_POINT('',(2.55,-1.2,0.1));
#1096 = LINE('',#1097,#1098);
#1097 = CARTESIAN_POINT('',(2.55,-2.2,0.1));
#1098 = VECTOR('',#1099,1.);
#1099 = DIRECTION('',(1.224646799147E-16,1.,0.));
#1100 = ORIENTED_EDGE('',*,*,#1101,.T.);
#1101 = EDGE_CURVE('',#1094,#625,#1102,.T.);
#1102 = LINE('',#1103,#1104);
#1103 = CARTESIAN_POINT('',(2.475,-1.2,0.1));
#1104 = VECTOR('',#1105,1.);
#1105 = DIRECTION('',(-1.,1.224646799147E-16,4.996063166392E-32));
#1106 = ORIENTED_EDGE('',*,*,#632,.F.);
#1107 = ORIENTED_EDGE('',*,*,#1108,.T.);
#1108 = EDGE_CURVE('',#633,#1092,#1109,.T.);
#1109 = LINE('',#1110,#1111);
#1110 = CARTESIAN_POINT('',(2.025,-2.1,0.1));
#1111 = VECTOR('',#1112,1.);
#1112 = DIRECTION('',(1.,-1.224646799147E-16,-4.996063166392E-32));
#1113 = PLANE('',#1114);
#1114 = AXIS2_PLACEMENT_3D('',#1115,#1116,#1117);
#1115 = CARTESIAN_POINT('',(2.25,-1.65,0.1));
#1116 = DIRECTION('',(4.996063166392E-32,3.890767564419E-33,1.));
#1117 = DIRECTION('',(-1.,1.224646799147E-16,4.996063166392E-32));
#1118 = ADVANCED_FACE('',(#1119),#1144,.F.);
#1119 = FACE_BOUND('',#1120,.F.);
#1120 = EDGE_LOOP('',(#1121,#1131,#1137,#1138));
#1121 = ORIENTED_EDGE('',*,*,#1122,.T.);
#1122 = EDGE_CURVE('',#1123,#1125,#1127,.T.);
#1123 = VERTEX_POINT('',#1124);
#1124 = CARTESIAN_POINT('',(2.55,1.2,0.9));
#1125 = VERTEX_POINT('',#1126);
#1126 = CARTESIAN_POINT('',(2.55,2.1,0.9));
#1127 = LINE('',#1128,#1129);
#1128 = CARTESIAN_POINT('',(2.55,1.1,0.9));
#1129 = VECTOR('',#1130,1.);
#1130 = DIRECTION('',(1.224646799147E-16,1.,0.));
#1131 = ORIENTED_EDGE('',*,*,#1132,.T.);
#1132 = EDGE_CURVE('',#1125,#660,#1133,.T.);
#1133 = LINE('',#1134,#1135);
#1134 = CARTESIAN_POINT('',(2.475,2.1,0.9));
#1135 = VECTOR('',#1136,1.);
#1136 = DIRECTION('',(-1.,1.224646799147E-16,4.996063166392E-32));
#1137 = ORIENTED_EDGE('',*,*,#657,.F.);
#1138 = ORIENTED_EDGE('',*,*,#1139,.T.);
#1139 = EDGE_CURVE('',#658,#1123,#1140,.T.);
#1140 = LINE('',#1141,#1142);
#1141 = CARTESIAN_POINT('',(2.025,1.2,0.9));
#1142 = VECTOR('',#1143,1.);
#1143 = DIRECTION('',(1.,-1.224646799147E-16,-4.996063166392E-32));
#1144 = PLANE('',#1145);
#1145 = AXIS2_PLACEMENT_3D('',#1146,#1147,#1148);
#1146 = CARTESIAN_POINT('',(2.25,1.65,0.9));
#1147 = DIRECTION('',(4.996063166392E-32,1.556307025767E-32,1.));
#1148 = DIRECTION('',(-1.,1.224646799147E-16,4.996063166392E-32));
#1149 = ADVANCED_FACE('',(#1150),#1229,.F.);
#1150 = FACE_BOUND('',#1151,.F.);
#1151 = EDGE_LOOP('',(#1152,#1162,#1171,#1179,#1185,#1186,#1187,#1188,
    #1197,#1205,#1212,#1213,#1214,#1222));
#1152 = ORIENTED_EDGE('',*,*,#1153,.F.);
#1153 = EDGE_CURVE('',#1154,#1156,#1158,.T.);
#1154 = VERTEX_POINT('',#1155);
#1155 = CARTESIAN_POINT('',(2.7,1.2,5.E-02));
#1156 = VERTEX_POINT('',#1157);
#1157 = CARTESIAN_POINT('',(2.7,1.2,0.95));
#1158 = LINE('',#1159,#1160);
#1159 = CARTESIAN_POINT('',(2.7,1.2,0.));
#1160 = VECTOR('',#1161,1.);
#1161 = DIRECTION('',(0.,0.,1.));
#1162 = ORIENTED_EDGE('',*,*,#1163,.T.);
#1163 = EDGE_CURVE('',#1154,#1164,#1166,.T.);
#1164 = VERTEX_POINT('',#1165);
#1165 = CARTESIAN_POINT('',(2.65,1.2,-6.938893903907E-18));
#1166 = CIRCLE('',#1167,5.E-02);
#1167 = AXIS2_PLACEMENT_3D('',#1168,#1169,#1170);
#1168 = CARTESIAN_POINT('',(2.65,1.2,5.E-02));
#1169 = DIRECTION('',(1.224646799147E-16,1.,0.));
#1170 = DIRECTION('',(0.,0.,-1.));
#1171 = ORIENTED_EDGE('',*,*,#1172,.F.);
#1172 = EDGE_CURVE('',#1173,#1164,#1175,.T.);
#1173 = VERTEX_POINT('',#1174);
#1174 = CARTESIAN_POINT('',(1.8,1.2,0.));
#1175 = LINE('',#1176,#1177);
#1176 = CARTESIAN_POINT('',(1.8,1.2,0.));
#1177 = VECTOR('',#1178,1.);
#1178 = DIRECTION('',(1.,-1.224646799147E-16,0.));
#1179 = ORIENTED_EDGE('',*,*,#1180,.T.);
#1180 = EDGE_CURVE('',#1173,#1023,#1181,.T.);
#1181 = LINE('',#1182,#1183);
#1182 = CARTESIAN_POINT('',(1.8,1.2,0.));
#1183 = VECTOR('',#1184,1.);
#1184 = DIRECTION('',(0.,0.,1.));
#1185 = ORIENTED_EDGE('',*,*,#1022,.F.);
#1186 = ORIENTED_EDGE('',*,*,#1014,.T.);
#1187 = ORIENTED_EDGE('',*,*,#1077,.T.);
#1188 = ORIENTED_EDGE('',*,*,#1189,.F.);
#1189 = EDGE_CURVE('',#1190,#1061,#1192,.T.);
#1190 = VERTEX_POINT('',#1191);
#1191 = CARTESIAN_POINT('',(2.6,1.2,0.15));
#1192 = CIRCLE('',#1193,5.E-02);
#1193 = AXIS2_PLACEMENT_3D('',#1194,#1195,#1196);
#1194 = CARTESIAN_POINT('',(2.55,1.2,0.15));
#1195 = DIRECTION('',(1.224646799147E-16,1.,0.));
#1196 = DIRECTION('',(1.,-1.224646799147E-16,0.));
#1197 = ORIENTED_EDGE('',*,*,#1198,.T.);
#1198 = EDGE_CURVE('',#1190,#1199,#1201,.T.);
#1199 = VERTEX_POINT('',#1200);
#1200 = CARTESIAN_POINT('',(2.6,1.2,0.85));
#1201 = LINE('',#1202,#1203);
#1202 = CARTESIAN_POINT('',(2.6,1.2,5.E-02));
#1203 = VECTOR('',#1204,1.);
#1204 = DIRECTION('',(0.,0.,1.));
#1205 = ORIENTED_EDGE('',*,*,#1206,.F.);
#1206 = EDGE_CURVE('',#1123,#1199,#1207,.T.);
#1207 = CIRCLE('',#1208,5.E-02);
#1208 = AXIS2_PLACEMENT_3D('',#1209,#1210,#1211);
#1209 = CARTESIAN_POINT('',(2.55,1.2,0.85));
#1210 = DIRECTION('',(1.224646799147E-16,1.,0.));
#1211 = DIRECTION('',(1.,-1.224646799147E-16,0.));
#1212 = ORIENTED_EDGE('',*,*,#1139,.F.);
#1213 = ORIENTED_EDGE('',*,*,#683,.F.);
#1214 = ORIENTED_EDGE('',*,*,#1215,.T.);
#1215 = EDGE_CURVE('',#676,#1216,#1218,.T.);
#1216 = VERTEX_POINT('',#1217);
#1217 = CARTESIAN_POINT('',(2.65,1.2,1.));
#1218 = LINE('',#1219,#1220);
#1219 = CARTESIAN_POINT('',(1.8,1.2,1.));
#1220 = VECTOR('',#1221,1.);
#1221 = DIRECTION('',(1.,-1.224646799147E-16,0.));
#1222 = ORIENTED_EDGE('',*,*,#1223,.F.);
#1223 = EDGE_CURVE('',#1156,#1216,#1224,.T.);
#1224 = CIRCLE('',#1225,5.E-02);
#1225 = AXIS2_PLACEMENT_3D('',#1226,#1227,#1228);
#1226 = CARTESIAN_POINT('',(2.65,1.2,0.95));
#1227 = DIRECTION('',(-1.224646799147E-16,-1.,0.));
#1228 = DIRECTION('',(-0.,0.,-1.));
#1229 = PLANE('',#1230);
#1230 = AXIS2_PLACEMENT_3D('',#1231,#1232,#1233);
#1231 = CARTESIAN_POINT('',(1.8,1.2,0.));
#1232 = DIRECTION('',(1.224646799147E-16,1.,0.));
#1233 = DIRECTION('',(1.,-1.224646799147E-16,0.));
#1234 = ADVANCED_FACE('',(#1235),#1253,.T.);
#1235 = FACE_BOUND('',#1236,.T.);
#1236 = EDGE_LOOP('',(#1237,#1245,#1251,#1252));
#1237 = ORIENTED_EDGE('',*,*,#1238,.T.);
#1238 = EDGE_CURVE('',#1216,#1239,#1241,.T.);
#1239 = VERTEX_POINT('',#1240);
#1240 = CARTESIAN_POINT('',(2.65,2.1,1.));
#1241 = LINE('',#1242,#1243);
#1242 = CARTESIAN_POINT('',(2.65,1.2,1.));
#1243 = VECTOR('',#1244,1.);
#1244 = DIRECTION('',(1.224646799147E-16,1.,0.));
#1245 = ORIENTED_EDGE('',*,*,#1246,.T.);
#1246 = EDGE_CURVE('',#1239,#668,#1247,.T.);
#1247 = LINE('',#1248,#1249);
#1248 = CARTESIAN_POINT('',(2.7,2.1,1.));
#1249 = VECTOR('',#1250,1.);
#1250 = DIRECTION('',(-1.,1.224646799147E-16,0.));
#1251 = ORIENTED_EDGE('',*,*,#675,.F.);
#1252 = ORIENTED_EDGE('',*,*,#1215,.T.);
#1253 = PLANE('',#1254);
#1254 = AXIS2_PLACEMENT_3D('',#1255,#1256,#1257);
#1255 = CARTESIAN_POINT('',(2.25,1.65,1.));
#1256 = DIRECTION('',(0.,0.,1.));
#1257 = DIRECTION('',(-1.,1.224646799147E-16,0.));
#1258 = ADVANCED_FACE('',(#1259),#1331,.F.);
#1259 = FACE_BOUND('',#1260,.F.);
#1260 = EDGE_LOOP('',(#1261,#1272,#1280,#1287,#1288,#1289,#1290,#1299,
    #1307,#1314,#1315,#1316,#1317,#1325));
#1261 = ORIENTED_EDGE('',*,*,#1262,.F.);
#1262 = EDGE_CURVE('',#1263,#1265,#1267,.T.);
#1263 = VERTEX_POINT('',#1264);
#1264 = CARTESIAN_POINT('',(2.7,2.1,5.E-02));
#1265 = VERTEX_POINT('',#1266);
#1266 = CARTESIAN_POINT('',(2.65,2.1,-6.938893903907E-18));
#1267 = CIRCLE('',#1268,5.E-02);
#1268 = AXIS2_PLACEMENT_3D('',#1269,#1270,#1271);
#1269 = CARTESIAN_POINT('',(2.65,2.1,5.E-02));
#1270 = DIRECTION('',(1.224646799147E-16,1.,0.));
#1271 = DIRECTION('',(0.,0.,-1.));
#1272 = ORIENTED_EDGE('',*,*,#1273,.T.);
#1273 = EDGE_CURVE('',#1263,#1274,#1276,.T.);
#1274 = VERTEX_POINT('',#1275);
#1275 = CARTESIAN_POINT('',(2.7,2.1,0.95));
#1276 = LINE('',#1277,#1278);
#1277 = CARTESIAN_POINT('',(2.7,2.1,0.));
#1278 = VECTOR('',#1279,1.);
#1279 = DIRECTION('',(0.,0.,1.));
#1280 = ORIENTED_EDGE('',*,*,#1281,.T.);
#1281 = EDGE_CURVE('',#1274,#1239,#1282,.T.);
#1282 = CIRCLE('',#1283,5.E-02);
#1283 = AXIS2_PLACEMENT_3D('',#1284,#1285,#1286);
#1284 = CARTESIAN_POINT('',(2.65,2.1,0.95));
#1285 = DIRECTION('',(-1.224646799147E-16,-1.,0.));
#1286 = DIRECTION('',(-0.,0.,-1.));
#1287 = ORIENTED_EDGE('',*,*,#1246,.T.);
#1288 = ORIENTED_EDGE('',*,*,#667,.F.);
#1289 = ORIENTED_EDGE('',*,*,#1132,.F.);
#1290 = ORIENTED_EDGE('',*,*,#1291,.T.);
#1291 = EDGE_CURVE('',#1125,#1292,#1294,.T.);
#1292 = VERTEX_POINT('',#1293);
#1293 = CARTESIAN_POINT('',(2.6,2.1,0.85));
#1294 = CIRCLE('',#1295,5.E-02);
#1295 = AXIS2_PLACEMENT_3D('',#1296,#1297,#1298);
#1296 = CARTESIAN_POINT('',(2.55,2.1,0.85));
#1297 = DIRECTION('',(1.224646799147E-16,1.,0.));
#1298 = DIRECTION('',(1.,-1.224646799147E-16,0.));
#1299 = ORIENTED_EDGE('',*,*,#1300,.T.);
#1300 = EDGE_CURVE('',#1292,#1301,#1303,.T.);
#1301 = VERTEX_POINT('',#1302);
#1302 = CARTESIAN_POINT('',(2.6,2.1,0.15));
#1303 = LINE('',#1304,#1305);
#1304 = CARTESIAN_POINT('',(2.6,2.1,5.E-02));
#1305 = VECTOR('',#1306,1.);
#1306 = DIRECTION('',(0.,-0.,-1.));
#1307 = ORIENTED_EDGE('',*,*,#1308,.T.);
#1308 = EDGE_CURVE('',#1301,#1063,#1309,.T.);
#1309 = CIRCLE('',#1310,5.E-02);
#1310 = AXIS2_PLACEMENT_3D('',#1311,#1312,#1313);
#1311 = CARTESIAN_POINT('',(2.55,2.1,0.15));
#1312 = DIRECTION('',(1.224646799147E-16,1.,0.));
#1313 = DIRECTION('',(1.,-1.224646799147E-16,0.));
#1314 = ORIENTED_EDGE('',*,*,#1070,.T.);
#1315 = ORIENTED_EDGE('',*,*,#1046,.T.);
#1316 = ORIENTED_EDGE('',*,*,#1038,.F.);
#1317 = ORIENTED_EDGE('',*,*,#1318,.F.);
#1318 = EDGE_CURVE('',#1319,#1031,#1321,.T.);
#1319 = VERTEX_POINT('',#1320);
#1320 = CARTESIAN_POINT('',(1.8,2.1,0.));
#1321 = LINE('',#1322,#1323);
#1322 = CARTESIAN_POINT('',(1.8,2.1,0.));
#1323 = VECTOR('',#1324,1.);
#1324 = DIRECTION('',(0.,0.,1.));
#1325 = ORIENTED_EDGE('',*,*,#1326,.F.);
#1326 = EDGE_CURVE('',#1265,#1319,#1327,.T.);
#1327 = LINE('',#1328,#1329);
#1328 = CARTESIAN_POINT('',(2.7,2.1,0.));
#1329 = VECTOR('',#1330,1.);
#1330 = DIRECTION('',(-1.,1.224646799147E-16,0.));
#1331 = PLANE('',#1332);
#1332 = AXIS2_PLACEMENT_3D('',#1333,#1334,#1335);
#1333 = CARTESIAN_POINT('',(2.7,2.1,0.));
#1334 = DIRECTION('',(-1.224646799147E-16,-1.,0.));
#1335 = DIRECTION('',(-1.,1.224646799147E-16,0.));
#1336 = ADVANCED_FACE('',(#1337),#1362,.T.);
#1337 = FACE_BOUND('',#1338,.T.);
#1338 = EDGE_LOOP('',(#1339,#1349,#1355,#1356));
#1339 = ORIENTED_EDGE('',*,*,#1340,.T.);
#1340 = EDGE_CURVE('',#1341,#1343,#1345,.T.);
#1341 = VERTEX_POINT('',#1342);
#1342 = CARTESIAN_POINT('',(2.65,-2.1,1.));
#1343 = VERTEX_POINT('',#1344);
#1344 = CARTESIAN_POINT('',(2.65,-1.2,1.));
#1345 = LINE('',#1346,#1347);
#1346 = CARTESIAN_POINT('',(2.65,-2.1,1.));
#1347 = VECTOR('',#1348,1.);
#1348 = DIRECTION('',(1.224646799147E-16,1.,0.));
#1349 = ORIENTED_EDGE('',*,*,#1350,.T.);
#1350 = EDGE_CURVE('',#1343,#694,#1351,.T.);
#1351 = LINE('',#1352,#1353);
#1352 = CARTESIAN_POINT('',(2.7,-1.2,1.));
#1353 = VECTOR('',#1354,1.);
#1354 = DIRECTION('',(-1.,1.224646799147E-16,0.));
#1355 = ORIENTED_EDGE('',*,*,#691,.F.);
#1356 = ORIENTED_EDGE('',*,*,#1357,.T.);
#1357 = EDGE_CURVE('',#692,#1341,#1358,.T.);
#1358 = LINE('',#1359,#1360);
#1359 = CARTESIAN_POINT('',(1.8,-2.1,1.));
#1360 = VECTOR('',#1361,1.);
#1361 = DIRECTION('',(1.,-1.224646799147E-16,0.));
#1362 = PLANE('',#1363);
#1363 = AXIS2_PLACEMENT_3D('',#1364,#1365,#1366);
#1364 = CARTESIAN_POINT('',(2.25,-1.65,1.));
#1365 = DIRECTION('',(0.,0.,1.));
#1366 = DIRECTION('',(-1.,1.224646799147E-16,0.));
#1367 = ADVANCED_FACE('',(#1368),#1447,.F.);
#1368 = FACE_BOUND('',#1369,.F.);
#1369 = EDGE_LOOP('',(#1370,#1381,#1389,#1396,#1397,#1398,#1406,#1415,
    #1423,#1430,#1431,#1432,#1433,#1441));
#1370 = ORIENTED_EDGE('',*,*,#1371,.F.);
#1371 = EDGE_CURVE('',#1372,#1374,#1376,.T.);
#1372 = VERTEX_POINT('',#1373);
#1373 = CARTESIAN_POINT('',(2.7,-1.2,5.E-02));
#1374 = VERTEX_POINT('',#1375);
#1375 = CARTESIAN_POINT('',(2.65,-1.2,-6.938893903907E-18));
#1376 = CIRCLE('',#1377,5.E-02);
#1377 = AXIS2_PLACEMENT_3D('',#1378,#1379,#1380);
#1378 = CARTESIAN_POINT('',(2.65,-1.2,5.E-02));
#1379 = DIRECTION('',(1.224646799147E-16,1.,0.));
#1380 = DIRECTION('',(0.,0.,-1.));
#1381 = ORIENTED_EDGE('',*,*,#1382,.T.);
#1382 = EDGE_CURVE('',#1372,#1383,#1385,.T.);
#1383 = VERTEX_POINT('',#1384);
#1384 = CARTESIAN_POINT('',(2.7,-1.2,0.95));
#1385 = LINE('',#1386,#1387);
#1386 = CARTESIAN_POINT('',(2.7,-1.2,0.));
#1387 = VECTOR('',#1388,1.);
#1388 = DIRECTION('',(0.,0.,1.));
#1389 = ORIENTED_EDGE('',*,*,#1390,.T.);
#1390 = EDGE_CURVE('',#1383,#1343,#1391,.T.);
#1391 = CIRCLE('',#1392,5.E-02);
#1392 = AXIS2_PLACEMENT_3D('',#1393,#1394,#1395);
#1393 = CARTESIAN_POINT('',(2.65,-1.2,0.95));
#1394 = DIRECTION('',(-1.224646799147E-16,-1.,0.));
#1395 = DIRECTION('',(-0.,0.,-1.));
#1396 = ORIENTED_EDGE('',*,*,#1350,.T.);
#1397 = ORIENTED_EDGE('',*,*,#717,.F.);
#1398 = ORIENTED_EDGE('',*,*,#1399,.F.);
#1399 = EDGE_CURVE('',#1400,#710,#1402,.T.);
#1400 = VERTEX_POINT('',#1401);
#1401 = CARTESIAN_POINT('',(2.55,-1.2,0.9));
#1402 = LINE('',#1403,#1404);
#1403 = CARTESIAN_POINT('',(2.475,-1.2,0.9));
#1404 = VECTOR('',#1405,1.);
#1405 = DIRECTION('',(-1.,1.224646799147E-16,4.996063166392E-32));
#1406 = ORIENTED_EDGE('',*,*,#1407,.T.);
#1407 = EDGE_CURVE('',#1400,#1408,#1410,.T.);
#1408 = VERTEX_POINT('',#1409);
#1409 = CARTESIAN_POINT('',(2.6,-1.2,0.85));
#1410 = CIRCLE('',#1411,5.E-02);
#1411 = AXIS2_PLACEMENT_3D('',#1412,#1413,#1414);
#1412 = CARTESIAN_POINT('',(2.55,-1.2,0.85));
#1413 = DIRECTION('',(1.224646799147E-16,1.,0.));
#1414 = DIRECTION('',(1.,-1.224646799147E-16,0.));
#1415 = ORIENTED_EDGE('',*,*,#1416,.T.);
#1416 = EDGE_CURVE('',#1408,#1417,#1419,.T.);
#1417 = VERTEX_POINT('',#1418);
#1418 = CARTESIAN_POINT('',(2.6,-1.2,0.15));
#1419 = LINE('',#1420,#1421);
#1420 = CARTESIAN_POINT('',(2.6,-1.2,5.E-02));
#1421 = VECTOR('',#1422,1.);
#1422 = DIRECTION('',(0.,-0.,-1.));
#1423 = ORIENTED_EDGE('',*,*,#1424,.T.);
#1424 = EDGE_CURVE('',#1417,#1094,#1425,.T.);
#1425 = CIRCLE('',#1426,5.E-02);
#1426 = AXIS2_PLACEMENT_3D('',#1427,#1428,#1429);
#1427 = CARTESIAN_POINT('',(2.55,-1.2,0.15));
#1428 = DIRECTION('',(1.224646799147E-16,1.,0.));
#1429 = DIRECTION('',(1.,-1.224646799147E-16,0.));
#1430 = ORIENTED_EDGE('',*,*,#1101,.T.);
#1431 = ORIENTED_EDGE('',*,*,#1007,.T.);
#1432 = ORIENTED_EDGE('',*,*,#999,.F.);
#1433 = ORIENTED_EDGE('',*,*,#1434,.F.);
#1434 = EDGE_CURVE('',#1435,#992,#1437,.T.);
#1435 = VERTEX_POINT('',#1436);
#1436 = CARTESIAN_POINT('',(1.8,-1.2,0.));
#1437 = LINE('',#1438,#1439);
#1438 = CARTESIAN_POINT('',(1.8,-1.2,0.));
#1439 = VECTOR('',#1440,1.);
#1440 = DIRECTION('',(0.,0.,1.));
#1441 = ORIENTED_EDGE('',*,*,#1442,.F.);
#1442 = EDGE_CURVE('',#1374,#1435,#1443,.T.);
#1443 = LINE('',#1444,#1445);
#1444 = CARTESIAN_POINT('',(2.7,-1.2,0.));
#1445 = VECTOR('',#1446,1.);
#1446 = DIRECTION('',(-1.,1.224646799147E-16,0.));
#1447 = PLANE('',#1448);
#1448 = AXIS2_PLACEMENT_3D('',#1449,#1450,#1451);
#1449 = CARTESIAN_POINT('',(2.7,-1.2,0.));
#1450 = DIRECTION('',(-1.224646799147E-16,-1.,0.));
#1451 = DIRECTION('',(-1.,1.224646799147E-16,0.));
#1452 = ADVANCED_FACE('',(#1453),#1471,.F.);
#1453 = FACE_BOUND('',#1454,.F.);
#1454 = EDGE_LOOP('',(#1455,#1463,#1464,#1465));
#1455 = ORIENTED_EDGE('',*,*,#1456,.T.);
#1456 = EDGE_CURVE('',#1457,#1400,#1459,.T.);
#1457 = VERTEX_POINT('',#1458);
#1458 = CARTESIAN_POINT('',(2.55,-2.1,0.9));
#1459 = LINE('',#1460,#1461);
#1460 = CARTESIAN_POINT('',(2.55,-2.2,0.9));
#1461 = VECTOR('',#1462,1.);
#1462 = DIRECTION('',(1.224646799147E-16,1.,0.));
#1463 = ORIENTED_EDGE('',*,*,#1399,.T.);
#1464 = ORIENTED_EDGE('',*,*,#709,.F.);
#1465 = ORIENTED_EDGE('',*,*,#1466,.T.);
#1466 = EDGE_CURVE('',#702,#1457,#1467,.T.);
#1467 = LINE('',#1468,#1469);
#1468 = CARTESIAN_POINT('',(2.025,-2.1,0.9));
#1469 = VECTOR('',#1470,1.);
#1470 = DIRECTION('',(1.,-1.224646799147E-16,-4.996063166392E-32));
#1471 = PLANE('',#1472);
#1472 = AXIS2_PLACEMENT_3D('',#1473,#1474,#1475);
#1473 = CARTESIAN_POINT('',(2.25,-1.65,0.9));
#1474 = DIRECTION('',(4.996063166392E-32,3.890767564419E-33,1.));
#1475 = DIRECTION('',(-1.,1.224646799147E-16,4.996063166392E-32));
#1476 = ADVANCED_FACE('',(#1477),#1549,.F.);
#1477 = FACE_BOUND('',#1478,.F.);
#1478 = EDGE_LOOP('',(#1479,#1489,#1498,#1506,#1512,#1513,#1514,#1515,
    #1524,#1532,#1539,#1540,#1541,#1542));
#1479 = ORIENTED_EDGE('',*,*,#1480,.F.);
#1480 = EDGE_CURVE('',#1481,#1483,#1485,.T.);
#1481 = VERTEX_POINT('',#1482);
#1482 = CARTESIAN_POINT('',(2.7,-2.1,5.E-02));
#1483 = VERTEX_POINT('',#1484);
#1484 = CARTESIAN_POINT('',(2.7,-2.1,0.95));
#1485 = LINE('',#1486,#1487);
#1486 = CARTESIAN_POINT('',(2.7,-2.1,0.));
#1487 = VECTOR('',#1488,1.);
#1488 = DIRECTION('',(0.,0.,1.));
#1489 = ORIENTED_EDGE('',*,*,#1490,.T.);
#1490 = EDGE_CURVE('',#1481,#1491,#1493,.T.);
#1491 = VERTEX_POINT('',#1492);
#1492 = CARTESIAN_POINT('',(2.65,-2.1,-6.938893903907E-18));
#1493 = CIRCLE('',#1494,5.E-02);
#1494 = AXIS2_PLACEMENT_3D('',#1495,#1496,#1497);
#1495 = CARTESIAN_POINT('',(2.65,-2.1,5.E-02));
#1496 = DIRECTION('',(1.224646799147E-16,1.,0.));
#1497 = DIRECTION('',(0.,0.,-1.));
#1498 = ORIENTED_EDGE('',*,*,#1499,.F.);
#1499 = EDGE_CURVE('',#1500,#1491,#1502,.T.);
#1500 = VERTEX_POINT('',#1501);
#1501 = CARTESIAN_POINT('',(1.8,-2.1,0.));
#1502 = LINE('',#1503,#1504);
#1503 = CARTESIAN_POINT('',(1.8,-2.1,0.));
#1504 = VECTOR('',#1505,1.);
#1505 = DIRECTION('',(1.,-1.224646799147E-16,0.));
#1506 = ORIENTED_EDGE('',*,*,#1507,.T.);
#1507 = EDGE_CURVE('',#1500,#984,#1508,.T.);
#1508 = LINE('',#1509,#1510);
#1509 = CARTESIAN_POINT('',(1.8,-2.1,0.));
#1510 = VECTOR('',#1511,1.);
#1511 = DIRECTION('',(0.,0.,1.));
#1512 = ORIENTED_EDGE('',*,*,#983,.F.);
#1513 = ORIENTED_EDGE('',*,*,#975,.T.);
#1514 = ORIENTED_EDGE('',*,*,#1108,.T.);
#1515 = ORIENTED_EDGE('',*,*,#1516,.F.);
#1516 = EDGE_CURVE('',#1517,#1092,#1519,.T.);
#1517 = VERTEX_POINT('',#1518);
#1518 = CARTESIAN_POINT('',(2.6,-2.1,0.15));
#1519 = CIRCLE('',#1520,5.E-02);
#1520 = AXIS2_PLACEMENT_3D('',#1521,#1522,#1523);
#1521 = CARTESIAN_POINT('',(2.55,-2.1,0.15));
#1522 = DIRECTION('',(1.224646799147E-16,1.,0.));
#1523 = DIRECTION('',(1.,-1.224646799147E-16,0.));
#1524 = ORIENTED_EDGE('',*,*,#1525,.T.);
#1525 = EDGE_CURVE('',#1517,#1526,#1528,.T.);
#1526 = VERTEX_POINT('',#1527);
#1527 = CARTESIAN_POINT('',(2.6,-2.1,0.85));
#1528 = LINE('',#1529,#1530);
#1529 = CARTESIAN_POINT('',(2.6,-2.1,5.E-02));
#1530 = VECTOR('',#1531,1.);
#1531 = DIRECTION('',(0.,0.,1.));
#1532 = ORIENTED_EDGE('',*,*,#1533,.F.);
#1533 = EDGE_CURVE('',#1457,#1526,#1534,.T.);
#1534 = CIRCLE('',#1535,5.E-02);
#1535 = AXIS2_PLACEMENT_3D('',#1536,#1537,#1538);
#1536 = CARTESIAN_POINT('',(2.55,-2.1,0.85));
#1537 = DIRECTION('',(1.224646799147E-16,1.,0.));
#1538 = DIRECTION('',(1.,-1.224646799147E-16,0.));
#1539 = ORIENTED_EDGE('',*,*,#1466,.F.);
#1540 = ORIENTED_EDGE('',*,*,#701,.F.);
#1541 = ORIENTED_EDGE('',*,*,#1357,.T.);
#1542 = ORIENTED_EDGE('',*,*,#1543,.F.);
#1543 = EDGE_CURVE('',#1483,#1341,#1544,.T.);
#1544 = CIRCLE('',#1545,5.E-02);
#1545 = AXIS2_PLACEMENT_3D('',#1546,#1547,#1548);
#1546 = CARTESIAN_POINT('',(2.65,-2.1,0.95));
#1547 = DIRECTION('',(-1.224646799147E-16,-1.,0.));
#1548 = DIRECTION('',(-0.,0.,-1.));
#1549 = PLANE('',#1550);
#1550 = AXIS2_PLACEMENT_3D('',#1551,#1552,#1553);
#1551 = CARTESIAN_POINT('',(1.8,-2.1,0.));
#1552 = DIRECTION('',(1.224646799147E-16,1.,0.));
#1553 = DIRECTION('',(1.,-1.224646799147E-16,0.));
#1554 = ADVANCED_FACE('',(#1555),#1580,.T.);
#1555 = FACE_BOUND('',#1556,.T.);
#1556 = EDGE_LOOP('',(#1557,#1558,#1566,#1574));
#1557 = ORIENTED_EDGE('',*,*,#765,.F.);
#1558 = ORIENTED_EDGE('',*,*,#1559,.T.);
#1559 = EDGE_CURVE('',#766,#1560,#1562,.T.);
#1560 = VERTEX_POINT('',#1561);
#1561 = CARTESIAN_POINT('',(-2.55,2.1,0.1));
#1562 = LINE('',#1563,#1564);
#1563 = CARTESIAN_POINT('',(-2.025,2.1,0.1));
#1564 = VECTOR('',#1565,1.);
#1565 = DIRECTION('',(-1.,1.224646799147E-16,-4.996063166392E-32));
#1566 = ORIENTED_EDGE('',*,*,#1567,.T.);
#1567 = EDGE_CURVE('',#1560,#1568,#1570,.T.);
#1568 = VERTEX_POINT('',#1569);
#1569 = CARTESIAN_POINT('',(-2.55,1.2,0.1));
#1570 = LINE('',#1571,#1572);
#1571 = CARTESIAN_POINT('',(-2.55,2.2,0.1));
#1572 = VECTOR('',#1573,1.);
#1573 = DIRECTION('',(-1.224646799147E-16,-1.,0.));
#1574 = ORIENTED_EDGE('',*,*,#1575,.T.);
#1575 = EDGE_CURVE('',#1568,#758,#1576,.T.);
#1576 = LINE('',#1577,#1578);
#1577 = CARTESIAN_POINT('',(-2.475,1.2,0.1));
#1578 = VECTOR('',#1579,1.);
#1579 = DIRECTION('',(1.,-1.224646799147E-16,4.996063166392E-32));
#1580 = PLANE('',#1581);
#1581 = AXIS2_PLACEMENT_3D('',#1582,#1583,#1584);
#1582 = CARTESIAN_POINT('',(-2.25,1.65,0.1));
#1583 = DIRECTION('',(-4.996063166392E-32,1.556307025767E-32,1.));
#1584 = DIRECTION('',(-1.,1.224646799147E-16,-4.996063166392E-32));
#1585 = ADVANCED_FACE('',(#1586),#1611,.T.);
#1586 = FACE_BOUND('',#1587,.T.);
#1587 = EDGE_LOOP('',(#1588,#1589,#1597,#1605));
#1588 = ORIENTED_EDGE('',*,*,#749,.F.);
#1589 = ORIENTED_EDGE('',*,*,#1590,.T.);
#1590 = EDGE_CURVE('',#750,#1591,#1593,.T.);
#1591 = VERTEX_POINT('',#1592);
#1592 = CARTESIAN_POINT('',(-2.55,-1.2,0.1));
#1593 = LINE('',#1594,#1595);
#1594 = CARTESIAN_POINT('',(-2.025,-1.2,0.1));
#1595 = VECTOR('',#1596,1.);
#1596 = DIRECTION('',(-1.,1.224646799147E-16,-4.996063166392E-32));
#1597 = ORIENTED_EDGE('',*,*,#1598,.T.);
#1598 = EDGE_CURVE('',#1591,#1599,#1601,.T.);
#1599 = VERTEX_POINT('',#1600);
#1600 = CARTESIAN_POINT('',(-2.55,-2.1,0.1));
#1601 = LINE('',#1602,#1603);
#1602 = CARTESIAN_POINT('',(-2.55,-1.1,0.1));
#1603 = VECTOR('',#1604,1.);
#1604 = DIRECTION('',(-1.224646799147E-16,-1.,0.));
#1605 = ORIENTED_EDGE('',*,*,#1606,.T.);
#1606 = EDGE_CURVE('',#1599,#742,#1607,.T.);
#1607 = LINE('',#1608,#1609);
#1608 = CARTESIAN_POINT('',(-2.475,-2.1,0.1));
#1609 = VECTOR('',#1610,1.);
#1610 = DIRECTION('',(1.,-1.224646799147E-16,4.996063166392E-32));
#1611 = PLANE('',#1612);
#1612 = AXIS2_PLACEMENT_3D('',#1613,#1614,#1615);
#1613 = CARTESIAN_POINT('',(-2.25,-1.65,0.1));
#1614 = DIRECTION('',(-4.996063166392E-32,3.890767564419E-33,1.));
#1615 = DIRECTION('',(-1.,1.224646799147E-16,-4.996063166392E-32));
#1616 = ADVANCED_FACE('',(#1617),#1642,.T.);
#1617 = FACE_BOUND('',#1618,.T.);
#1618 = EDGE_LOOP('',(#1619,#1620,#1628,#1636));
#1619 = ORIENTED_EDGE('',*,*,#781,.F.);
#1620 = ORIENTED_EDGE('',*,*,#1621,.T.);
#1621 = EDGE_CURVE('',#782,#1622,#1624,.T.);
#1622 = VERTEX_POINT('',#1623);
#1623 = CARTESIAN_POINT('',(-2.65,-1.2,1.));
#1624 = LINE('',#1625,#1626);
#1625 = CARTESIAN_POINT('',(-1.8,-1.2,1.));
#1626 = VECTOR('',#1627,1.);
#1627 = DIRECTION('',(-1.,1.224646799147E-16,0.));
#1628 = ORIENTED_EDGE('',*,*,#1629,.T.);
#1629 = EDGE_CURVE('',#1622,#1630,#1632,.T.);
#1630 = VERTEX_POINT('',#1631);
#1631 = CARTESIAN_POINT('',(-2.65,-2.1,1.));
#1632 = LINE('',#1633,#1634);
#1633 = CARTESIAN_POINT('',(-2.65,-1.2,1.));
#1634 = VECTOR('',#1635,1.);
#1635 = DIRECTION('',(-1.224646799147E-16,-1.,0.));
#1636 = ORIENTED_EDGE('',*,*,#1637,.T.);
#1637 = EDGE_CURVE('',#1630,#784,#1638,.T.);
#1638 = LINE('',#1639,#1640);
#1639 = CARTESIAN_POINT('',(-2.7,-2.1,1.));
#1640 = VECTOR('',#1641,1.);
#1641 = DIRECTION('',(1.,-1.224646799147E-16,0.));
#1642 = PLANE('',#1643);
#1643 = AXIS2_PLACEMENT_3D('',#1644,#1645,#1646);
#1644 = CARTESIAN_POINT('',(-2.25,-1.65,1.));
#1645 = DIRECTION('',(0.,0.,1.));
#1646 = DIRECTION('',(-1.,1.224646799147E-16,0.));
#1647 = ADVANCED_FACE('',(#1648),#1727,.F.);
#1648 = FACE_BOUND('',#1649,.F.);
#1649 = EDGE_LOOP('',(#1650,#1661,#1669,#1676,#1677,#1678,#1686,#1695,
    #1703,#1710,#1711,#1712,#1713,#1721));
#1650 = ORIENTED_EDGE('',*,*,#1651,.F.);
#1651 = EDGE_CURVE('',#1652,#1654,#1656,.T.);
#1652 = VERTEX_POINT('',#1653);
#1653 = CARTESIAN_POINT('',(-2.7,-2.1,5.E-02));
#1654 = VERTEX_POINT('',#1655);
#1655 = CARTESIAN_POINT('',(-2.65,-2.1,-6.938893903907E-18));
#1656 = CIRCLE('',#1657,5.E-02);
#1657 = AXIS2_PLACEMENT_3D('',#1658,#1659,#1660);
#1658 = CARTESIAN_POINT('',(-2.65,-2.1,5.E-02));
#1659 = DIRECTION('',(-1.224646799147E-16,-1.,0.));
#1660 = DIRECTION('',(0.,0.,1.));
#1661 = ORIENTED_EDGE('',*,*,#1662,.T.);
#1662 = EDGE_CURVE('',#1652,#1663,#1665,.T.);
#1663 = VERTEX_POINT('',#1664);
#1664 = CARTESIAN_POINT('',(-2.7,-2.1,0.95));
#1665 = LINE('',#1666,#1667);
#1666 = CARTESIAN_POINT('',(-2.7,-2.1,0.));
#1667 = VECTOR('',#1668,1.);
#1668 = DIRECTION('',(0.,0.,1.));
#1669 = ORIENTED_EDGE('',*,*,#1670,.F.);
#1670 = EDGE_CURVE('',#1630,#1663,#1671,.T.);
#1671 = CIRCLE('',#1672,5.E-02);
#1672 = AXIS2_PLACEMENT_3D('',#1673,#1674,#1675);
#1673 = CARTESIAN_POINT('',(-2.65,-2.1,0.95));
#1674 = DIRECTION('',(-1.224646799147E-16,-1.,0.));
#1675 = DIRECTION('',(0.,0.,1.));
#1676 = ORIENTED_EDGE('',*,*,#1637,.T.);
#1677 = ORIENTED_EDGE('',*,*,#807,.F.);
#1678 = ORIENTED_EDGE('',*,*,#1679,.F.);
#1679 = EDGE_CURVE('',#1680,#800,#1682,.T.);
#1680 = VERTEX_POINT('',#1681);
#1681 = CARTESIAN_POINT('',(-2.55,-2.1,0.9));
#1682 = LINE('',#1683,#1684);
#1683 = CARTESIAN_POINT('',(-2.475,-2.1,0.9));
#1684 = VECTOR('',#1685,1.);
#1685 = DIRECTION('',(1.,-1.224646799147E-16,4.996063166392E-32));
#1686 = ORIENTED_EDGE('',*,*,#1687,.T.);
#1687 = EDGE_CURVE('',#1680,#1688,#1690,.T.);
#1688 = VERTEX_POINT('',#1689);
#1689 = CARTESIAN_POINT('',(-2.6,-2.1,0.85));
#1690 = CIRCLE('',#1691,5.E-02);
#1691 = AXIS2_PLACEMENT_3D('',#1692,#1693,#1694);
#1692 = CARTESIAN_POINT('',(-2.55,-2.1,0.85));
#1693 = DIRECTION('',(-1.224646799147E-16,-1.,0.));
#1694 = DIRECTION('',(-1.,1.224646799147E-16,0.));
#1695 = ORIENTED_EDGE('',*,*,#1696,.T.);
#1696 = EDGE_CURVE('',#1688,#1697,#1699,.T.);
#1697 = VERTEX_POINT('',#1698);
#1698 = CARTESIAN_POINT('',(-2.6,-2.1,0.15));
#1699 = LINE('',#1700,#1701);
#1700 = CARTESIAN_POINT('',(-2.6,-2.1,5.E-02));
#1701 = VECTOR('',#1702,1.);
#1702 = DIRECTION('',(0.,0.,-1.));
#1703 = ORIENTED_EDGE('',*,*,#1704,.T.);
#1704 = EDGE_CURVE('',#1697,#1599,#1705,.T.);
#1705 = CIRCLE('',#1706,5.E-02);
#1706 = AXIS2_PLACEMENT_3D('',#1707,#1708,#1709);
#1707 = CARTESIAN_POINT('',(-2.55,-2.1,0.15));
#1708 = DIRECTION('',(-1.224646799147E-16,-1.,0.));
#1709 = DIRECTION('',(4.996063166392E-32,-6.118412765058E-48,-1.));
#1710 = ORIENTED_EDGE('',*,*,#1606,.T.);
#1711 = ORIENTED_EDGE('',*,*,#966,.T.);
#1712 = ORIENTED_EDGE('',*,*,#958,.F.);
#1713 = ORIENTED_EDGE('',*,*,#1714,.F.);
#1714 = EDGE_CURVE('',#1715,#951,#1717,.T.);
#1715 = VERTEX_POINT('',#1716);
#1716 = CARTESIAN_POINT('',(-1.8,-2.1,0.));
#1717 = LINE('',#1718,#1719);
#1718 = CARTESIAN_POINT('',(-1.8,-2.1,0.));
#1719 = VECTOR('',#1720,1.);
#1720 = DIRECTION('',(0.,0.,1.));
#1721 = ORIENTED_EDGE('',*,*,#1722,.F.);
#1722 = EDGE_CURVE('',#1654,#1715,#1723,.T.);
#1723 = LINE('',#1724,#1725);
#1724 = CARTESIAN_POINT('',(-2.7,-2.1,0.));
#1725 = VECTOR('',#1726,1.);
#1726 = DIRECTION('',(1.,-1.224646799147E-16,0.));
#1727 = PLANE('',#1728);
#1728 = AXIS2_PLACEMENT_3D('',#1729,#1730,#1731);
#1729 = CARTESIAN_POINT('',(-2.7,-2.1,0.));
#1730 = DIRECTION('',(1.224646799147E-16,1.,0.));
#1731 = DIRECTION('',(1.,-1.224646799147E-16,0.));
#1732 = ADVANCED_FACE('',(#1733),#1751,.F.);
#1733 = FACE_BOUND('',#1734,.F.);
#1734 = EDGE_LOOP('',(#1735,#1736,#1744,#1750));
#1735 = ORIENTED_EDGE('',*,*,#799,.F.);
#1736 = ORIENTED_EDGE('',*,*,#1737,.T.);
#1737 = EDGE_CURVE('',#792,#1738,#1740,.T.);
#1738 = VERTEX_POINT('',#1739);
#1739 = CARTESIAN_POINT('',(-2.55,-1.2,0.9));
#1740 = LINE('',#1741,#1742);
#1741 = CARTESIAN_POINT('',(-2.025,-1.2,0.9));
#1742 = VECTOR('',#1743,1.);
#1743 = DIRECTION('',(-1.,1.224646799147E-16,-4.996063166392E-32));
#1744 = ORIENTED_EDGE('',*,*,#1745,.T.);
#1745 = EDGE_CURVE('',#1738,#1680,#1746,.T.);
#1746 = LINE('',#1747,#1748);
#1747 = CARTESIAN_POINT('',(-2.55,-1.1,0.9));
#1748 = VECTOR('',#1749,1.);
#1749 = DIRECTION('',(-1.224646799147E-16,-1.,0.));
#1750 = ORIENTED_EDGE('',*,*,#1679,.T.);
#1751 = PLANE('',#1752);
#1752 = AXIS2_PLACEMENT_3D('',#1753,#1754,#1755);
#1753 = CARTESIAN_POINT('',(-2.25,-1.65,0.9));
#1754 = DIRECTION('',(-4.996063166392E-32,3.890767564419E-33,1.));
#1755 = DIRECTION('',(-1.,1.224646799147E-16,-4.996063166392E-32));
#1756 = ADVANCED_FACE('',(#1757),#1829,.F.);
#1757 = FACE_BOUND('',#1758,.F.);
#1758 = EDGE_LOOP('',(#1759,#1769,#1778,#1786,#1792,#1793,#1794,#1795,
    #1804,#1812,#1819,#1820,#1821,#1822));
#1759 = ORIENTED_EDGE('',*,*,#1760,.F.);
#1760 = EDGE_CURVE('',#1761,#1763,#1765,.T.);
#1761 = VERTEX_POINT('',#1762);
#1762 = CARTESIAN_POINT('',(-2.7,-1.2,5.E-02));
#1763 = VERTEX_POINT('',#1764);
#1764 = CARTESIAN_POINT('',(-2.7,-1.2,0.95));
#1765 = LINE('',#1766,#1767);
#1766 = CARTESIAN_POINT('',(-2.7,-1.2,0.));
#1767 = VECTOR('',#1768,1.);
#1768 = DIRECTION('',(0.,0.,1.));
#1769 = ORIENTED_EDGE('',*,*,#1770,.T.);
#1770 = EDGE_CURVE('',#1761,#1771,#1773,.T.);
#1771 = VERTEX_POINT('',#1772);
#1772 = CARTESIAN_POINT('',(-2.65,-1.2,-6.938893903907E-18));
#1773 = CIRCLE('',#1774,5.E-02);
#1774 = AXIS2_PLACEMENT_3D('',#1775,#1776,#1777);
#1775 = CARTESIAN_POINT('',(-2.65,-1.2,5.E-02));
#1776 = DIRECTION('',(-1.224646799147E-16,-1.,0.));
#1777 = DIRECTION('',(0.,0.,1.));
#1778 = ORIENTED_EDGE('',*,*,#1779,.F.);
#1779 = EDGE_CURVE('',#1780,#1771,#1782,.T.);
#1780 = VERTEX_POINT('',#1781);
#1781 = CARTESIAN_POINT('',(-1.8,-1.2,0.));
#1782 = LINE('',#1783,#1784);
#1783 = CARTESIAN_POINT('',(-1.8,-1.2,0.));
#1784 = VECTOR('',#1785,1.);
#1785 = DIRECTION('',(-1.,1.224646799147E-16,0.));
#1786 = ORIENTED_EDGE('',*,*,#1787,.T.);
#1787 = EDGE_CURVE('',#1780,#943,#1788,.T.);
#1788 = LINE('',#1789,#1790);
#1789 = CARTESIAN_POINT('',(-1.8,-1.2,0.));
#1790 = VECTOR('',#1791,1.);
#1791 = DIRECTION('',(0.,0.,1.));
#1792 = ORIENTED_EDGE('',*,*,#942,.F.);
#1793 = ORIENTED_EDGE('',*,*,#934,.T.);
#1794 = ORIENTED_EDGE('',*,*,#1590,.T.);
#1795 = ORIENTED_EDGE('',*,*,#1796,.F.);
#1796 = EDGE_CURVE('',#1797,#1591,#1799,.T.);
#1797 = VERTEX_POINT('',#1798);
#1798 = CARTESIAN_POINT('',(-2.6,-1.2,0.15));
#1799 = CIRCLE('',#1800,5.E-02);
#1800 = AXIS2_PLACEMENT_3D('',#1801,#1802,#1803);
#1801 = CARTESIAN_POINT('',(-2.55,-1.2,0.15));
#1802 = DIRECTION('',(-1.224646799147E-16,-1.,0.));
#1803 = DIRECTION('',(4.996063166392E-32,-6.118412765058E-48,-1.));
#1804 = ORIENTED_EDGE('',*,*,#1805,.T.);
#1805 = EDGE_CURVE('',#1797,#1806,#1808,.T.);
#1806 = VERTEX_POINT('',#1807);
#1807 = CARTESIAN_POINT('',(-2.6,-1.2,0.85));
#1808 = LINE('',#1809,#1810);
#1809 = CARTESIAN_POINT('',(-2.6,-1.2,5.E-02));
#1810 = VECTOR('',#1811,1.);
#1811 = DIRECTION('',(0.,0.,1.));
#1812 = ORIENTED_EDGE('',*,*,#1813,.F.);
#1813 = EDGE_CURVE('',#1738,#1806,#1814,.T.);
#1814 = CIRCLE('',#1815,5.E-02);
#1815 = AXIS2_PLACEMENT_3D('',#1816,#1817,#1818);
#1816 = CARTESIAN_POINT('',(-2.55,-1.2,0.85));
#1817 = DIRECTION('',(-1.224646799147E-16,-1.,0.));
#1818 = DIRECTION('',(-1.,1.224646799147E-16,0.));
#1819 = ORIENTED_EDGE('',*,*,#1737,.F.);
#1820 = ORIENTED_EDGE('',*,*,#791,.F.);
#1821 = ORIENTED_EDGE('',*,*,#1621,.T.);
#1822 = ORIENTED_EDGE('',*,*,#1823,.T.);
#1823 = EDGE_CURVE('',#1622,#1763,#1824,.T.);
#1824 = CIRCLE('',#1825,5.E-02);
#1825 = AXIS2_PLACEMENT_3D('',#1826,#1827,#1828);
#1826 = CARTESIAN_POINT('',(-2.65,-1.2,0.95));
#1827 = DIRECTION('',(-1.224646799147E-16,-1.,0.));
#1828 = DIRECTION('',(0.,0.,1.));
#1829 = PLANE('',#1830);
#1830 = AXIS2_PLACEMENT_3D('',#1831,#1832,#1833);
#1831 = CARTESIAN_POINT('',(-1.8,-1.2,0.));
#1832 = DIRECTION('',(-1.224646799147E-16,-1.,0.));
#1833 = DIRECTION('',(-1.,1.224646799147E-16,0.));
#1834 = ADVANCED_FACE('',(#1835),#1860,.T.);
#1835 = FACE_BOUND('',#1836,.T.);
#1836 = EDGE_LOOP('',(#1837,#1838,#1846,#1854));
#1837 = ORIENTED_EDGE('',*,*,#815,.F.);
#1838 = ORIENTED_EDGE('',*,*,#1839,.T.);
#1839 = EDGE_CURVE('',#816,#1840,#1842,.T.);
#1840 = VERTEX_POINT('',#1841);
#1841 = CARTESIAN_POINT('',(-2.65,2.1,1.));
#1842 = LINE('',#1843,#1844);
#1843 = CARTESIAN_POINT('',(-1.8,2.1,1.));
#1844 = VECTOR('',#1845,1.);
#1845 = DIRECTION('',(-1.,1.224646799147E-16,0.));
#1846 = ORIENTED_EDGE('',*,*,#1847,.T.);
#1847 = EDGE_CURVE('',#1840,#1848,#1850,.T.);
#1848 = VERTEX_POINT('',#1849);
#1849 = CARTESIAN_POINT('',(-2.65,1.2,1.));
#1850 = LINE('',#1851,#1852);
#1851 = CARTESIAN_POINT('',(-2.65,2.1,1.));
#1852 = VECTOR('',#1853,1.);
#1853 = DIRECTION('',(-1.224646799147E-16,-1.,0.));
#1854 = ORIENTED_EDGE('',*,*,#1855,.T.);
#1855 = EDGE_CURVE('',#1848,#818,#1856,.T.);
#1856 = LINE('',#1857,#1858);
#1857 = CARTESIAN_POINT('',(-2.7,1.2,1.));
#1858 = VECTOR('',#1859,1.);
#1859 = DIRECTION('',(1.,-1.224646799147E-16,0.));
#1860 = PLANE('',#1861);
#1861 = AXIS2_PLACEMENT_3D('',#1862,#1863,#1864);
#1862 = CARTESIAN_POINT('',(-2.25,1.65,1.));
#1863 = DIRECTION('',(0.,0.,1.));
#1864 = DIRECTION('',(-1.,1.224646799147E-16,0.));
#1865 = ADVANCED_FACE('',(#1866),#1945,.F.);
#1866 = FACE_BOUND('',#1867,.F.);
#1867 = EDGE_LOOP('',(#1868,#1879,#1887,#1894,#1895,#1896,#1904,#1913,
    #1921,#1928,#1929,#1930,#1931,#1939));
#1868 = ORIENTED_EDGE('',*,*,#1869,.F.);
#1869 = EDGE_CURVE('',#1870,#1872,#1874,.T.);
#1870 = VERTEX_POINT('',#1871);
#1871 = CARTESIAN_POINT('',(-2.7,1.2,5.E-02));
#1872 = VERTEX_POINT('',#1873);
#1873 = CARTESIAN_POINT('',(-2.65,1.2,-6.938893903907E-18));
#1874 = CIRCLE('',#1875,5.E-02);
#1875 = AXIS2_PLACEMENT_3D('',#1876,#1877,#1878);
#1876 = CARTESIAN_POINT('',(-2.65,1.2,5.E-02));
#1877 = DIRECTION('',(-1.224646799147E-16,-1.,0.));
#1878 = DIRECTION('',(0.,0.,1.));
#1879 = ORIENTED_EDGE('',*,*,#1880,.T.);
#1880 = EDGE_CURVE('',#1870,#1881,#1883,.T.);
#1881 = VERTEX_POINT('',#1882);
#1882 = CARTESIAN_POINT('',(-2.7,1.2,0.95));
#1883 = LINE('',#1884,#1885);
#1884 = CARTESIAN_POINT('',(-2.7,1.2,0.));
#1885 = VECTOR('',#1886,1.);
#1886 = DIRECTION('',(0.,0.,1.));
#1887 = ORIENTED_EDGE('',*,*,#1888,.F.);
#1888 = EDGE_CURVE('',#1848,#1881,#1889,.T.);
#1889 = CIRCLE('',#1890,5.E-02);
#1890 = AXIS2_PLACEMENT_3D('',#1891,#1892,#1893);
#1891 = CARTESIAN_POINT('',(-2.65,1.2,0.95));
#1892 = DIRECTION('',(-1.224646799147E-16,-1.,0.));
#1893 = DIRECTION('',(0.,0.,1.));
#1894 = ORIENTED_EDGE('',*,*,#1855,.T.);
#1895 = ORIENTED_EDGE('',*,*,#841,.F.);
#1896 = ORIENTED_EDGE('',*,*,#1897,.F.);
#1897 = EDGE_CURVE('',#1898,#834,#1900,.T.);
#1898 = VERTEX_POINT('',#1899);
#1899 = CARTESIAN_POINT('',(-2.55,1.2,0.9));
#1900 = LINE('',#1901,#1902);
#1901 = CARTESIAN_POINT('',(-2.475,1.2,0.9));
#1902 = VECTOR('',#1903,1.);
#1903 = DIRECTION('',(1.,-1.224646799147E-16,4.996063166392E-32));
#1904 = ORIENTED_EDGE('',*,*,#1905,.T.);
#1905 = EDGE_CURVE('',#1898,#1906,#1908,.T.);
#1906 = VERTEX_POINT('',#1907);
#1907 = CARTESIAN_POINT('',(-2.6,1.2,0.85));
#1908 = CIRCLE('',#1909,5.E-02);
#1909 = AXIS2_PLACEMENT_3D('',#1910,#1911,#1912);
#1910 = CARTESIAN_POINT('',(-2.55,1.2,0.85));
#1911 = DIRECTION('',(-1.224646799147E-16,-1.,0.));
#1912 = DIRECTION('',(-1.,1.224646799147E-16,0.));
#1913 = ORIENTED_EDGE('',*,*,#1914,.T.);
#1914 = EDGE_CURVE('',#1906,#1915,#1917,.T.);
#1915 = VERTEX_POINT('',#1916);
#1916 = CARTESIAN_POINT('',(-2.6,1.2,0.15));
#1917 = LINE('',#1918,#1919);
#1918 = CARTESIAN_POINT('',(-2.6,1.2,5.E-02));
#1919 = VECTOR('',#1920,1.);
#1920 = DIRECTION('',(0.,0.,-1.));
#1921 = ORIENTED_EDGE('',*,*,#1922,.T.);
#1922 = EDGE_CURVE('',#1915,#1568,#1923,.T.);
#1923 = CIRCLE('',#1924,5.E-02);
#1924 = AXIS2_PLACEMENT_3D('',#1925,#1926,#1927);
#1925 = CARTESIAN_POINT('',(-2.55,1.2,0.15));
#1926 = DIRECTION('',(-1.224646799147E-16,-1.,0.));
#1927 = DIRECTION('',(4.996063166392E-32,-6.118412765058E-48,-1.));
#1928 = ORIENTED_EDGE('',*,*,#1575,.T.);
#1929 = ORIENTED_EDGE('',*,*,#927,.T.);
#1930 = ORIENTED_EDGE('',*,*,#919,.F.);
#1931 = ORIENTED_EDGE('',*,*,#1932,.F.);
#1932 = EDGE_CURVE('',#1933,#912,#1935,.T.);
#1933 = VERTEX_POINT('',#1934);
#1934 = CARTESIAN_POINT('',(-1.8,1.2,0.));
#1935 = LINE('',#1936,#1937);
#1936 = CARTESIAN_POINT('',(-1.8,1.2,0.));
#1937 = VECTOR('',#1938,1.);
#1938 = DIRECTION('',(0.,0.,1.));
#1939 = ORIENTED_EDGE('',*,*,#1940,.F.);
#1940 = EDGE_CURVE('',#1872,#1933,#1941,.T.);
#1941 = LINE('',#1942,#1943);
#1942 = CARTESIAN_POINT('',(-2.7,1.2,0.));
#1943 = VECTOR('',#1944,1.);
#1944 = DIRECTION('',(1.,-1.224646799147E-16,0.));
#1945 = PLANE('',#1946);
#1946 = AXIS2_PLACEMENT_3D('',#1947,#1948,#1949);
#1947 = CARTESIAN_POINT('',(-2.7,1.2,0.));
#1948 = DIRECTION('',(1.224646799147E-16,1.,0.));
#1949 = DIRECTION('',(1.,-1.224646799147E-16,0.));
#1950 = ADVANCED_FACE('',(#1951),#1969,.F.);
#1951 = FACE_BOUND('',#1952,.F.);
#1952 = EDGE_LOOP('',(#1953,#1954,#1962,#1968));
#1953 = ORIENTED_EDGE('',*,*,#833,.F.);
#1954 = ORIENTED_EDGE('',*,*,#1955,.T.);
#1955 = EDGE_CURVE('',#826,#1956,#1958,.T.);
#1956 = VERTEX_POINT('',#1957);
#1957 = CARTESIAN_POINT('',(-2.55,2.1,0.9));
#1958 = LINE('',#1959,#1960);
#1959 = CARTESIAN_POINT('',(-2.025,2.1,0.9));
#1960 = VECTOR('',#1961,1.);
#1961 = DIRECTION('',(-1.,1.224646799147E-16,-4.996063166392E-32));
#1962 = ORIENTED_EDGE('',*,*,#1963,.T.);
#1963 = EDGE_CURVE('',#1956,#1898,#1964,.T.);
#1964 = LINE('',#1965,#1966);
#1965 = CARTESIAN_POINT('',(-2.55,2.2,0.9));
#1966 = VECTOR('',#1967,1.);
#1967 = DIRECTION('',(-1.224646799147E-16,-1.,0.));
#1968 = ORIENTED_EDGE('',*,*,#1897,.T.);
#1969 = PLANE('',#1970);
#1970 = AXIS2_PLACEMENT_3D('',#1971,#1972,#1973);
#1971 = CARTESIAN_POINT('',(-2.25,1.65,0.9));
#1972 = DIRECTION('',(-4.996063166392E-32,1.556307025767E-32,1.));
#1973 = DIRECTION('',(-1.,1.224646799147E-16,-4.996063166392E-32));
#1974 = ADVANCED_FACE('',(#1975),#2047,.F.);
#1975 = FACE_BOUND('',#1976,.F.);
#1976 = EDGE_LOOP('',(#1977,#1987,#1996,#2004,#2010,#2011,#2012,#2013,
    #2022,#2030,#2037,#2038,#2039,#2040));
#1977 = ORIENTED_EDGE('',*,*,#1978,.F.);
#1978 = EDGE_CURVE('',#1979,#1981,#1983,.T.);
#1979 = VERTEX_POINT('',#1980);
#1980 = CARTESIAN_POINT('',(-2.7,2.1,5.E-02));
#1981 = VERTEX_POINT('',#1982);
#1982 = CARTESIAN_POINT('',(-2.7,2.1,0.95));
#1983 = LINE('',#1984,#1985);
#1984 = CARTESIAN_POINT('',(-2.7,2.1,0.));
#1985 = VECTOR('',#1986,1.);
#1986 = DIRECTION('',(0.,0.,1.));
#1987 = ORIENTED_EDGE('',*,*,#1988,.T.);
#1988 = EDGE_CURVE('',#1979,#1989,#1991,.T.);
#1989 = VERTEX_POINT('',#1990);
#1990 = CARTESIAN_POINT('',(-2.65,2.1,-6.938893903907E-18));
#1991 = CIRCLE('',#1992,5.E-02);
#1992 = AXIS2_PLACEMENT_3D('',#1993,#1994,#1995);
#1993 = CARTESIAN_POINT('',(-2.65,2.1,5.E-02));
#1994 = DIRECTION('',(-1.224646799147E-16,-1.,0.));
#1995 = DIRECTION('',(0.,0.,1.));
#1996 = ORIENTED_EDGE('',*,*,#1997,.F.);
#1997 = EDGE_CURVE('',#1998,#1989,#2000,.T.);
#1998 = VERTEX_POINT('',#1999);
#1999 = CARTESIAN_POINT('',(-1.8,2.1,0.));
#2000 = LINE('',#2001,#2002);
#2001 = CARTESIAN_POINT('',(-1.8,2.1,0.));
#2002 = VECTOR('',#2003,1.);
#2003 = DIRECTION('',(-1.,1.224646799147E-16,0.));
#2004 = ORIENTED_EDGE('',*,*,#2005,.T.);
#2005 = EDGE_CURVE('',#1998,#904,#2006,.T.);
#2006 = LINE('',#2007,#2008);
#2007 = CARTESIAN_POINT('',(-1.8,2.1,0.));
#2008 = VECTOR('',#2009,1.);
#2009 = DIRECTION('',(0.,0.,1.));
#2010 = ORIENTED_EDGE('',*,*,#903,.F.);
#2011 = ORIENTED_EDGE('',*,*,#895,.T.);
#2012 = ORIENTED_EDGE('',*,*,#1559,.T.);
#2013 = ORIENTED_EDGE('',*,*,#2014,.F.);
#2014 = EDGE_CURVE('',#2015,#1560,#2017,.T.);
#2015 = VERTEX_POINT('',#2016);
#2016 = CARTESIAN_POINT('',(-2.6,2.1,0.15));
#2017 = CIRCLE('',#2018,5.E-02);
#2018 = AXIS2_PLACEMENT_3D('',#2019,#2020,#2021);
#2019 = CARTESIAN_POINT('',(-2.55,2.1,0.15));
#2020 = DIRECTION('',(-1.224646799147E-16,-1.,0.));
#2021 = DIRECTION('',(4.996063166392E-32,-6.118412765058E-48,-1.));
#2022 = ORIENTED_EDGE('',*,*,#2023,.T.);
#2023 = EDGE_CURVE('',#2015,#2024,#2026,.T.);
#2024 = VERTEX_POINT('',#2025);
#2025 = CARTESIAN_POINT('',(-2.6,2.1,0.85));
#2026 = LINE('',#2027,#2028);
#2027 = CARTESIAN_POINT('',(-2.6,2.1,5.E-02));
#2028 = VECTOR('',#2029,1.);
#2029 = DIRECTION('',(0.,0.,1.));
#2030 = ORIENTED_EDGE('',*,*,#2031,.F.);
#2031 = EDGE_CURVE('',#1956,#2024,#2032,.T.);
#2032 = CIRCLE('',#2033,5.E-02);
#2033 = AXIS2_PLACEMENT_3D('',#2034,#2035,#2036);
#2034 = CARTESIAN_POINT('',(-2.55,2.1,0.85));
#2035 = DIRECTION('',(-1.224646799147E-16,-1.,0.));
#2036 = DIRECTION('',(-1.,1.224646799147E-16,0.));
#2037 = ORIENTED_EDGE('',*,*,#1955,.F.);
#2038 = ORIENTED_EDGE('',*,*,#825,.F.);
#2039 = ORIENTED_EDGE('',*,*,#1839,.T.);
#2040 = ORIENTED_EDGE('',*,*,#2041,.T.);
#2041 = EDGE_CURVE('',#1840,#1981,#2042,.T.);
#2042 = CIRCLE('',#2043,5.E-02);
#2043 = AXIS2_PLACEMENT_3D('',#2044,#2045,#2046);
#2044 = CARTESIAN_POINT('',(-2.65,2.1,0.95));
#2045 = DIRECTION('',(-1.224646799147E-16,-1.,0.));
#2046 = DIRECTION('',(0.,0.,1.));
#2047 = PLANE('',#2048);
#2048 = AXIS2_PLACEMENT_3D('',#2049,#2050,#2051);
#2049 = CARTESIAN_POINT('',(-1.8,2.1,0.));
#2050 = DIRECTION('',(-1.224646799147E-16,-1.,0.));
#2051 = DIRECTION('',(-1.,1.224646799147E-16,0.));
#2052 = ADVANCED_FACE('',(#2053),#2064,.F.);
#2053 = FACE_BOUND('',#2054,.F.);
#2054 = EDGE_LOOP('',(#2055,#2061,#2062,#2063));
#2055 = ORIENTED_EDGE('',*,*,#2056,.F.);
#2056 = EDGE_CURVE('',#1319,#1173,#2057,.T.);
#2057 = LINE('',#2058,#2059);
#2058 = CARTESIAN_POINT('',(1.8,2.1,0.));
#2059 = VECTOR('',#2060,1.);
#2060 = DIRECTION('',(-1.224646799147E-16,-1.,0.));
#2061 = ORIENTED_EDGE('',*,*,#1318,.T.);
#2062 = ORIENTED_EDGE('',*,*,#1030,.F.);
#2063 = ORIENTED_EDGE('',*,*,#1180,.F.);
#2064 = PLANE('',#2065);
#2065 = AXIS2_PLACEMENT_3D('',#2066,#2067,#2068);
#2066 = CARTESIAN_POINT('',(1.8,2.1,0.));
#2067 = DIRECTION('',(1.,-1.224646799147E-16,0.));
#2068 = DIRECTION('',(-1.224646799147E-16,-1.,0.));
#2069 = ADVANCED_FACE('',(#2070),#2081,.F.);
#2070 = FACE_BOUND('',#2071,.F.);
#2071 = EDGE_LOOP('',(#2072,#2078,#2079,#2080));
#2072 = ORIENTED_EDGE('',*,*,#2073,.F.);
#2073 = EDGE_CURVE('',#1435,#1500,#2074,.T.);
#2074 = LINE('',#2075,#2076);
#2075 = CARTESIAN_POINT('',(1.8,-1.2,0.));
#2076 = VECTOR('',#2077,1.);
#2077 = DIRECTION('',(-1.224646799147E-16,-1.,0.));
#2078 = ORIENTED_EDGE('',*,*,#1434,.T.);
#2079 = ORIENTED_EDGE('',*,*,#991,.F.);
#2080 = ORIENTED_EDGE('',*,*,#1507,.F.);
#2081 = PLANE('',#2082);
#2082 = AXIS2_PLACEMENT_3D('',#2083,#2084,#2085);
#2083 = CARTESIAN_POINT('',(1.8,-1.2,0.));
#2084 = DIRECTION('',(1.,-1.224646799147E-16,0.));
#2085 = DIRECTION('',(-1.224646799147E-16,-1.,0.));
#2086 = ADVANCED_FACE('',(#2087),#2098,.F.);
#2087 = FACE_BOUND('',#2088,.F.);
#2088 = EDGE_LOOP('',(#2089,#2095,#2096,#2097));
#2089 = ORIENTED_EDGE('',*,*,#2090,.F.);
#2090 = EDGE_CURVE('',#1715,#1780,#2091,.T.);
#2091 = LINE('',#2092,#2093);
#2092 = CARTESIAN_POINT('',(-1.8,-2.1,0.));
#2093 = VECTOR('',#2094,1.);
#2094 = DIRECTION('',(1.224646799147E-16,1.,0.));
#2095 = ORIENTED_EDGE('',*,*,#1714,.T.);
#2096 = ORIENTED_EDGE('',*,*,#950,.F.);
#2097 = ORIENTED_EDGE('',*,*,#1787,.F.);
#2098 = PLANE('',#2099);
#2099 = AXIS2_PLACEMENT_3D('',#2100,#2101,#2102);
#2100 = CARTESIAN_POINT('',(-1.8,-2.1,0.));
#2101 = DIRECTION('',(-1.,1.224646799147E-16,0.));
#2102 = DIRECTION('',(1.224646799147E-16,1.,0.));
#2103 = ADVANCED_FACE('',(#2104),#2115,.F.);
#2104 = FACE_BOUND('',#2105,.F.);
#2105 = EDGE_LOOP('',(#2106,#2112,#2113,#2114));
#2106 = ORIENTED_EDGE('',*,*,#2107,.F.);
#2107 = EDGE_CURVE('',#1933,#1998,#2108,.T.);
#2108 = LINE('',#2109,#2110);
#2109 = CARTESIAN_POINT('',(-1.8,1.2,0.));
#2110 = VECTOR('',#2111,1.);
#2111 = DIRECTION('',(1.224646799147E-16,1.,0.));
#2112 = ORIENTED_EDGE('',*,*,#1932,.T.);
#2113 = ORIENTED_EDGE('',*,*,#911,.F.);
#2114 = ORIENTED_EDGE('',*,*,#2005,.F.);
#2115 = PLANE('',#2116);
#2116 = AXIS2_PLACEMENT_3D('',#2117,#2118,#2119);
#2117 = CARTESIAN_POINT('',(-1.8,1.2,0.));
#2118 = DIRECTION('',(-1.,1.224646799147E-16,0.));
#2119 = DIRECTION('',(1.224646799147E-16,1.,0.));
#2120 = ADVANCED_FACE('',(#2121),#2132,.F.);
#2121 = FACE_BOUND('',#2122,.F.);
#2122 = EDGE_LOOP('',(#2123,#2124,#2125,#2126));
#2123 = ORIENTED_EDGE('',*,*,#1189,.T.);
#2124 = ORIENTED_EDGE('',*,*,#1060,.T.);
#2125 = ORIENTED_EDGE('',*,*,#1308,.F.);
#2126 = ORIENTED_EDGE('',*,*,#2127,.F.);
#2127 = EDGE_CURVE('',#1190,#1301,#2128,.T.);
#2128 = LINE('',#2129,#2130);
#2129 = CARTESIAN_POINT('',(2.6,1.1,0.15));
#2130 = VECTOR('',#2131,1.);
#2131 = DIRECTION('',(1.224646799147E-16,1.,0.));
#2132 = CYLINDRICAL_SURFACE('',#2133,5.E-02);
#2133 = AXIS2_PLACEMENT_3D('',#2134,#2135,#2136);
#2134 = CARTESIAN_POINT('',(2.55,1.1,0.15));
#2135 = DIRECTION('',(1.224646799147E-16,1.,0.));
#2136 = DIRECTION('',(1.,-1.224646799147E-16,0.));
#2137 = ADVANCED_FACE('',(#2138),#2149,.F.);
#2138 = FACE_BOUND('',#2139,.F.);
#2139 = EDGE_LOOP('',(#2140,#2141,#2142,#2143));
#2140 = ORIENTED_EDGE('',*,*,#1516,.T.);
#2141 = ORIENTED_EDGE('',*,*,#1091,.T.);
#2142 = ORIENTED_EDGE('',*,*,#1424,.F.);
#2143 = ORIENTED_EDGE('',*,*,#2144,.F.);
#2144 = EDGE_CURVE('',#1517,#1417,#2145,.T.);
#2145 = LINE('',#2146,#2147);
#2146 = CARTESIAN_POINT('',(2.6,-2.2,0.15));
#2147 = VECTOR('',#2148,1.);
#2148 = DIRECTION('',(1.224646799147E-16,1.,0.));
#2149 = CYLINDRICAL_SURFACE('',#2150,5.E-02);
#2150 = AXIS2_PLACEMENT_3D('',#2151,#2152,#2153);
#2151 = CARTESIAN_POINT('',(2.55,-2.2,0.15));
#2152 = DIRECTION('',(1.224646799147E-16,1.,0.));
#2153 = DIRECTION('',(1.,-1.224646799147E-16,0.));
#2154 = ADVANCED_FACE('',(#2155),#2166,.F.);
#2155 = FACE_BOUND('',#2156,.F.);
#2156 = EDGE_LOOP('',(#2157,#2163,#2164,#2165));
#2157 = ORIENTED_EDGE('',*,*,#2158,.T.);
#2158 = EDGE_CURVE('',#1199,#1292,#2159,.T.);
#2159 = LINE('',#2160,#2161);
#2160 = CARTESIAN_POINT('',(2.6,1.1,0.85));
#2161 = VECTOR('',#2162,1.);
#2162 = DIRECTION('',(1.224646799147E-16,1.,0.));
#2163 = ORIENTED_EDGE('',*,*,#1291,.F.);
#2164 = ORIENTED_EDGE('',*,*,#1122,.F.);
#2165 = ORIENTED_EDGE('',*,*,#1206,.T.);
#2166 = CYLINDRICAL_SURFACE('',#2167,5.E-02);
#2167 = AXIS2_PLACEMENT_3D('',#2168,#2169,#2170);
#2168 = CARTESIAN_POINT('',(2.55,1.1,0.85));
#2169 = DIRECTION('',(1.224646799147E-16,1.,0.));
#2170 = DIRECTION('',(1.,-1.224646799147E-16,0.));
#2171 = ADVANCED_FACE('',(#2172),#2188,.F.);
#2172 = FACE_BOUND('',#2173,.F.);
#2173 = EDGE_LOOP('',(#2174,#2175,#2181,#2182));
#2174 = ORIENTED_EDGE('',*,*,#1153,.T.);
#2175 = ORIENTED_EDGE('',*,*,#2176,.T.);
#2176 = EDGE_CURVE('',#1156,#1274,#2177,.T.);
#2177 = LINE('',#2178,#2179);
#2178 = CARTESIAN_POINT('',(2.7,1.2,0.95));
#2179 = VECTOR('',#2180,1.);
#2180 = DIRECTION('',(1.224646799147E-16,1.,0.));
#2181 = ORIENTED_EDGE('',*,*,#1273,.F.);
#2182 = ORIENTED_EDGE('',*,*,#2183,.F.);
#2183 = EDGE_CURVE('',#1154,#1263,#2184,.T.);
#2184 = LINE('',#2185,#2186);
#2185 = CARTESIAN_POINT('',(2.7,1.2,5.E-02));
#2186 = VECTOR('',#2187,1.);
#2187 = DIRECTION('',(1.224646799147E-16,1.,0.));
#2188 = PLANE('',#2189);
#2189 = AXIS2_PLACEMENT_3D('',#2190,#2191,#2192);
#2190 = CARTESIAN_POINT('',(2.7,1.2,0.));
#2191 = DIRECTION('',(-1.,1.224646799147E-16,0.));
#2192 = DIRECTION('',(1.224646799147E-16,1.,0.));
#2193 = ADVANCED_FACE('',(#2194),#2200,.T.);
#2194 = FACE_BOUND('',#2195,.T.);
#2195 = EDGE_LOOP('',(#2196,#2197,#2198,#2199));
#2196 = ORIENTED_EDGE('',*,*,#2176,.T.);
#2197 = ORIENTED_EDGE('',*,*,#1281,.T.);
#2198 = ORIENTED_EDGE('',*,*,#1238,.F.);
#2199 = ORIENTED_EDGE('',*,*,#1223,.F.);
#2200 = CYLINDRICAL_SURFACE('',#2201,5.E-02);
#2201 = AXIS2_PLACEMENT_3D('',#2202,#2203,#2204);
#2202 = CARTESIAN_POINT('',(2.65,1.2,0.95));
#2203 = DIRECTION('',(1.224646799147E-16,1.,0.));
#2204 = DIRECTION('',(1.,-1.224646799147E-16,0.));
#2205 = ADVANCED_FACE('',(#2206),#2212,.T.);
#2206 = FACE_BOUND('',#2207,.T.);
#2207 = EDGE_LOOP('',(#2208,#2209,#2210,#2211));
#2208 = ORIENTED_EDGE('',*,*,#2127,.F.);
#2209 = ORIENTED_EDGE('',*,*,#1198,.T.);
#2210 = ORIENTED_EDGE('',*,*,#2158,.T.);
#2211 = ORIENTED_EDGE('',*,*,#1300,.T.);
#2212 = PLANE('',#2213);
#2213 = AXIS2_PLACEMENT_3D('',#2214,#2215,#2216);
#2214 = CARTESIAN_POINT('',(2.6,1.1,0.1));
#2215 = DIRECTION('',(-1.,1.224646799147E-16,0.));
#2216 = DIRECTION('',(1.224646799147E-16,1.,0.));
#2217 = ADVANCED_FACE('',(#2218),#2229,.F.);
#2218 = FACE_BOUND('',#2219,.F.);
#2219 = EDGE_LOOP('',(#2220,#2221,#2222,#2223));
#2220 = ORIENTED_EDGE('',*,*,#1326,.T.);
#2221 = ORIENTED_EDGE('',*,*,#2056,.T.);
#2222 = ORIENTED_EDGE('',*,*,#1172,.T.);
#2223 = ORIENTED_EDGE('',*,*,#2224,.T.);
#2224 = EDGE_CURVE('',#1164,#1265,#2225,.T.);
#2225 = LINE('',#2226,#2227);
#2226 = CARTESIAN_POINT('',(2.65,1.2,-6.938893903907E-18));
#2227 = VECTOR('',#2228,1.);
#2228 = DIRECTION('',(1.224646799147E-16,1.,0.));
#2229 = PLANE('',#2230);
#2230 = AXIS2_PLACEMENT_3D('',#2231,#2232,#2233);
#2231 = CARTESIAN_POINT('',(2.25,1.65,0.));
#2232 = DIRECTION('',(0.,0.,1.));
#2233 = DIRECTION('',(-1.,1.224646799147E-16,0.));
#2234 = ADVANCED_FACE('',(#2235),#2241,.T.);
#2235 = FACE_BOUND('',#2236,.T.);
#2236 = EDGE_LOOP('',(#2237,#2238,#2239,#2240));
#2237 = ORIENTED_EDGE('',*,*,#1163,.T.);
#2238 = ORIENTED_EDGE('',*,*,#2224,.T.);
#2239 = ORIENTED_EDGE('',*,*,#1262,.F.);
#2240 = ORIENTED_EDGE('',*,*,#2183,.F.);
#2241 = CYLINDRICAL_SURFACE('',#2242,5.E-02);
#2242 = AXIS2_PLACEMENT_3D('',#2243,#2244,#2245);
#2243 = CARTESIAN_POINT('',(2.65,1.2,5.E-02));
#2244 = DIRECTION('',(1.224646799147E-16,1.,0.));
#2245 = DIRECTION('',(1.,-1.224646799147E-16,0.));
#2246 = ADVANCED_FACE('',(#2247),#2258,.T.);
#2247 = FACE_BOUND('',#2248,.T.);
#2248 = EDGE_LOOP('',(#2249,#2255,#2256,#2257));
#2249 = ORIENTED_EDGE('',*,*,#2250,.T.);
#2250 = EDGE_CURVE('',#1483,#1383,#2251,.T.);
#2251 = LINE('',#2252,#2253);
#2252 = CARTESIAN_POINT('',(2.7,-2.1,0.95));
#2253 = VECTOR('',#2254,1.);
#2254 = DIRECTION('',(1.224646799147E-16,1.,0.));
#2255 = ORIENTED_EDGE('',*,*,#1390,.T.);
#2256 = ORIENTED_EDGE('',*,*,#1340,.F.);
#2257 = ORIENTED_EDGE('',*,*,#1543,.F.);
#2258 = CYLINDRICAL_SURFACE('',#2259,5.E-02);
#2259 = AXIS2_PLACEMENT_3D('',#2260,#2261,#2262);
#2260 = CARTESIAN_POINT('',(2.65,-2.1,0.95));
#2261 = DIRECTION('',(1.224646799147E-16,1.,0.));
#2262 = DIRECTION('',(1.,-1.224646799147E-16,0.));
#2263 = ADVANCED_FACE('',(#2264),#2280,.T.);
#2264 = FACE_BOUND('',#2265,.T.);
#2265 = EDGE_LOOP('',(#2266,#2267,#2273,#2274));
#2266 = ORIENTED_EDGE('',*,*,#1490,.T.);
#2267 = ORIENTED_EDGE('',*,*,#2268,.T.);
#2268 = EDGE_CURVE('',#1491,#1374,#2269,.T.);
#2269 = LINE('',#2270,#2271);
#2270 = CARTESIAN_POINT('',(2.65,-2.1,-6.938893903907E-18));
#2271 = VECTOR('',#2272,1.);
#2272 = DIRECTION('',(1.224646799147E-16,1.,0.));
#2273 = ORIENTED_EDGE('',*,*,#1371,.F.);
#2274 = ORIENTED_EDGE('',*,*,#2275,.F.);
#2275 = EDGE_CURVE('',#1481,#1372,#2276,.T.);
#2276 = LINE('',#2277,#2278);
#2277 = CARTESIAN_POINT('',(2.7,-2.1,5.E-02));
#2278 = VECTOR('',#2279,1.);
#2279 = DIRECTION('',(1.224646799147E-16,1.,0.));
#2280 = CYLINDRICAL_SURFACE('',#2281,5.E-02);
#2281 = AXIS2_PLACEMENT_3D('',#2282,#2283,#2284);
#2282 = CARTESIAN_POINT('',(2.65,-2.1,5.E-02));
#2283 = DIRECTION('',(1.224646799147E-16,1.,0.));
#2284 = DIRECTION('',(1.,-1.224646799147E-16,0.));
#2285 = ADVANCED_FACE('',(#2286),#2292,.F.);
#2286 = FACE_BOUND('',#2287,.F.);
#2287 = EDGE_LOOP('',(#2288,#2289,#2290,#2291));
#2288 = ORIENTED_EDGE('',*,*,#1442,.T.);
#2289 = ORIENTED_EDGE('',*,*,#2073,.T.);
#2290 = ORIENTED_EDGE('',*,*,#1499,.T.);
#2291 = ORIENTED_EDGE('',*,*,#2268,.T.);
#2292 = PLANE('',#2293);
#2293 = AXIS2_PLACEMENT_3D('',#2294,#2295,#2296);
#2294 = CARTESIAN_POINT('',(2.25,-1.65,0.));
#2295 = DIRECTION('',(0.,0.,1.));
#2296 = DIRECTION('',(-1.,1.224646799147E-16,0.));
#2297 = ADVANCED_FACE('',(#2298),#2309,.T.);
#2298 = FACE_BOUND('',#2299,.T.);
#2299 = EDGE_LOOP('',(#2300,#2301,#2302,#2308));
#2300 = ORIENTED_EDGE('',*,*,#2144,.F.);
#2301 = ORIENTED_EDGE('',*,*,#1525,.T.);
#2302 = ORIENTED_EDGE('',*,*,#2303,.T.);
#2303 = EDGE_CURVE('',#1526,#1408,#2304,.T.);
#2304 = LINE('',#2305,#2306);
#2305 = CARTESIAN_POINT('',(2.6,-2.2,0.85));
#2306 = VECTOR('',#2307,1.);
#2307 = DIRECTION('',(1.224646799147E-16,1.,0.));
#2308 = ORIENTED_EDGE('',*,*,#1416,.T.);
#2309 = PLANE('',#2310);
#2310 = AXIS2_PLACEMENT_3D('',#2311,#2312,#2313);
#2311 = CARTESIAN_POINT('',(2.6,-2.2,0.1));
#2312 = DIRECTION('',(-1.,1.224646799147E-16,0.));
#2313 = DIRECTION('',(1.224646799147E-16,1.,0.));
#2314 = ADVANCED_FACE('',(#2315),#2321,.F.);
#2315 = FACE_BOUND('',#2316,.F.);
#2316 = EDGE_LOOP('',(#2317,#2318,#2319,#2320));
#2317 = ORIENTED_EDGE('',*,*,#2303,.T.);
#2318 = ORIENTED_EDGE('',*,*,#1407,.F.);
#2319 = ORIENTED_EDGE('',*,*,#1456,.F.);
#2320 = ORIENTED_EDGE('',*,*,#1533,.T.);
#2321 = CYLINDRICAL_SURFACE('',#2322,5.E-02);
#2322 = AXIS2_PLACEMENT_3D('',#2323,#2324,#2325);
#2323 = CARTESIAN_POINT('',(2.55,-2.2,0.85));
#2324 = DIRECTION('',(1.224646799147E-16,1.,0.));
#2325 = DIRECTION('',(1.,-1.224646799147E-16,0.));
#2326 = ADVANCED_FACE('',(#2327),#2333,.F.);
#2327 = FACE_BOUND('',#2328,.F.);
#2328 = EDGE_LOOP('',(#2329,#2330,#2331,#2332));
#2329 = ORIENTED_EDGE('',*,*,#1480,.T.);
#2330 = ORIENTED_EDGE('',*,*,#2250,.T.);
#2331 = ORIENTED_EDGE('',*,*,#1382,.F.);
#2332 = ORIENTED_EDGE('',*,*,#2275,.F.);
#2333 = PLANE('',#2334);
#2334 = AXIS2_PLACEMENT_3D('',#2335,#2336,#2337);
#2335 = CARTESIAN_POINT('',(2.7,-2.1,0.));
#2336 = DIRECTION('',(-1.,1.224646799147E-16,0.));
#2337 = DIRECTION('',(1.224646799147E-16,1.,0.));
#2338 = ADVANCED_FACE('',(#2339),#2350,.F.);
#2339 = FACE_BOUND('',#2340,.F.);
#2340 = EDGE_LOOP('',(#2341,#2342,#2348,#2349));
#2341 = ORIENTED_EDGE('',*,*,#1922,.F.);
#2342 = ORIENTED_EDGE('',*,*,#2343,.F.);
#2343 = EDGE_CURVE('',#2015,#1915,#2344,.T.);
#2344 = LINE('',#2345,#2346);
#2345 = CARTESIAN_POINT('',(-2.6,2.2,0.15));
#2346 = VECTOR('',#2347,1.);
#2347 = DIRECTION('',(-1.224646799147E-16,-1.,0.));
#2348 = ORIENTED_EDGE('',*,*,#2014,.T.);
#2349 = ORIENTED_EDGE('',*,*,#1567,.T.);
#2350 = CYLINDRICAL_SURFACE('',#2351,5.E-02);
#2351 = AXIS2_PLACEMENT_3D('',#2352,#2353,#2354);
#2352 = CARTESIAN_POINT('',(-2.55,2.2,0.15));
#2353 = DIRECTION('',(-1.224646799147E-16,-1.,0.));
#2354 = DIRECTION('',(4.996063166392E-32,-6.118412765058E-48,-1.));
#2355 = ADVANCED_FACE('',(#2356),#2367,.F.);
#2356 = FACE_BOUND('',#2357,.F.);
#2357 = EDGE_LOOP('',(#2358,#2359,#2365,#2366));
#2358 = ORIENTED_EDGE('',*,*,#1704,.F.);
#2359 = ORIENTED_EDGE('',*,*,#2360,.F.);
#2360 = EDGE_CURVE('',#1797,#1697,#2361,.T.);
#2361 = LINE('',#2362,#2363);
#2362 = CARTESIAN_POINT('',(-2.6,-1.1,0.15));
#2363 = VECTOR('',#2364,1.);
#2364 = DIRECTION('',(-1.224646799147E-16,-1.,0.));
#2365 = ORIENTED_EDGE('',*,*,#1796,.T.);
#2366 = ORIENTED_EDGE('',*,*,#1598,.T.);
#2367 = CYLINDRICAL_SURFACE('',#2368,5.E-02);
#2368 = AXIS2_PLACEMENT_3D('',#2369,#2370,#2371);
#2369 = CARTESIAN_POINT('',(-2.55,-1.1,0.15));
#2370 = DIRECTION('',(-1.224646799147E-16,-1.,0.));
#2371 = DIRECTION('',(4.996063166392E-32,-6.118412765058E-48,-1.));
#2372 = ADVANCED_FACE('',(#2373),#2384,.T.);
#2373 = FACE_BOUND('',#2374,.T.);
#2374 = EDGE_LOOP('',(#2375,#2376,#2382,#2383));
#2375 = ORIENTED_EDGE('',*,*,#1823,.T.);
#2376 = ORIENTED_EDGE('',*,*,#2377,.T.);
#2377 = EDGE_CURVE('',#1763,#1663,#2378,.T.);
#2378 = LINE('',#2379,#2380);
#2379 = CARTESIAN_POINT('',(-2.7,-1.2,0.95));
#2380 = VECTOR('',#2381,1.);
#2381 = DIRECTION('',(-1.224646799147E-16,-1.,0.));
#2382 = ORIENTED_EDGE('',*,*,#1670,.F.);
#2383 = ORIENTED_EDGE('',*,*,#1629,.F.);
#2384 = CYLINDRICAL_SURFACE('',#2385,5.E-02);
#2385 = AXIS2_PLACEMENT_3D('',#2386,#2387,#2388);
#2386 = CARTESIAN_POINT('',(-2.65,-1.2,0.95));
#2387 = DIRECTION('',(-1.224646799147E-16,-1.,0.));
#2388 = DIRECTION('',(0.,0.,1.));
#2389 = ADVANCED_FACE('',(#2390),#2406,.T.);
#2390 = FACE_BOUND('',#2391,.T.);
#2391 = EDGE_LOOP('',(#2392,#2393,#2399,#2400));
#2392 = ORIENTED_EDGE('',*,*,#1770,.T.);
#2393 = ORIENTED_EDGE('',*,*,#2394,.T.);
#2394 = EDGE_CURVE('',#1771,#1654,#2395,.T.);
#2395 = LINE('',#2396,#2397);
#2396 = CARTESIAN_POINT('',(-2.65,-1.2,-6.938893903907E-18));
#2397 = VECTOR('',#2398,1.);
#2398 = DIRECTION('',(-1.224646799147E-16,-1.,0.));
#2399 = ORIENTED_EDGE('',*,*,#1651,.F.);
#2400 = ORIENTED_EDGE('',*,*,#2401,.F.);
#2401 = EDGE_CURVE('',#1761,#1652,#2402,.T.);
#2402 = LINE('',#2403,#2404);
#2403 = CARTESIAN_POINT('',(-2.7,-1.2,5.E-02));
#2404 = VECTOR('',#2405,1.);
#2405 = DIRECTION('',(-1.224646799147E-16,-1.,0.));
#2406 = CYLINDRICAL_SURFACE('',#2407,5.E-02);
#2407 = AXIS2_PLACEMENT_3D('',#2408,#2409,#2410);
#2408 = CARTESIAN_POINT('',(-2.65,-1.2,5.E-02));
#2409 = DIRECTION('',(-1.224646799147E-16,-1.,0.));
#2410 = DIRECTION('',(-1.,1.224646799147E-16,0.));
#2411 = ADVANCED_FACE('',(#2412),#2418,.F.);
#2412 = FACE_BOUND('',#2413,.F.);
#2413 = EDGE_LOOP('',(#2414,#2415,#2416,#2417));
#2414 = ORIENTED_EDGE('',*,*,#1779,.T.);
#2415 = ORIENTED_EDGE('',*,*,#2394,.T.);
#2416 = ORIENTED_EDGE('',*,*,#1722,.T.);
#2417 = ORIENTED_EDGE('',*,*,#2090,.T.);
#2418 = PLANE('',#2419);
#2419 = AXIS2_PLACEMENT_3D('',#2420,#2421,#2422);
#2420 = CARTESIAN_POINT('',(-2.25,-1.65,0.));
#2421 = DIRECTION('',(0.,0.,1.));
#2422 = DIRECTION('',(-1.,1.224646799147E-16,0.));
#2423 = ADVANCED_FACE('',(#2424),#2435,.T.);
#2424 = FACE_BOUND('',#2425,.T.);
#2425 = EDGE_LOOP('',(#2426,#2427,#2428,#2434));
#2426 = ORIENTED_EDGE('',*,*,#2360,.F.);
#2427 = ORIENTED_EDGE('',*,*,#1805,.T.);
#2428 = ORIENTED_EDGE('',*,*,#2429,.T.);
#2429 = EDGE_CURVE('',#1806,#1688,#2430,.T.);
#2430 = LINE('',#2431,#2432);
#2431 = CARTESIAN_POINT('',(-2.6,-1.1,0.85));
#2432 = VECTOR('',#2433,1.);
#2433 = DIRECTION('',(-1.224646799147E-16,-1.,0.));
#2434 = ORIENTED_EDGE('',*,*,#1696,.T.);
#2435 = PLANE('',#2436);
#2436 = AXIS2_PLACEMENT_3D('',#2437,#2438,#2439);
#2437 = CARTESIAN_POINT('',(-2.6,-1.1,0.1));
#2438 = DIRECTION('',(1.,-1.224646799147E-16,0.));
#2439 = DIRECTION('',(-1.224646799147E-16,-1.,0.));
#2440 = ADVANCED_FACE('',(#2441),#2447,.F.);
#2441 = FACE_BOUND('',#2442,.F.);
#2442 = EDGE_LOOP('',(#2443,#2444,#2445,#2446));
#2443 = ORIENTED_EDGE('',*,*,#2429,.T.);
#2444 = ORIENTED_EDGE('',*,*,#1687,.F.);
#2445 = ORIENTED_EDGE('',*,*,#1745,.F.);
#2446 = ORIENTED_EDGE('',*,*,#1813,.T.);
#2447 = CYLINDRICAL_SURFACE('',#2448,5.E-02);
#2448 = AXIS2_PLACEMENT_3D('',#2449,#2450,#2451);
#2449 = CARTESIAN_POINT('',(-2.55,-1.1,0.85));
#2450 = DIRECTION('',(-1.224646799147E-16,-1.,0.));
#2451 = DIRECTION('',(-1.,1.224646799147E-16,0.));
#2452 = ADVANCED_FACE('',(#2453),#2459,.F.);
#2453 = FACE_BOUND('',#2454,.F.);
#2454 = EDGE_LOOP('',(#2455,#2456,#2457,#2458));
#2455 = ORIENTED_EDGE('',*,*,#1760,.T.);
#2456 = ORIENTED_EDGE('',*,*,#2377,.T.);
#2457 = ORIENTED_EDGE('',*,*,#1662,.F.);
#2458 = ORIENTED_EDGE('',*,*,#2401,.F.);
#2459 = PLANE('',#2460);
#2460 = AXIS2_PLACEMENT_3D('',#2461,#2462,#2463);
#2461 = CARTESIAN_POINT('',(-2.7,-1.2,0.));
#2462 = DIRECTION('',(1.,-1.224646799147E-16,0.));
#2463 = DIRECTION('',(-1.224646799147E-16,-1.,0.));
#2464 = ADVANCED_FACE('',(#2465),#2476,.T.);
#2465 = FACE_BOUND('',#2466,.T.);
#2466 = EDGE_LOOP('',(#2467,#2468,#2474,#2475));
#2467 = ORIENTED_EDGE('',*,*,#2041,.T.);
#2468 = ORIENTED_EDGE('',*,*,#2469,.T.);
#2469 = EDGE_CURVE('',#1981,#1881,#2470,.T.);
#2470 = LINE('',#2471,#2472);
#2471 = CARTESIAN_POINT('',(-2.7,2.1,0.95));
#2472 = VECTOR('',#2473,1.);
#2473 = DIRECTION('',(-1.224646799147E-16,-1.,0.));
#2474 = ORIENTED_EDGE('',*,*,#1888,.F.);
#2475 = ORIENTED_EDGE('',*,*,#1847,.F.);
#2476 = CYLINDRICAL_SURFACE('',#2477,5.E-02);
#2477 = AXIS2_PLACEMENT_3D('',#2478,#2479,#2480);
#2478 = CARTESIAN_POINT('',(-2.65,2.1,0.95));
#2479 = DIRECTION('',(-1.224646799147E-16,-1.,0.));
#2480 = DIRECTION('',(0.,0.,1.));
#2481 = ADVANCED_FACE('',(#2482),#2498,.T.);
#2482 = FACE_BOUND('',#2483,.T.);
#2483 = EDGE_LOOP('',(#2484,#2485,#2491,#2492));
#2484 = ORIENTED_EDGE('',*,*,#1988,.T.);
#2485 = ORIENTED_EDGE('',*,*,#2486,.T.);
#2486 = EDGE_CURVE('',#1989,#1872,#2487,.T.);
#2487 = LINE('',#2488,#2489);
#2488 = CARTESIAN_POINT('',(-2.65,2.1,-6.938893903907E-18));
#2489 = VECTOR('',#2490,1.);
#2490 = DIRECTION('',(-1.224646799147E-16,-1.,0.));
#2491 = ORIENTED_EDGE('',*,*,#1869,.F.);
#2492 = ORIENTED_EDGE('',*,*,#2493,.F.);
#2493 = EDGE_CURVE('',#1979,#1870,#2494,.T.);
#2494 = LINE('',#2495,#2496);
#2495 = CARTESIAN_POINT('',(-2.7,2.1,5.E-02));
#2496 = VECTOR('',#2497,1.);
#2497 = DIRECTION('',(-1.224646799147E-16,-1.,0.));
#2498 = CYLINDRICAL_SURFACE('',#2499,5.E-02);
#2499 = AXIS2_PLACEMENT_3D('',#2500,#2501,#2502);
#2500 = CARTESIAN_POINT('',(-2.65,2.1,5.E-02));
#2501 = DIRECTION('',(-1.224646799147E-16,-1.,0.));
#2502 = DIRECTION('',(-1.,1.224646799147E-16,0.));
#2503 = ADVANCED_FACE('',(#2504),#2510,.F.);
#2504 = FACE_BOUND('',#2505,.F.);
#2505 = EDGE_LOOP('',(#2506,#2507,#2508,#2509));
#2506 = ORIENTED_EDGE('',*,*,#1997,.T.);
#2507 = ORIENTED_EDGE('',*,*,#2486,.T.);
#2508 = ORIENTED_EDGE('',*,*,#1940,.T.);
#2509 = ORIENTED_EDGE('',*,*,#2107,.T.);
#2510 = PLANE('',#2511);
#2511 = AXIS2_PLACEMENT_3D('',#2512,#2513,#2514);
#2512 = CARTESIAN_POINT('',(-2.25,1.65,0.));
#2513 = DIRECTION('',(0.,0.,1.));
#2514 = DIRECTION('',(-1.,1.224646799147E-16,0.));
#2515 = ADVANCED_FACE('',(#2516),#2527,.T.);
#2516 = FACE_BOUND('',#2517,.T.);
#2517 = EDGE_LOOP('',(#2518,#2519,#2520,#2526));
#2518 = ORIENTED_EDGE('',*,*,#2343,.F.);
#2519 = ORIENTED_EDGE('',*,*,#2023,.T.);
#2520 = ORIENTED_EDGE('',*,*,#2521,.T.);
#2521 = EDGE_CURVE('',#2024,#1906,#2522,.T.);
#2522 = LINE('',#2523,#2524);
#2523 = CARTESIAN_POINT('',(-2.6,2.2,0.85));
#2524 = VECTOR('',#2525,1.);
#2525 = DIRECTION('',(-1.224646799147E-16,-1.,0.));
#2526 = ORIENTED_EDGE('',*,*,#1914,.T.);
#2527 = PLANE('',#2528);
#2528 = AXIS2_PLACEMENT_3D('',#2529,#2530,#2531);
#2529 = CARTESIAN_POINT('',(-2.6,2.2,0.1));
#2530 = DIRECTION('',(1.,-1.224646799147E-16,0.));
#2531 = DIRECTION('',(-1.224646799147E-16,-1.,0.));
#2532 = ADVANCED_FACE('',(#2533),#2539,.F.);
#2533 = FACE_BOUND('',#2534,.F.);
#2534 = EDGE_LOOP('',(#2535,#2536,#2537,#2538));
#2535 = ORIENTED_EDGE('',*,*,#2521,.T.);
#2536 = ORIENTED_EDGE('',*,*,#1905,.F.);
#2537 = ORIENTED_EDGE('',*,*,#1963,.F.);
#2538 = ORIENTED_EDGE('',*,*,#2031,.T.);
#2539 = CYLINDRICAL_SURFACE('',#2540,5.E-02);
#2540 = AXIS2_PLACEMENT_3D('',#2541,#2542,#2543);
#2541 = CARTESIAN_POINT('',(-2.55,2.2,0.85));
#2542 = DIRECTION('',(-1.224646799147E-16,-1.,0.));
#2543 = DIRECTION('',(-1.,1.224646799147E-16,0.));
#2544 = ADVANCED_FACE('',(#2545),#2551,.F.);
#2545 = FACE_BOUND('',#2546,.F.);
#2546 = EDGE_LOOP('',(#2547,#2548,#2549,#2550));
#2547 = ORIENTED_EDGE('',*,*,#1978,.T.);
#2548 = ORIENTED_EDGE('',*,*,#2469,.T.);
#2549 = ORIENTED_EDGE('',*,*,#1880,.F.);
#2550 = ORIENTED_EDGE('',*,*,#2493,.F.);
#2551 = PLANE('',#2552);
#2552 = AXIS2_PLACEMENT_3D('',#2553,#2554,#2555);
#2553 = CARTESIAN_POINT('',(-2.7,2.1,0.));
#2554 = DIRECTION('',(1.,-1.224646799147E-16,0.));
#2555 = DIRECTION('',(-1.224646799147E-16,-1.,0.));
#2556 = ( GEOMETRIC_REPRESENTATION_CONTEXT(3) 
GLOBAL_UNCERTAINTY_ASSIGNED_CONTEXT((#2560)) 
GLOBAL_UNIT_ASSIGNED_CONTEXT((#2557,#2558,#2559)) REPRESENTATION_CONTEXT
('Context #1','3D Context with UNIT and UNCERTAINTY') );
#2557 = ( LENGTH_UNIT() NAMED_UNIT(*) SI_UNIT(.MILLI.,.METRE.) );
#2558 = ( NAMED_UNIT(*) PLANE_ANGLE_UNIT() SI_UNIT($,.RADIAN.) );
#2559 = ( NAMED_UNIT(*) SI_UNIT($,.STERADIAN.) SOLID_ANGLE_UNIT() );
#2560 = UNCERTAINTY_MEASURE_WITH_UNIT(LENGTH_MEASURE(1.E-07),#2557,
  'distance_accuracy_value','confusion accuracy');
#2561 = CONTEXT_DEPENDENT_SHAPE_REPRESENTATION(#2562,#2564);
#2562 = ( REPRESENTATION_RELATIONSHIP('','',#288,#10) 
REPRESENTATION_RELATIONSHIP_WITH_TRANSFORMATION(#2563) 
SHAPE_REPRESENTATION_RELATIONSHIP() );
#2563 = ITEM_DEFINED_TRANSFORMATION('','',#11,#15);
#2564 = PRODUCT_DEFINITION_SHAPE('Placement','Placement of an item',
  #2565);
#2565 = NEXT_ASSEMBLY_USAGE_OCCURRENCE('1','D28','',#5,#283,$);
#2566 = PRODUCT_RELATED_PRODUCT_CATEGORY('part',$,(#285));
#2567 = CONTEXT_DEPENDENT_SHAPE_REPRESENTATION(#2568,#2570);
#2568 = ( REPRESENTATION_RELATIONSHIP('','',#288,#10) 
REPRESENTATION_RELATIONSHIP_WITH_TRANSFORMATION(#2569) 
SHAPE_REPRESENTATION_RELATIONSHIP() );
#2569 = ITEM_DEFINED_TRANSFORMATION('','',#11,#19);
#2570 = PRODUCT_DEFINITION_SHAPE('Placement','Placement of an item',
  #2571);
#2571 = NEXT_ASSEMBLY_USAGE_OCCURRENCE('2','D30','',#5,#283,$);
#2572 = CONTEXT_DEPENDENT_SHAPE_REPRESENTATION(#2573,#2575);
#2573 = ( REPRESENTATION_RELATIONSHIP('','',#288,#10) 
REPRESENTATION_RELATIONSHIP_WITH_TRANSFORMATION(#2574) 
SHAPE_REPRESENTATION_RELATIONSHIP() );
#2574 = ITEM_DEFINED_TRANSFORMATION('','',#11,#23);
#2575 = PRODUCT_DEFINITION_SHAPE('Placement','Placement of an item',
  #2576);
#2576 = NEXT_ASSEMBLY_USAGE_OCCURRENCE('3','D63','',#5,#283,$);
#2577 = CONTEXT_DEPENDENT_SHAPE_REPRESENTATION(#2578,#2580);
#2578 = ( REPRESENTATION_RELATIONSHIP('','',#288,#10) 
REPRESENTATION_RELATIONSHIP_WITH_TRANSFORMATION(#2579) 
SHAPE_REPRESENTATION_RELATIONSHIP() );
#2579 = ITEM_DEFINED_TRANSFORMATION('','',#11,#27);
#2580 = PRODUCT_DEFINITION_SHAPE('Placement','Placement of an item',
  #2581);
#2581 = NEXT_ASSEMBLY_USAGE_OCCURRENCE('4','D1','',#5,#283,$);
#2582 = CONTEXT_DEPENDENT_SHAPE_REPRESENTATION(#2583,#2585);
#2583 = ( REPRESENTATION_RELATIONSHIP('','',#288,#10) 
REPRESENTATION_RELATIONSHIP_WITH_TRANSFORMATION(#2584) 
SHAPE_REPRESENTATION_RELATIONSHIP() );
#2584 = ITEM_DEFINED_TRANSFORMATION('','',#11,#31);
#2585 = PRODUCT_DEFINITION_SHAPE('Placement','Placement of an item',
  #2586);
#2586 = NEXT_ASSEMBLY_USAGE_OCCURRENCE('5','D50','',#5,#283,$);
#2587 = CONTEXT_DEPENDENT_SHAPE_REPRESENTATION(#2588,#2590);
#2588 = ( REPRESENTATION_RELATIONSHIP('','',#288,#10) 
REPRESENTATION_RELATIONSHIP_WITH_TRANSFORMATION(#2589) 
SHAPE_REPRESENTATION_RELATIONSHIP() );
#2589 = ITEM_DEFINED_TRANSFORMATION('','',#11,#35);
#2590 = PRODUCT_DEFINITION_SHAPE('Placement','Placement of an item',
  #2591);
#2591 = NEXT_ASSEMBLY_USAGE_OCCURRENCE('6','D52','',#5,#283,$);
#2592 = CONTEXT_DEPENDENT_SHAPE_REPRESENTATION(#2593,#2595);
#2593 = ( REPRESENTATION_RELATIONSHIP('','',#288,#10) 
REPRESENTATION_RELATIONSHIP_WITH_TRANSFORMATION(#2594) 
SHAPE_REPRESENTATION_RELATIONSHIP() );
#2594 = ITEM_DEFINED_TRANSFORMATION('','',#11,#39);
#2595 = PRODUCT_DEFINITION_SHAPE('Placement','Placement of an item',
  #2596);
#2596 = NEXT_ASSEMBLY_USAGE_OCCURRENCE('7','D34','',#5,#283,$);
#2597 = CONTEXT_DEPENDENT_SHAPE_REPRESENTATION(#2598,#2600);
#2598 = ( REPRESENTATION_RELATIONSHIP('','',#288,#10) 
REPRESENTATION_RELATIONSHIP_WITH_TRANSFORMATION(#2599) 
SHAPE_REPRESENTATION_RELATIONSHIP() );
#2599 = ITEM_DEFINED_TRANSFORMATION('','',#11,#43);
#2600 = PRODUCT_DEFINITION_SHAPE('Placement','Placement of an item',
  #2601);
#2601 = NEXT_ASSEMBLY_USAGE_OCCURRENCE('8','D54','',#5,#283,$);
#2602 = CONTEXT_DEPENDENT_SHAPE_REPRESENTATION(#2603,#2605);
#2603 = ( REPRESENTATION_RELATIONSHIP('','',#288,#10) 
REPRESENTATION_RELATIONSHIP_WITH_TRANSFORMATION(#2604) 
SHAPE_REPRESENTATION_RELATIONSHIP() );
#2604 = ITEM_DEFINED_TRANSFORMATION('','',#11,#47);
#2605 = PRODUCT_DEFINITION_SHAPE('Placement','Placement of an item',
  #2606);
#2606 = NEXT_ASSEMBLY_USAGE_OCCURRENCE('9','D18','',#5,#283,$);
#2607 = CONTEXT_DEPENDENT_SHAPE_REPRESENTATION(#2608,#2610);
#2608 = ( REPRESENTATION_RELATIONSHIP('','',#288,#10) 
REPRESENTATION_RELATIONSHIP_WITH_TRANSFORMATION(#2609) 
SHAPE_REPRESENTATION_RELATIONSHIP() );
#2609 = ITEM_DEFINED_TRANSFORMATION('','',#11,#51);
#2610 = PRODUCT_DEFINITION_SHAPE('Placement','Placement of an item',
  #2611);
#2611 = NEXT_ASSEMBLY_USAGE_OCCURRENCE('10','D6','',#5,#283,$);
#2612 = CONTEXT_DEPENDENT_SHAPE_REPRESENTATION(#2613,#2615);
#2613 = ( REPRESENTATION_RELATIONSHIP('','',#288,#10) 
REPRESENTATION_RELATIONSHIP_WITH_TRANSFORMATION(#2614) 
SHAPE_REPRESENTATION_RELATIONSHIP() );
#2614 = ITEM_DEFINED_TRANSFORMATION('','',#11,#55);
#2615 = PRODUCT_DEFINITION_SHAPE('Placement','Placement of an item',
  #2616);
#2616 = NEXT_ASSEMBLY_USAGE_OCCURRENCE('11','D5','',#5,#283,$);
#2617 = CONTEXT_DEPENDENT_SHAPE_REPRESENTATION(#2618,#2620);
#2618 = ( REPRESENTATION_RELATIONSHIP('','',#288,#10) 
REPRESENTATION_RELATIONSHIP_WITH_TRANSFORMATION(#2619) 
SHAPE_REPRESENTATION_RELATIONSHIP() );
#2619 = ITEM_DEFINED_TRANSFORMATION('','',#11,#59);
#2620 = PRODUCT_DEFINITION_SHAPE('Placement','Placement of an item',
  #2621);
#2621 = NEXT_ASSEMBLY_USAGE_OCCURRENCE('12','D22','',#5,#283,$);
#2622 = CONTEXT_DEPENDENT_SHAPE_REPRESENTATION(#2623,#2625);
#2623 = ( REPRESENTATION_RELATIONSHIP('','',#288,#10) 
REPRESENTATION_RELATIONSHIP_WITH_TRANSFORMATION(#2624) 
SHAPE_REPRESENTATION_RELATIONSHIP() );
#2624 = ITEM_DEFINED_TRANSFORMATION('','',#11,#63);
#2625 = PRODUCT_DEFINITION_SHAPE('Placement','Placement of an item',
  #2626);
#2626 = NEXT_ASSEMBLY_USAGE_OCCURRENCE('13','D33','',#5,#283,$);
#2627 = CONTEXT_DEPENDENT_SHAPE_REPRESENTATION(#2628,#2630);
#2628 = ( REPRESENTATION_RELATIONSHIP('','',#288,#10) 
REPRESENTATION_RELATIONSHIP_WITH_TRANSFORMATION(#2629) 
SHAPE_REPRESENTATION_RELATIONSHIP() );
#2629 = ITEM_DEFINED_TRANSFORMATION('','',#11,#67);
#2630 = PRODUCT_DEFINITION_SHAPE('Placement','Placement of an item',
  #2631);
#2631 = NEXT_ASSEMBLY_USAGE_OCCURRENCE('14','D15','',#5,#283,$);
#2632 = CONTEXT_DEPENDENT_SHAPE_REPRESENTATION(#2633,#2635);
#2633 = ( REPRESENTATION_RELATIONSHIP('','',#288,#10) 
REPRESENTATION_RELATIONSHIP_WITH_TRANSFORMATION(#2634) 
SHAPE_REPRESENTATION_RELATIONSHIP() );
#2634 = ITEM_DEFINED_TRANSFORMATION('','',#11,#71);
#2635 = PRODUCT_DEFINITION_SHAPE('Placement','Placement of an item',
  #2636);
#2636 = NEXT_ASSEMBLY_USAGE_OCCURRENCE('15','D21','',#5,#283,$);
#2637 = CONTEXT_DEPENDENT_SHAPE_REPRESENTATION(#2638,#2640);
#2638 = ( REPRESENTATION_RELATIONSHIP('','',#288,#10) 
REPRESENTATION_RELATIONSHIP_WITH_TRANSFORMATION(#2639) 
SHAPE_REPRESENTATION_RELATIONSHIP() );
#2639 = ITEM_DEFINED_TRANSFORMATION('','',#11,#75);
#2640 = PRODUCT_DEFINITION_SHAPE('Placement','Placement of an item',
  #2641);
#2641 = NEXT_ASSEMBLY_USAGE_OCCURRENCE('16','D62','',#5,#283,$);
#2642 = CONTEXT_DEPENDENT_SHAPE_REPRESENTATION(#2643,#2645);
#2643 = ( REPRESENTATION_RELATIONSHIP('','',#288,#10) 
REPRESENTATION_RELATIONSHIP_WITH_TRANSFORMATION(#2644) 
SHAPE_REPRESENTATION_RELATIONSHIP() );
#2644 = ITEM_DEFINED_TRANSFORMATION('','',#11,#79);
#2645 = PRODUCT_DEFINITION_SHAPE('Placement','Placement of an item',
  #2646);
#2646 = NEXT_ASSEMBLY_USAGE_OCCURRENCE('17','D35','',#5,#283,$);
#2647 = CONTEXT_DEPENDENT_SHAPE_REPRESENTATION(#2648,#2650);
#2648 = ( REPRESENTATION_RELATIONSHIP('','',#288,#10) 
REPRESENTATION_RELATIONSHIP_WITH_TRANSFORMATION(#2649) 
SHAPE_REPRESENTATION_RELATIONSHIP() );
#2649 = ITEM_DEFINED_TRANSFORMATION('','',#11,#83);
#2650 = PRODUCT_DEFINITION_SHAPE('Placement','Placement of an item',
  #2651);
#2651 = NEXT_ASSEMBLY_USAGE_OCCURRENCE('18','D37','',#5,#283,$);
#2652 = CONTEXT_DEPENDENT_SHAPE_REPRESENTATION(#2653,#2655);
#2653 = ( REPRESENTATION_RELATIONSHIP('','',#288,#10) 
REPRESENTATION_RELATIONSHIP_WITH_TRANSFORMATION(#2654) 
SHAPE_REPRESENTATION_RELATIONSHIP() );
#2654 = ITEM_DEFINED_TRANSFORMATION('','',#11,#87);
#2655 = PRODUCT_DEFINITION_SHAPE('Placement','Placement of an item',
  #2656);
#2656 = NEXT_ASSEMBLY_USAGE_OCCURRENCE('19','D41','',#5,#283,$);
#2657 = CONTEXT_DEPENDENT_SHAPE_REPRESENTATION(#2658,#2660);
#2658 = ( REPRESENTATION_RELATIONSHIP('','',#288,#10) 
REPRESENTATION_RELATIONSHIP_WITH_TRANSFORMATION(#2659) 
SHAPE_REPRESENTATION_RELATIONSHIP() );
#2659 = ITEM_DEFINED_TRANSFORMATION('','',#11,#91);
#2660 = PRODUCT_DEFINITION_SHAPE('Placement','Placement of an item',
  #2661);
#2661 = NEXT_ASSEMBLY_USAGE_OCCURRENCE('20','D58','',#5,#283,$);
#2662 = CONTEXT_DEPENDENT_SHAPE_REPRESENTATION(#2663,#2665);
#2663 = ( REPRESENTATION_RELATIONSHIP('','',#288,#10) 
REPRESENTATION_RELATIONSHIP_WITH_TRANSFORMATION(#2664) 
SHAPE_REPRESENTATION_RELATIONSHIP() );
#2664 = ITEM_DEFINED_TRANSFORMATION('','',#11,#95);
#2665 = PRODUCT_DEFINITION_SHAPE('Placement','Placement of an item',
  #2666);
#2666 = NEXT_ASSEMBLY_USAGE_OCCURRENCE('21','D19','',#5,#283,$);
#2667 = CONTEXT_DEPENDENT_SHAPE_REPRESENTATION(#2668,#2670);
#2668 = ( REPRESENTATION_RELATIONSHIP('','',#288,#10) 
REPRESENTATION_RELATIONSHIP_WITH_TRANSFORMATION(#2669) 
SHAPE_REPRESENTATION_RELATIONSHIP() );
#2669 = ITEM_DEFINED_TRANSFORMATION('','',#11,#99);
#2670 = PRODUCT_DEFINITION_SHAPE('Placement','Placement of an item',
  #2671);
#2671 = NEXT_ASSEMBLY_USAGE_OCCURRENCE('22','D59','',#5,#283,$);
#2672 = CONTEXT_DEPENDENT_SHAPE_REPRESENTATION(#2673,#2675);
#2673 = ( REPRESENTATION_RELATIONSHIP('','',#288,#10) 
REPRESENTATION_RELATIONSHIP_WITH_TRANSFORMATION(#2674) 
SHAPE_REPRESENTATION_RELATIONSHIP() );
#2674 = ITEM_DEFINED_TRANSFORMATION('','',#11,#103);
#2675 = PRODUCT_DEFINITION_SHAPE('Placement','Placement of an item',
  #2676);
#2676 = NEXT_ASSEMBLY_USAGE_OCCURRENCE('23','D4','',#5,#283,$);
#2677 = CONTEXT_DEPENDENT_SHAPE_REPRESENTATION(#2678,#2680);
#2678 = ( REPRESENTATION_RELATIONSHIP('','',#288,#10) 
REPRESENTATION_RELATIONSHIP_WITH_TRANSFORMATION(#2679) 
SHAPE_REPRESENTATION_RELATIONSHIP() );
#2679 = ITEM_DEFINED_TRANSFORMATION('','',#11,#107);
#2680 = PRODUCT_DEFINITION_SHAPE('Placement','Placement of an item',
  #2681);
#2681 = NEXT_ASSEMBLY_USAGE_OCCURRENCE('24','D12','',#5,#283,$);
#2682 = CONTEXT_DEPENDENT_SHAPE_REPRESENTATION(#2683,#2685);
#2683 = ( REPRESENTATION_RELATIONSHIP('','',#288,#10) 
REPRESENTATION_RELATIONSHIP_WITH_TRANSFORMATION(#2684) 
SHAPE_REPRESENTATION_RELATIONSHIP() );
#2684 = ITEM_DEFINED_TRANSFORMATION('','',#11,#111);
#2685 = PRODUCT_DEFINITION_SHAPE('Placement','Placement of an item',
  #2686);
#2686 = NEXT_ASSEMBLY_USAGE_OCCURRENCE('25','D44','',#5,#283,$);
#2687 = CONTEXT_DEPENDENT_SHAPE_REPRESENTATION(#2688,#2690);
#2688 = ( REPRESENTATION_RELATIONSHIP('','',#288,#10) 
REPRESENTATION_RELATIONSHIP_WITH_TRANSFORMATION(#2689) 
SHAPE_REPRESENTATION_RELATIONSHIP() );
#2689 = ITEM_DEFINED_TRANSFORMATION('','',#11,#115);
#2690 = PRODUCT_DEFINITION_SHAPE('Placement','Placement of an item',
  #2691);
#2691 = NEXT_ASSEMBLY_USAGE_OCCURRENCE('26','D40','',#5,#283,$);
#2692 = CONTEXT_DEPENDENT_SHAPE_REPRESENTATION(#2693,#2695);
#2693 = ( REPRESENTATION_RELATIONSHIP('','',#288,#10) 
REPRESENTATION_RELATIONSHIP_WITH_TRANSFORMATION(#2694) 
SHAPE_REPRESENTATION_RELATIONSHIP() );
#2694 = ITEM_DEFINED_TRANSFORMATION('','',#11,#119);
#2695 = PRODUCT_DEFINITION_SHAPE('Placement','Placement of an item',
  #2696);
#2696 = NEXT_ASSEMBLY_USAGE_OCCURRENCE('27','D10','',#5,#283,$);
#2697 = CONTEXT_DEPENDENT_SHAPE_REPRESENTATION(#2698,#2700);
#2698 = ( REPRESENTATION_RELATIONSHIP('','',#288,#10) 
REPRESENTATION_RELATIONSHIP_WITH_TRANSFORMATION(#2699) 
SHAPE_REPRESENTATION_RELATIONSHIP() );
#2699 = ITEM_DEFINED_TRANSFORMATION('','',#11,#123);
#2700 = PRODUCT_DEFINITION_SHAPE('Placement','Placement of an item',
  #2701);
#2701 = NEXT_ASSEMBLY_USAGE_OCCURRENCE('28','D23','',#5,#283,$);
#2702 = CONTEXT_DEPENDENT_SHAPE_REPRESENTATION(#2703,#2705);
#2703 = ( REPRESENTATION_RELATIONSHIP('','',#288,#10) 
REPRESENTATION_RELATIONSHIP_WITH_TRANSFORMATION(#2704) 
SHAPE_REPRESENTATION_RELATIONSHIP() );
#2704 = ITEM_DEFINED_TRANSFORMATION('','',#11,#127);
#2705 = PRODUCT_DEFINITION_SHAPE('Placement','Placement of an item',
  #2706);
#2706 = NEXT_ASSEMBLY_USAGE_OCCURRENCE('29','D42','',#5,#283,$);
#2707 = CONTEXT_DEPENDENT_SHAPE_REPRESENTATION(#2708,#2710);
#2708 = ( REPRESENTATION_RELATIONSHIP('','',#288,#10) 
REPRESENTATION_RELATIONSHIP_WITH_TRANSFORMATION(#2709) 
SHAPE_REPRESENTATION_RELATIONSHIP() );
#2709 = ITEM_DEFINED_TRANSFORMATION('','',#11,#131);
#2710 = PRODUCT_DEFINITION_SHAPE('Placement','Placement of an item',
  #2711);
#2711 = NEXT_ASSEMBLY_USAGE_OCCURRENCE('30','D48','',#5,#283,$);
#2712 = CONTEXT_DEPENDENT_SHAPE_REPRESENTATION(#2713,#2715);
#2713 = ( REPRESENTATION_RELATIONSHIP('','',#288,#10) 
REPRESENTATION_RELATIONSHIP_WITH_TRANSFORMATION(#2714) 
SHAPE_REPRESENTATION_RELATIONSHIP() );
#2714 = ITEM_DEFINED_TRANSFORMATION('','',#11,#135);
#2715 = PRODUCT_DEFINITION_SHAPE('Placement','Placement of an item',
  #2716);
#2716 = NEXT_ASSEMBLY_USAGE_OCCURRENCE('31','D60','',#5,#283,$);
#2717 = CONTEXT_DEPENDENT_SHAPE_REPRESENTATION(#2718,#2720);
#2718 = ( REPRESENTATION_RELATIONSHIP('','',#288,#10) 
REPRESENTATION_RELATIONSHIP_WITH_TRANSFORMATION(#2719) 
SHAPE_REPRESENTATION_RELATIONSHIP() );
#2719 = ITEM_DEFINED_TRANSFORMATION('','',#11,#139);
#2720 = PRODUCT_DEFINITION_SHAPE('Placement','Placement of an item',
  #2721);
#2721 = NEXT_ASSEMBLY_USAGE_OCCURRENCE('32','D38','',#5,#283,$);
#2722 = CONTEXT_DEPENDENT_SHAPE_REPRESENTATION(#2723,#2725);
#2723 = ( REPRESENTATION_RELATIONSHIP('','',#288,#10) 
REPRESENTATION_RELATIONSHIP_WITH_TRANSFORMATION(#2724) 
SHAPE_REPRESENTATION_RELATIONSHIP() );
#2724 = ITEM_DEFINED_TRANSFORMATION('','',#11,#143);
#2725 = PRODUCT_DEFINITION_SHAPE('Placement','Placement of an item',
  #2726);
#2726 = NEXT_ASSEMBLY_USAGE_OCCURRENCE('33','D57','',#5,#283,$);
#2727 = CONTEXT_DEPENDENT_SHAPE_REPRESENTATION(#2728,#2730);
#2728 = ( REPRESENTATION_RELATIONSHIP('','',#288,#10) 
REPRESENTATION_RELATIONSHIP_WITH_TRANSFORMATION(#2729) 
SHAPE_REPRESENTATION_RELATIONSHIP() );
#2729 = ITEM_DEFINED_TRANSFORMATION('','',#11,#147);
#2730 = PRODUCT_DEFINITION_SHAPE('Placement','Placement of an item',
  #2731);
#2731 = NEXT_ASSEMBLY_USAGE_OCCURRENCE('34','D9','',#5,#283,$);
#2732 = CONTEXT_DEPENDENT_SHAPE_REPRESENTATION(#2733,#2735);
#2733 = ( REPRESENTATION_RELATIONSHIP('','',#288,#10) 
REPRESENTATION_RELATIONSHIP_WITH_TRANSFORMATION(#2734) 
SHAPE_REPRESENTATION_RELATIONSHIP() );
#2734 = ITEM_DEFINED_TRANSFORMATION('','',#11,#151);
#2735 = PRODUCT_DEFINITION_SHAPE('Placement','Placement of an item',
  #2736);
#2736 = NEXT_ASSEMBLY_USAGE_OCCURRENCE('35','D47','',#5,#283,$);
#2737 = CONTEXT_DEPENDENT_SHAPE_REPRESENTATION(#2738,#2740);
#2738 = ( REPRESENTATION_RELATIONSHIP('','',#288,#10) 
REPRESENTATION_RELATIONSHIP_WITH_TRANSFORMATION(#2739) 
SHAPE_REPRESENTATION_RELATIONSHIP() );
#2739 = ITEM_DEFINED_TRANSFORMATION('','',#11,#155);
#2740 = PRODUCT_DEFINITION_SHAPE('Placement','Placement of an item',
  #2741);
#2741 = NEXT_ASSEMBLY_USAGE_OCCURRENCE('36','D39','',#5,#283,$);
#2742 = CONTEXT_DEPENDENT_SHAPE_REPRESENTATION(#2743,#2745);
#2743 = ( REPRESENTATION_RELATIONSHIP('','',#288,#10) 
REPRESENTATION_RELATIONSHIP_WITH_TRANSFORMATION(#2744) 
SHAPE_REPRESENTATION_RELATIONSHIP() );
#2744 = ITEM_DEFINED_TRANSFORMATION('','',#11,#159);
#2745 = PRODUCT_DEFINITION_SHAPE('Placement','Placement of an item',
  #2746);
#2746 = NEXT_ASSEMBLY_USAGE_OCCURRENCE('37','D24','',#5,#283,$);
#2747 = CONTEXT_DEPENDENT_SHAPE_REPRESENTATION(#2748,#2750);
#2748 = ( REPRESENTATION_RELATIONSHIP('','',#288,#10) 
REPRESENTATION_RELATIONSHIP_WITH_TRANSFORMATION(#2749) 
SHAPE_REPRESENTATION_RELATIONSHIP() );
#2749 = ITEM_DEFINED_TRANSFORMATION('','',#11,#163);
#2750 = PRODUCT_DEFINITION_SHAPE('Placement','Placement of an item',
  #2751);
#2751 = NEXT_ASSEMBLY_USAGE_OCCURRENCE('38','D36','',#5,#283,$);
#2752 = CONTEXT_DEPENDENT_SHAPE_REPRESENTATION(#2753,#2755);
#2753 = ( REPRESENTATION_RELATIONSHIP('','',#288,#10) 
REPRESENTATION_RELATIONSHIP_WITH_TRANSFORMATION(#2754) 
SHAPE_REPRESENTATION_RELATIONSHIP() );
#2754 = ITEM_DEFINED_TRANSFORMATION('','',#11,#167);
#2755 = PRODUCT_DEFINITION_SHAPE('Placement','Placement of an item',
  #2756);
#2756 = NEXT_ASSEMBLY_USAGE_OCCURRENCE('39','D14','',#5,#283,$);
#2757 = CONTEXT_DEPENDENT_SHAPE_REPRESENTATION(#2758,#2760);
#2758 = ( REPRESENTATION_RELATIONSHIP('','',#288,#10) 
REPRESENTATION_RELATIONSHIP_WITH_TRANSFORMATION(#2759) 
SHAPE_REPRESENTATION_RELATIONSHIP() );
#2759 = ITEM_DEFINED_TRANSFORMATION('','',#11,#171);
#2760 = PRODUCT_DEFINITION_SHAPE('Placement','Placement of an item',
  #2761);
#2761 = NEXT_ASSEMBLY_USAGE_OCCURRENCE('40','D55','',#5,#283,$);
#2762 = CONTEXT_DEPENDENT_SHAPE_REPRESENTATION(#2763,#2765);
#2763 = ( REPRESENTATION_RELATIONSHIP('','',#288,#10) 
REPRESENTATION_RELATIONSHIP_WITH_TRANSFORMATION(#2764) 
SHAPE_REPRESENTATION_RELATIONSHIP() );
#2764 = ITEM_DEFINED_TRANSFORMATION('','',#11,#175);
#2765 = PRODUCT_DEFINITION_SHAPE('Placement','Placement of an item',
  #2766);
#2766 = NEXT_ASSEMBLY_USAGE_OCCURRENCE('41','D53','',#5,#283,$);
#2767 = CONTEXT_DEPENDENT_SHAPE_REPRESENTATION(#2768,#2770);
#2768 = ( REPRESENTATION_RELATIONSHIP('','',#288,#10) 
REPRESENTATION_RELATIONSHIP_WITH_TRANSFORMATION(#2769) 
SHAPE_REPRESENTATION_RELATIONSHIP() );
#2769 = ITEM_DEFINED_TRANSFORMATION('','',#11,#179);
#2770 = PRODUCT_DEFINITION_SHAPE('Placement','Placement of an item',
  #2771);
#2771 = NEXT_ASSEMBLY_USAGE_OCCURRENCE('42','D43','',#5,#283,$);
#2772 = CONTEXT_DEPENDENT_SHAPE_REPRESENTATION(#2773,#2775);
#2773 = ( REPRESENTATION_RELATIONSHIP('','',#288,#10) 
REPRESENTATION_RELATIONSHIP_WITH_TRANSFORMATION(#2774) 
SHAPE_REPRESENTATION_RELATIONSHIP() );
#2774 = ITEM_DEFINED_TRANSFORMATION('','',#11,#183);
#2775 = PRODUCT_DEFINITION_SHAPE('Placement','Placement of an item',
  #2776);
#2776 = NEXT_ASSEMBLY_USAGE_OCCURRENCE('43','D46','',#5,#283,$);
#2777 = CONTEXT_DEPENDENT_SHAPE_REPRESENTATION(#2778,#2780);
#2778 = ( REPRESENTATION_RELATIONSHIP('','',#288,#10) 
REPRESENTATION_RELATIONSHIP_WITH_TRANSFORMATION(#2779) 
SHAPE_REPRESENTATION_RELATIONSHIP() );
#2779 = ITEM_DEFINED_TRANSFORMATION('','',#11,#187);
#2780 = PRODUCT_DEFINITION_SHAPE('Placement','Placement of an item',
  #2781);
#2781 = NEXT_ASSEMBLY_USAGE_OCCURRENCE('44','D27','',#5,#283,$);
#2782 = CONTEXT_DEPENDENT_SHAPE_REPRESENTATION(#2783,#2785);
#2783 = ( REPRESENTATION_RELATIONSHIP('','',#288,#10) 
REPRESENTATION_RELATIONSHIP_WITH_TRANSFORMATION(#2784) 
SHAPE_REPRESENTATION_RELATIONSHIP() );
#2784 = ITEM_DEFINED_TRANSFORMATION('','',#11,#191);
#2785 = PRODUCT_DEFINITION_SHAPE('Placement','Placement of an item',
  #2786);
#2786 = NEXT_ASSEMBLY_USAGE_OCCURRENCE('45','D7','',#5,#283,$);
#2787 = CONTEXT_DEPENDENT_SHAPE_REPRESENTATION(#2788,#2790);
#2788 = ( REPRESENTATION_RELATIONSHIP('','',#288,#10) 
REPRESENTATION_RELATIONSHIP_WITH_TRANSFORMATION(#2789) 
SHAPE_REPRESENTATION_RELATIONSHIP() );
#2789 = ITEM_DEFINED_TRANSFORMATION('','',#11,#195);
#2790 = PRODUCT_DEFINITION_SHAPE('Placement','Placement of an item',
  #2791);
#2791 = NEXT_ASSEMBLY_USAGE_OCCURRENCE('46','D8','',#5,#283,$);
#2792 = CONTEXT_DEPENDENT_SHAPE_REPRESENTATION(#2793,#2795);
#2793 = ( REPRESENTATION_RELATIONSHIP('','',#288,#10) 
REPRESENTATION_RELATIONSHIP_WITH_TRANSFORMATION(#2794) 
SHAPE_REPRESENTATION_RELATIONSHIP() );
#2794 = ITEM_DEFINED_TRANSFORMATION('','',#11,#199);
#2795 = PRODUCT_DEFINITION_SHAPE('Placement','Placement of an item',
  #2796);
#2796 = NEXT_ASSEMBLY_USAGE_OCCURRENCE('47','D32','',#5,#283,$);
#2797 = CONTEXT_DEPENDENT_SHAPE_REPRESENTATION(#2798,#2800);
#2798 = ( REPRESENTATION_RELATIONSHIP('','',#288,#10) 
REPRESENTATION_RELATIONSHIP_WITH_TRANSFORMATION(#2799) 
SHAPE_REPRESENTATION_RELATIONSHIP() );
#2799 = ITEM_DEFINED_TRANSFORMATION('','',#11,#203);
#2800 = PRODUCT_DEFINITION_SHAPE('Placement','Placement of an item',
  #2801);
#2801 = NEXT_ASSEMBLY_USAGE_OCCURRENCE('48','D45','',#5,#283,$);
#2802 = CONTEXT_DEPENDENT_SHAPE_REPRESENTATION(#2803,#2805);
#2803 = ( REPRESENTATION_RELATIONSHIP('','',#288,#10) 
REPRESENTATION_RELATIONSHIP_WITH_TRANSFORMATION(#2804) 
SHAPE_REPRESENTATION_RELATIONSHIP() );
#2804 = ITEM_DEFINED_TRANSFORMATION('','',#11,#207);
#2805 = PRODUCT_DEFINITION_SHAPE('Placement','Placement of an item',
  #2806);
#2806 = NEXT_ASSEMBLY_USAGE_OCCURRENCE('49','D31','',#5,#283,$);
#2807 = CONTEXT_DEPENDENT_SHAPE_REPRESENTATION(#2808,#2810);
#2808 = ( REPRESENTATION_RELATIONSHIP('','',#288,#10) 
REPRESENTATION_RELATIONSHIP_WITH_TRANSFORMATION(#2809) 
SHAPE_REPRESENTATION_RELATIONSHIP() );
#2809 = ITEM_DEFINED_TRANSFORMATION('','',#11,#211);
#2810 = PRODUCT_DEFINITION_SHAPE('Placement','Placement of an item',
  #2811);
#2811 = NEXT_ASSEMBLY_USAGE_OCCURRENCE('50','D64','',#5,#283,$);
#2812 = CONTEXT_DEPENDENT_SHAPE_REPRESENTATION(#2813,#2815);
#2813 = ( REPRESENTATION_RELATIONSHIP('','',#288,#10) 
REPRESENTATION_RELATIONSHIP_WITH_TRANSFORMATION(#2814) 
SHAPE_REPRESENTATION_RELATIONSHIP() );
#2814 = ITEM_DEFINED_TRANSFORMATION('','',#11,#215);
#2815 = PRODUCT_DEFINITION_SHAPE('Placement','Placement of an item',
  #2816);
#2816 = NEXT_ASSEMBLY_USAGE_OCCURRENCE('51','D61','',#5,#283,$);
#2817 = CONTEXT_DEPENDENT_SHAPE_REPRESENTATION(#2818,#2820);
#2818 = ( REPRESENTATION_RELATIONSHIP('','',#288,#10) 
REPRESENTATION_RELATIONSHIP_WITH_TRANSFORMATION(#2819) 
SHAPE_REPRESENTATION_RELATIONSHIP() );
#2819 = ITEM_DEFINED_TRANSFORMATION('','',#11,#219);
#2820 = PRODUCT_DEFINITION_SHAPE('Placement','Placement of an item',
  #2821);
#2821 = NEXT_ASSEMBLY_USAGE_OCCURRENCE('52','D16','',#5,#283,$);
#2822 = CONTEXT_DEPENDENT_SHAPE_REPRESENTATION(#2823,#2825);
#2823 = ( REPRESENTATION_RELATIONSHIP('','',#288,#10) 
REPRESENTATION_RELATIONSHIP_WITH_TRANSFORMATION(#2824) 
SHAPE_REPRESENTATION_RELATIONSHIP() );
#2824 = ITEM_DEFINED_TRANSFORMATION('','',#11,#223);
#2825 = PRODUCT_DEFINITION_SHAPE('Placement','Placement of an item',
  #2826);
#2826 = NEXT_ASSEMBLY_USAGE_OCCURRENCE('53','D56','',#5,#283,$);
#2827 = CONTEXT_DEPENDENT_SHAPE_REPRESENTATION(#2828,#2830);
#2828 = ( REPRESENTATION_RELATIONSHIP('','',#288,#10) 
REPRESENTATION_RELATIONSHIP_WITH_TRANSFORMATION(#2829) 
SHAPE_REPRESENTATION_RELATIONSHIP() );
#2829 = ITEM_DEFINED_TRANSFORMATION('','',#11,#227);
#2830 = PRODUCT_DEFINITION_SHAPE('Placement','Placement of an item',
  #2831);
#2831 = NEXT_ASSEMBLY_USAGE_OCCURRENCE('54','D13','',#5,#283,$);
#2832 = CONTEXT_DEPENDENT_SHAPE_REPRESENTATION(#2833,#2835);
#2833 = ( REPRESENTATION_RELATIONSHIP('','',#288,#10) 
REPRESENTATION_RELATIONSHIP_WITH_TRANSFORMATION(#2834) 
SHAPE_REPRESENTATION_RELATIONSHIP() );
#2834 = ITEM_DEFINED_TRANSFORMATION('','',#11,#231);
#2835 = PRODUCT_DEFINITION_SHAPE('Placement','Placement of an item',
  #2836);
#2836 = NEXT_ASSEMBLY_USAGE_OCCURRENCE('55','D49','',#5,#283,$);
#2837 = CONTEXT_DEPENDENT_SHAPE_REPRESENTATION(#2838,#2840);
#2838 = ( REPRESENTATION_RELATIONSHIP('','',#288,#10) 
REPRESENTATION_RELATIONSHIP_WITH_TRANSFORMATION(#2839) 
SHAPE_REPRESENTATION_RELATIONSHIP() );
#2839 = ITEM_DEFINED_TRANSFORMATION('','',#11,#235);
#2840 = PRODUCT_DEFINITION_SHAPE('Placement','Placement of an item',
  #2841);
#2841 = NEXT_ASSEMBLY_USAGE_OCCURRENCE('56','D17','',#5,#283,$);
#2842 = CONTEXT_DEPENDENT_SHAPE_REPRESENTATION(#2843,#2845);
#2843 = ( REPRESENTATION_RELATIONSHIP('','',#288,#10) 
REPRESENTATION_RELATIONSHIP_WITH_TRANSFORMATION(#2844) 
SHAPE_REPRESENTATION_RELATIONSHIP() );
#2844 = ITEM_DEFINED_TRANSFORMATION('','',#11,#239);
#2845 = PRODUCT_DEFINITION_SHAPE('Placement','Placement of an item',
  #2846);
#2846 = NEXT_ASSEMBLY_USAGE_OCCURRENCE('57','D25','',#5,#283,$);
#2847 = CONTEXT_DEPENDENT_SHAPE_REPRESENTATION(#2848,#2850);
#2848 = ( REPRESENTATION_RELATIONSHIP('','',#288,#10) 
REPRESENTATION_RELATIONSHIP_WITH_TRANSFORMATION(#2849) 
SHAPE_REPRESENTATION_RELATIONSHIP() );
#2849 = ITEM_DEFINED_TRANSFORMATION('','',#11,#243);
#2850 = PRODUCT_DEFINITION_SHAPE('Placement','Placement of an item',
  #2851);
#2851 = NEXT_ASSEMBLY_USAGE_OCCURRENCE('58','D3','',#5,#283,$);
#2852 = CONTEXT_DEPENDENT_SHAPE_REPRESENTATION(#2853,#2855);
#2853 = ( REPRESENTATION_RELATIONSHIP('','',#288,#10) 
REPRESENTATION_RELATIONSHIP_WITH_TRANSFORMATION(#2854) 
SHAPE_REPRESENTATION_RELATIONSHIP() );
#2854 = ITEM_DEFINED_TRANSFORMATION('','',#11,#247);
#2855 = PRODUCT_DEFINITION_SHAPE('Placement','Placement of an item',
  #2856);
#2856 = NEXT_ASSEMBLY_USAGE_OCCURRENCE('59','D51','',#5,#283,$);
#2857 = CONTEXT_DEPENDENT_SHAPE_REPRESENTATION(#2858,#2860);
#2858 = ( REPRESENTATION_RELATIONSHIP('','',#288,#10) 
REPRESENTATION_RELATIONSHIP_WITH_TRANSFORMATION(#2859) 
SHAPE_REPRESENTATION_RELATIONSHIP() );
#2859 = ITEM_DEFINED_TRANSFORMATION('','',#11,#251);
#2860 = PRODUCT_DEFINITION_SHAPE('Placement','Placement of an item',
  #2861);
#2861 = NEXT_ASSEMBLY_USAGE_OCCURRENCE('60','D29','',#5,#283,$);
#2862 = CONTEXT_DEPENDENT_SHAPE_REPRESENTATION(#2863,#2865);
#2863 = ( REPRESENTATION_RELATIONSHIP('','',#288,#10) 
REPRESENTATION_RELATIONSHIP_WITH_TRANSFORMATION(#2864) 
SHAPE_REPRESENTATION_RELATIONSHIP() );
#2864 = ITEM_DEFINED_TRANSFORMATION('','',#11,#255);
#2865 = PRODUCT_DEFINITION_SHAPE('Placement','Placement of an item',
  #2866);
#2866 = NEXT_ASSEMBLY_USAGE_OCCURRENCE('61','D20','',#5,#283,$);
#2867 = CONTEXT_DEPENDENT_SHAPE_REPRESENTATION(#2868,#2870);
#2868 = ( REPRESENTATION_RELATIONSHIP('','',#288,#10) 
REPRESENTATION_RELATIONSHIP_WITH_TRANSFORMATION(#2869) 
SHAPE_REPRESENTATION_RELATIONSHIP() );
#2869 = ITEM_DEFINED_TRANSFORMATION('','',#11,#259);
#2870 = PRODUCT_DEFINITION_SHAPE('Placement','Placement of an item',
  #2871);
#2871 = NEXT_ASSEMBLY_USAGE_OCCURRENCE('62','D26','',#5,#283,$);
#2872 = CONTEXT_DEPENDENT_SHAPE_REPRESENTATION(#2873,#2875);
#2873 = ( REPRESENTATION_RELATIONSHIP('','',#288,#10) 
REPRESENTATION_RELATIONSHIP_WITH_TRANSFORMATION(#2874) 
SHAPE_REPRESENTATION_RELATIONSHIP() );
#2874 = ITEM_DEFINED_TRANSFORMATION('','',#11,#263);
#2875 = PRODUCT_DEFINITION_SHAPE('Placement','Placement of an item',
  #2876);
#2876 = NEXT_ASSEMBLY_USAGE_OCCURRENCE('63','D2','',#5,#283,$);
#2877 = CONTEXT_DEPENDENT_SHAPE_REPRESENTATION(#2878,#2880);
#2878 = ( REPRESENTATION_RELATIONSHIP('','',#288,#10) 
REPRESENTATION_RELATIONSHIP_WITH_TRANSFORMATION(#2879) 
SHAPE_REPRESENTATION_RELATIONSHIP() );
#2879 = ITEM_DEFINED_TRANSFORMATION('','',#11,#267);
#2880 = PRODUCT_DEFINITION_SHAPE('Placement','Placement of an item',
  #2881);
#2881 = NEXT_ASSEMBLY_USAGE_OCCURRENCE('64','D11','',#5,#283,$);
#2882 = SHAPE_DEFINITION_REPRESENTATION(#2883,#2889);
#2883 = PRODUCT_DEFINITION_SHAPE('','',#2884);
#2884 = PRODUCT_DEFINITION('design','',#2885,#2888);
#2885 = PRODUCT_DEFINITION_FORMATION('','',#2886);
#2886 = PRODUCT('8x8led_PCB','8x8led_PCB','',(#2887));
#2887 = PRODUCT_CONTEXT('',#2,'mechanical');
#2888 = PRODUCT_DEFINITION_CONTEXT('part definition',#2,'design');
#2889 = ADVANCED_BREP_SHAPE_REPRESENTATION('',(#11,#2890),#3040);
#2890 = MANIFOLD_SOLID_BREP('',#2891);
#2891 = CLOSED_SHELL('',(#2892,#2932,#2963,#2994,#3016,#3028));
#2892 = ADVANCED_FACE('',(#2893),#2927,.T.);
#2893 = FACE_BOUND('',#2894,.T.);
#2894 = EDGE_LOOP('',(#2895,#2905,#2913,#2921));
#2895 = ORIENTED_EDGE('',*,*,#2896,.T.);
#2896 = EDGE_CURVE('',#2897,#2899,#2901,.T.);
#2897 = VERTEX_POINT('',#2898);
#2898 = CARTESIAN_POINT('',(149.,-124.,0.));
#2899 = VERTEX_POINT('',#2900);
#2900 = CARTESIAN_POINT('',(149.,-124.,1.51));
#2901 = LINE('',#2902,#2903);
#2902 = CARTESIAN_POINT('',(149.,-124.,0.));
#2903 = VECTOR('',#2904,1.);
#2904 = DIRECTION('',(0.,0.,1.));
#2905 = ORIENTED_EDGE('',*,*,#2906,.T.);
#2906 = EDGE_CURVE('',#2899,#2907,#2909,.T.);
#2907 = VERTEX_POINT('',#2908);
#2908 = CARTESIAN_POINT('',(83.,-124.,1.51));
#2909 = LINE('',#2910,#2911);
#2910 = CARTESIAN_POINT('',(149.,-124.,1.51));
#2911 = VECTOR('',#2912,1.);
#2912 = DIRECTION('',(-1.,0.,0.));
#2913 = ORIENTED_EDGE('',*,*,#2914,.F.);
#2914 = EDGE_CURVE('',#2915,#2907,#2917,.T.);
#2915 = VERTEX_POINT('',#2916);
#2916 = CARTESIAN_POINT('',(83.,-124.,0.));
#2917 = LINE('',#2918,#2919);
#2918 = CARTESIAN_POINT('',(83.,-124.,0.));
#2919 = VECTOR('',#2920,1.);
#2920 = DIRECTION('',(0.,0.,1.));
#2921 = ORIENTED_EDGE('',*,*,#2922,.F.);
#2922 = EDGE_CURVE('',#2897,#2915,#2923,.T.);
#2923 = LINE('',#2924,#2925);
#2924 = CARTESIAN_POINT('',(149.,-124.,0.));
#2925 = VECTOR('',#2926,1.);
#2926 = DIRECTION('',(-1.,0.,0.));
#2927 = PLANE('',#2928);
#2928 = AXIS2_PLACEMENT_3D('',#2929,#2930,#2931);
#2929 = CARTESIAN_POINT('',(149.,-124.,0.));
#2930 = DIRECTION('',(0.,-1.,0.));
#2931 = DIRECTION('',(-1.,0.,0.));
#2932 = ADVANCED_FACE('',(#2933),#2958,.T.);
#2933 = FACE_BOUND('',#2934,.T.);
#2934 = EDGE_LOOP('',(#2935,#2936,#2944,#2952));
#2935 = ORIENTED_EDGE('',*,*,#2914,.T.);
#2936 = ORIENTED_EDGE('',*,*,#2937,.T.);
#2937 = EDGE_CURVE('',#2907,#2938,#2940,.T.);
#2938 = VERTEX_POINT('',#2939);
#2939 = CARTESIAN_POINT('',(83.,-58.,1.51));
#2940 = LINE('',#2941,#2942);
#2941 = CARTESIAN_POINT('',(83.,-124.,1.51));
#2942 = VECTOR('',#2943,1.);
#2943 = DIRECTION('',(0.,1.,0.));
#2944 = ORIENTED_EDGE('',*,*,#2945,.F.);
#2945 = EDGE_CURVE('',#2946,#2938,#2948,.T.);
#2946 = VERTEX_POINT('',#2947);
#2947 = CARTESIAN_POINT('',(83.,-58.,0.));
#2948 = LINE('',#2949,#2950);
#2949 = CARTESIAN_POINT('',(83.,-58.,0.));
#2950 = VECTOR('',#2951,1.);
#2951 = DIRECTION('',(0.,0.,1.));
#2952 = ORIENTED_EDGE('',*,*,#2953,.F.);
#2953 = EDGE_CURVE('',#2915,#2946,#2954,.T.);
#2954 = LINE('',#2955,#2956);
#2955 = CARTESIAN_POINT('',(83.,-124.,0.));
#2956 = VECTOR('',#2957,1.);
#2957 = DIRECTION('',(0.,1.,0.));
#2958 = PLANE('',#2959);
#2959 = AXIS2_PLACEMENT_3D('',#2960,#2961,#2962);
#2960 = CARTESIAN_POINT('',(83.,-124.,0.));
#2961 = DIRECTION('',(-1.,0.,0.));
#2962 = DIRECTION('',(0.,1.,0.));
#2963 = ADVANCED_FACE('',(#2964),#2989,.T.);
#2964 = FACE_BOUND('',#2965,.T.);
#2965 = EDGE_LOOP('',(#2966,#2967,#2975,#2983));
#2966 = ORIENTED_EDGE('',*,*,#2945,.T.);
#2967 = ORIENTED_EDGE('',*,*,#2968,.T.);
#2968 = EDGE_CURVE('',#2938,#2969,#2971,.T.);
#2969 = VERTEX_POINT('',#2970);
#2970 = CARTESIAN_POINT('',(149.,-58.,1.51));
#2971 = LINE('',#2972,#2973);
#2972 = CARTESIAN_POINT('',(83.,-58.,1.51));
#2973 = VECTOR('',#2974,1.);
#2974 = DIRECTION('',(1.,0.,0.));
#2975 = ORIENTED_EDGE('',*,*,#2976,.F.);
#2976 = EDGE_CURVE('',#2977,#2969,#2979,.T.);
#2977 = VERTEX_POINT('',#2978);
#2978 = CARTESIAN_POINT('',(149.,-58.,0.));
#2979 = LINE('',#2980,#2981);
#2980 = CARTESIAN_POINT('',(149.,-58.,0.));
#2981 = VECTOR('',#2982,1.);
#2982 = DIRECTION('',(0.,0.,1.));
#2983 = ORIENTED_EDGE('',*,*,#2984,.F.);
#2984 = EDGE_CURVE('',#2946,#2977,#2985,.T.);
#2985 = LINE('',#2986,#2987);
#2986 = CARTESIAN_POINT('',(83.,-58.,0.));
#2987 = VECTOR('',#2988,1.);
#2988 = DIRECTION('',(1.,0.,0.));
#2989 = PLANE('',#2990);
#2990 = AXIS2_PLACEMENT_3D('',#2991,#2992,#2993);
#2991 = CARTESIAN_POINT('',(83.,-58.,0.));
#2992 = DIRECTION('',(0.,1.,0.));
#2993 = DIRECTION('',(1.,0.,0.));
#2994 = ADVANCED_FACE('',(#2995),#3011,.T.);
#2995 = FACE_BOUND('',#2996,.T.);
#2996 = EDGE_LOOP('',(#2997,#2998,#3004,#3005));
#2997 = ORIENTED_EDGE('',*,*,#2976,.T.);
#2998 = ORIENTED_EDGE('',*,*,#2999,.T.);
#2999 = EDGE_CURVE('',#2969,#2899,#3000,.T.);
#3000 = LINE('',#3001,#3002);
#3001 = CARTESIAN_POINT('',(149.,-58.,1.51));
#3002 = VECTOR('',#3003,1.);
#3003 = DIRECTION('',(0.,-1.,0.));
#3004 = ORIENTED_EDGE('',*,*,#2896,.F.);
#3005 = ORIENTED_EDGE('',*,*,#3006,.F.);
#3006 = EDGE_CURVE('',#2977,#2897,#3007,.T.);
#3007 = LINE('',#3008,#3009);
#3008 = CARTESIAN_POINT('',(149.,-58.,0.));
#3009 = VECTOR('',#3010,1.);
#3010 = DIRECTION('',(0.,-1.,0.));
#3011 = PLANE('',#3012);
#3012 = AXIS2_PLACEMENT_3D('',#3013,#3014,#3015);
#3013 = CARTESIAN_POINT('',(149.,-58.,0.));
#3014 = DIRECTION('',(1.,0.,-0.));
#3015 = DIRECTION('',(0.,-1.,0.));
#3016 = ADVANCED_FACE('',(#3017),#3023,.F.);
#3017 = FACE_BOUND('',#3018,.T.);
#3018 = EDGE_LOOP('',(#3019,#3020,#3021,#3022));
#3019 = ORIENTED_EDGE('',*,*,#2922,.T.);
#3020 = ORIENTED_EDGE('',*,*,#2953,.T.);
#3021 = ORIENTED_EDGE('',*,*,#2984,.T.);
#3022 = ORIENTED_EDGE('',*,*,#3006,.T.);
#3023 = PLANE('',#3024);
#3024 = AXIS2_PLACEMENT_3D('',#3025,#3026,#3027);
#3025 = CARTESIAN_POINT('',(0.,0.,0.));
#3026 = DIRECTION('',(0.,0.,1.));
#3027 = DIRECTION('',(1.,0.,-0.));
#3028 = ADVANCED_FACE('',(#3029),#3035,.T.);
#3029 = FACE_BOUND('',#3030,.F.);
#3030 = EDGE_LOOP('',(#3031,#3032,#3033,#3034));
#3031 = ORIENTED_EDGE('',*,*,#2906,.T.);
#3032 = ORIENTED_EDGE('',*,*,#2937,.T.);
#3033 = ORIENTED_EDGE('',*,*,#2968,.T.);
#3034 = ORIENTED_EDGE('',*,*,#2999,.T.);
#3035 = PLANE('',#3036);
#3036 = AXIS2_PLACEMENT_3D('',#3037,#3038,#3039);
#3037 = CARTESIAN_POINT('',(0.,0.,1.51));
#3038 = DIRECTION('',(0.,0.,1.));
#3039 = DIRECTION('',(1.,0.,-0.));
#3040 = ( GEOMETRIC_REPRESENTATION_CONTEXT(3) 
GLOBAL_UNCERTAINTY_ASSIGNED_CONTEXT((#3044)) 
GLOBAL_UNIT_ASSIGNED_CONTEXT((#3041,#3042,#3043)) REPRESENTATION_CONTEXT
('Context #1','3D Context with UNIT and UNCERTAINTY') );
#3041 = ( LENGTH_UNIT() NAMED_UNIT(*) SI_UNIT(.MILLI.,.METRE.) );
#3042 = ( NAMED_UNIT(*) PLANE_ANGLE_UNIT() SI_UNIT($,.RADIAN.) );
#3043 = ( NAMED_UNIT(*) SI_UNIT($,.STERADIAN.) SOLID_ANGLE_UNIT() );
#3044 = UNCERTAINTY_MEASURE_WITH_UNIT(LENGTH_MEASURE(1.E-07),#3041,
  'distance_accuracy_value','confusion accuracy');
#3045 = CONTEXT_DEPENDENT_SHAPE_REPRESENTATION(#3046,#3048);
#3046 = ( REPRESENTATION_RELATIONSHIP('','',#2889,#10) 
REPRESENTATION_RELATIONSHIP_WITH_TRANSFORMATION(#3047) 
SHAPE_REPRESENTATION_RELATIONSHIP() );
#3047 = ITEM_DEFINED_TRANSFORMATION('','',#11,#271);
#3048 = PRODUCT_DEFINITION_SHAPE('Placement','Placement of an item',
  #3049);
#3049 = NEXT_ASSEMBLY_USAGE_OCCURRENCE('65','=>[0:1:1:3]','',#5,#2884,$
  );
#3050 = PRODUCT_RELATED_PRODUCT_CATEGORY('part',$,(#2886));
#3051 = MECHANICAL_DESIGN_GEOMETRIC_PRESENTATION_REPRESENTATION('',(
    #3052),#3040);
#3052 = STYLED_ITEM('color',(#3053),#2890);
#3053 = PRESENTATION_STYLE_ASSIGNMENT((#3054));
#3054 = SURFACE_STYLE_USAGE(.BOTH.,#3055);
#3055 = SURFACE_SIDE_STYLE('',(#3056));
#3056 = SURFACE_STYLE_FILL_AREA(#3057);
#3057 = FILL_AREA_STYLE('',(#3058));
#3058 = FILL_AREA_STYLE_COLOUR('',#3059);
#3059 = COLOUR_RGB('',0.313304153717,0.484529207832,0.410020903123);
#3060 = MECHANICAL_DESIGN_GEOMETRIC_PRESENTATION_REPRESENTATION('',(
    #3061,#3069,#3076,#3083,#3090,#3097,#3104,#3111,#3118,#3125,#3132,
    #3139,#3146,#3153,#3161,#3168,#3175,#3183,#3190,#3197,#3204,#3211,
    #3218,#3225,#3232,#3239,#3246,#3253,#3260,#3267,#3274,#3281,#3288,
    #3295,#3302,#3309,#3316,#3323,#3330,#3337,#3344,#3351,#3358,#3365,
    #3372,#3379,#3386,#3393,#3400,#3407,#3414,#3421,#3428,#3435,#3442,
    #3449,#3456,#3463,#3470,#3477,#3484,#3491,#3498,#3505,#3512,#3519,
    #3526,#3533),#2556);
#3061 = STYLED_ITEM('color',(#3062),#291);
#3062 = PRESENTATION_STYLE_ASSIGNMENT((#3063));
#3063 = SURFACE_STYLE_USAGE(.BOTH.,#3064);
#3064 = SURFACE_SIDE_STYLE('',(#3065));
#3065 = SURFACE_STYLE_FILL_AREA(#3066);
#3066 = FILL_AREA_STYLE('',(#3067));
#3067 = FILL_AREA_STYLE_COLOUR('',#3068);
#3068 = COLOUR_RGB('',0.893999996942,0.890999961016,0.813000030345);
#3069 = STYLED_ITEM('color',(#3070),#350);
#3070 = PRESENTATION_STYLE_ASSIGNMENT((#3071));
#3071 = SURFACE_STYLE_USAGE(.BOTH.,#3072);
#3072 = SURFACE_SIDE_STYLE('',(#3073));
#3073 = SURFACE_STYLE_FILL_AREA(#3074);
#3074 = FILL_AREA_STYLE('',(#3075));
#3075 = FILL_AREA_STYLE_COLOUR('',#3068);
#3076 = STYLED_ITEM('color',(#3077),#375);
#3077 = PRESENTATION_STYLE_ASSIGNMENT((#3078));
#3078 = SURFACE_STYLE_USAGE(.BOTH.,#3079);
#3079 = SURFACE_SIDE_STYLE('',(#3080));
#3080 = SURFACE_STYLE_FILL_AREA(#3081);
#3081 = FILL_AREA_STYLE('',(#3082));
#3082 = FILL_AREA_STYLE_COLOUR('',#3068);
#3083 = STYLED_ITEM('color',(#3084),#408);
#3084 = PRESENTATION_STYLE_ASSIGNMENT((#3085));
#3085 = SURFACE_STYLE_USAGE(.BOTH.,#3086);
#3086 = SURFACE_SIDE_STYLE('',(#3087));
#3087 = SURFACE_STYLE_FILL_AREA(#3088);
#3088 = FILL_AREA_STYLE('',(#3089));
#3089 = FILL_AREA_STYLE_COLOUR('',#3068);
#3090 = STYLED_ITEM('color',(#3091),#433);
#3091 = PRESENTATION_STYLE_ASSIGNMENT((#3092));
#3092 = SURFACE_STYLE_USAGE(.BOTH.,#3093);
#3093 = SURFACE_SIDE_STYLE('',(#3094));
#3094 = SURFACE_STYLE_FILL_AREA(#3095);
#3095 = FILL_AREA_STYLE('',(#3096));
#3096 = FILL_AREA_STYLE_COLOUR('',#3068);
#3097 = STYLED_ITEM('color',(#3098),#458);
#3098 = PRESENTATION_STYLE_ASSIGNMENT((#3099));
#3099 = SURFACE_STYLE_USAGE(.BOTH.,#3100);
#3100 = SURFACE_SIDE_STYLE('',(#3101));
#3101 = SURFACE_STYLE_FILL_AREA(#3102);
#3102 = FILL_AREA_STYLE('',(#3103));
#3103 = FILL_AREA_STYLE_COLOUR('',#3068);
#3104 = STYLED_ITEM('color',(#3105),#483);
#3105 = PRESENTATION_STYLE_ASSIGNMENT((#3106));
#3106 = SURFACE_STYLE_USAGE(.BOTH.,#3107);
#3107 = SURFACE_SIDE_STYLE('',(#3108));
#3108 = SURFACE_STYLE_FILL_AREA(#3109);
#3109 = FILL_AREA_STYLE('',(#3110));
#3110 = FILL_AREA_STYLE_COLOUR('',#3068);
#3111 = STYLED_ITEM('color',(#3112),#500);
#3112 = PRESENTATION_STYLE_ASSIGNMENT((#3113));
#3113 = SURFACE_STYLE_USAGE(.BOTH.,#3114);
#3114 = SURFACE_SIDE_STYLE('',(#3115));
#3115 = SURFACE_STYLE_FILL_AREA(#3116);
#3116 = FILL_AREA_STYLE('',(#3117));
#3117 = FILL_AREA_STYLE_COLOUR('',#3068);
#3118 = STYLED_ITEM('color',(#3119),#525);
#3119 = PRESENTATION_STYLE_ASSIGNMENT((#3120));
#3120 = SURFACE_STYLE_USAGE(.BOTH.,#3121);
#3121 = SURFACE_SIDE_STYLE('',(#3122));
#3122 = SURFACE_STYLE_FILL_AREA(#3123);
#3123 = FILL_AREA_STYLE('',(#3124));
#3124 = FILL_AREA_STYLE_COLOUR('',#3068);
#3125 = STYLED_ITEM('color',(#3126),#556);
#3126 = PRESENTATION_STYLE_ASSIGNMENT((#3127));
#3127 = SURFACE_STYLE_USAGE(.BOTH.,#3128);
#3128 = SURFACE_SIDE_STYLE('',(#3129));
#3129 = SURFACE_STYLE_FILL_AREA(#3130);
#3130 = FILL_AREA_STYLE('',(#3131));
#3131 = FILL_AREA_STYLE_COLOUR('',#3068);
#3132 = STYLED_ITEM('color',(#3133),#596);
#3133 = PRESENTATION_STYLE_ASSIGNMENT((#3134));
#3134 = SURFACE_STYLE_USAGE(.BOTH.,#3135);
#3135 = SURFACE_SIDE_STYLE('',(#3136));
#3136 = SURFACE_STYLE_FILL_AREA(#3137);
#3137 = FILL_AREA_STYLE('',(#3138));
#3138 = FILL_AREA_STYLE_COLOUR('',#3068);
#3139 = STYLED_ITEM('color',(#3140),#727);
#3140 = PRESENTATION_STYLE_ASSIGNMENT((#3141));
#3141 = SURFACE_STYLE_USAGE(.BOTH.,#3142);
#3142 = SURFACE_SIDE_STYLE('',(#3143));
#3143 = SURFACE_STYLE_FILL_AREA(#3144);
#3144 = FILL_AREA_STYLE('',(#3145));
#3145 = FILL_AREA_STYLE_COLOUR('',#3068);
#3146 = STYLED_ITEM('color',(#3147),#851);
#3147 = PRESENTATION_STYLE_ASSIGNMENT((#3148));
#3148 = SURFACE_STYLE_USAGE(.BOTH.,#3149);
#3149 = SURFACE_SIDE_STYLE('',(#3150));
#3150 = SURFACE_STYLE_FILL_AREA(#3151);
#3151 = FILL_AREA_STYLE('',(#3152));
#3152 = FILL_AREA_STYLE_COLOUR('',#3068);
#3153 = STYLED_ITEM('color',(#3154),#868);
#3154 = PRESENTATION_STYLE_ASSIGNMENT((#3155));
#3155 = SURFACE_STYLE_USAGE(.BOTH.,#3156);
#3156 = SURFACE_SIDE_STYLE('',(#3157));
#3157 = SURFACE_STYLE_FILL_AREA(#3158);
#3158 = FILL_AREA_STYLE('',(#3159));
#3159 = FILL_AREA_STYLE_COLOUR('',#3160);
#3160 = COLOUR_RGB('',0.136999991899,0.40200001271,0.726999997272);
#3161 = STYLED_ITEM('color',(#3162),#877);
#3162 = PRESENTATION_STYLE_ASSIGNMENT((#3163));
#3163 = SURFACE_STYLE_USAGE(.BOTH.,#3164);
#3164 = SURFACE_SIDE_STYLE('',(#3165));
#3165 = SURFACE_STYLE_FILL_AREA(#3166);
#3166 = FILL_AREA_STYLE('',(#3167));
#3167 = FILL_AREA_STYLE_COLOUR('',#3068);
#3168 = STYLED_ITEM('color',(#3169),#888);
#3169 = PRESENTATION_STYLE_ASSIGNMENT((#3170));
#3170 = SURFACE_STYLE_USAGE(.BOTH.,#3171);
#3171 = SURFACE_SIDE_STYLE('',(#3172));
#3172 = SURFACE_STYLE_FILL_AREA(#3173);
#3173 = FILL_AREA_STYLE('',(#3174));
#3174 = FILL_AREA_STYLE_COLOUR('',#3068);
#3175 = STYLED_ITEM('color',(#3176),#1056);
#3176 = PRESENTATION_STYLE_ASSIGNMENT((#3177));
#3177 = SURFACE_STYLE_USAGE(.BOTH.,#3178);
#3178 = SURFACE_SIDE_STYLE('',(#3179));
#3179 = SURFACE_STYLE_FILL_AREA(#3180);
#3180 = FILL_AREA_STYLE('',(#3181));
#3181 = FILL_AREA_STYLE_COLOUR('',#3182);
#3182 = COLOUR_RGB('',0.823999987314,0.819999987296,0.781000009244);
#3183 = STYLED_ITEM('color',(#3184),#1087);
#3184 = PRESENTATION_STYLE_ASSIGNMENT((#3185));
#3185 = SURFACE_STYLE_USAGE(.BOTH.,#3186);
#3186 = SURFACE_SIDE_STYLE('',(#3187));
#3187 = SURFACE_STYLE_FILL_AREA(#3188);
#3188 = FILL_AREA_STYLE('',(#3189));
#3189 = FILL_AREA_STYLE_COLOUR('',#3182);
#3190 = STYLED_ITEM('color',(#3191),#1118);
#3191 = PRESENTATION_STYLE_ASSIGNMENT((#3192));
#3192 = SURFACE_STYLE_USAGE(.BOTH.,#3193);
#3193 = SURFACE_SIDE_STYLE('',(#3194));
#3194 = SURFACE_STYLE_FILL_AREA(#3195);
#3195 = FILL_AREA_STYLE('',(#3196));
#3196 = FILL_AREA_STYLE_COLOUR('',#3182);
#3197 = STYLED_ITEM('color',(#3198),#1149);
#3198 = PRESENTATION_STYLE_ASSIGNMENT((#3199));
#3199 = SURFACE_STYLE_USAGE(.BOTH.,#3200);
#3200 = SURFACE_SIDE_STYLE('',(#3201));
#3201 = SURFACE_STYLE_FILL_AREA(#3202);
#3202 = FILL_AREA_STYLE('',(#3203));
#3203 = FILL_AREA_STYLE_COLOUR('',#3182);
#3204 = STYLED_ITEM('color',(#3205),#1234);
#3205 = PRESENTATION_STYLE_ASSIGNMENT((#3206));
#3206 = SURFACE_STYLE_USAGE(.BOTH.,#3207);
#3207 = SURFACE_SIDE_STYLE('',(#3208));
#3208 = SURFACE_STYLE_FILL_AREA(#3209);
#3209 = FILL_AREA_STYLE('',(#3210));
#3210 = FILL_AREA_STYLE_COLOUR('',#3182);
#3211 = STYLED_ITEM('color',(#3212),#1258);
#3212 = PRESENTATION_STYLE_ASSIGNMENT((#3213));
#3213 = SURFACE_STYLE_USAGE(.BOTH.,#3214);
#3214 = SURFACE_SIDE_STYLE('',(#3215));
#3215 = SURFACE_STYLE_FILL_AREA(#3216);
#3216 = FILL_AREA_STYLE('',(#3217));
#3217 = FILL_AREA_STYLE_COLOUR('',#3182);
#3218 = STYLED_ITEM('color',(#3219),#1336);
#3219 = PRESENTATION_STYLE_ASSIGNMENT((#3220));
#3220 = SURFACE_STYLE_USAGE(.BOTH.,#3221);
#3221 = SURFACE_SIDE_STYLE('',(#3222));
#3222 = SURFACE_STYLE_FILL_AREA(#3223);
#3223 = FILL_AREA_STYLE('',(#3224));
#3224 = FILL_AREA_STYLE_COLOUR('',#3182);
#3225 = STYLED_ITEM('color',(#3226),#1367);
#3226 = PRESENTATION_STYLE_ASSIGNMENT((#3227));
#3227 = SURFACE_STYLE_USAGE(.BOTH.,#3228);
#3228 = SURFACE_SIDE_STYLE('',(#3229));
#3229 = SURFACE_STYLE_FILL_AREA(#3230);
#3230 = FILL_AREA_STYLE('',(#3231));
#3231 = FILL_AREA_STYLE_COLOUR('',#3182);
#3232 = STYLED_ITEM('color',(#3233),#1452);
#3233 = PRESENTATION_STYLE_ASSIGNMENT((#3234));
#3234 = SURFACE_STYLE_USAGE(.BOTH.,#3235);
#3235 = SURFACE_SIDE_STYLE('',(#3236));
#3236 = SURFACE_STYLE_FILL_AREA(#3237);
#3237 = FILL_AREA_STYLE('',(#3238));
#3238 = FILL_AREA_STYLE_COLOUR('',#3182);
#3239 = STYLED_ITEM('color',(#3240),#1476);
#3240 = PRESENTATION_STYLE_ASSIGNMENT((#3241));
#3241 = SURFACE_STYLE_USAGE(.BOTH.,#3242);
#3242 = SURFACE_SIDE_STYLE('',(#3243));
#3243 = SURFACE_STYLE_FILL_AREA(#3244);
#3244 = FILL_AREA_STYLE('',(#3245));
#3245 = FILL_AREA_STYLE_COLOUR('',#3182);
#3246 = STYLED_ITEM('color',(#3247),#1554);
#3247 = PRESENTATION_STYLE_ASSIGNMENT((#3248));
#3248 = SURFACE_STYLE_USAGE(.BOTH.,#3249);
#3249 = SURFACE_SIDE_STYLE('',(#3250));
#3250 = SURFACE_STYLE_FILL_AREA(#3251);
#3251 = FILL_AREA_STYLE('',(#3252));
#3252 = FILL_AREA_STYLE_COLOUR('',#3182);
#3253 = STYLED_ITEM('color',(#3254),#1585);
#3254 = PRESENTATION_STYLE_ASSIGNMENT((#3255));
#3255 = SURFACE_STYLE_USAGE(.BOTH.,#3256);
#3256 = SURFACE_SIDE_STYLE('',(#3257));
#3257 = SURFACE_STYLE_FILL_AREA(#3258);
#3258 = FILL_AREA_STYLE('',(#3259));
#3259 = FILL_AREA_STYLE_COLOUR('',#3182);
#3260 = STYLED_ITEM('color',(#3261),#1616);
#3261 = PRESENTATION_STYLE_ASSIGNMENT((#3262));
#3262 = SURFACE_STYLE_USAGE(.BOTH.,#3263);
#3263 = SURFACE_SIDE_STYLE('',(#3264));
#3264 = SURFACE_STYLE_FILL_AREA(#3265);
#3265 = FILL_AREA_STYLE('',(#3266));
#3266 = FILL_AREA_STYLE_COLOUR('',#3182);
#3267 = STYLED_ITEM('color',(#3268),#1647);
#3268 = PRESENTATION_STYLE_ASSIGNMENT((#3269));
#3269 = SURFACE_STYLE_USAGE(.BOTH.,#3270);
#3270 = SURFACE_SIDE_STYLE('',(#3271));
#3271 = SURFACE_STYLE_FILL_AREA(#3272);
#3272 = FILL_AREA_STYLE('',(#3273));
#3273 = FILL_AREA_STYLE_COLOUR('',#3182);
#3274 = STYLED_ITEM('color',(#3275),#1732);
#3275 = PRESENTATION_STYLE_ASSIGNMENT((#3276));
#3276 = SURFACE_STYLE_USAGE(.BOTH.,#3277);
#3277 = SURFACE_SIDE_STYLE('',(#3278));
#3278 = SURFACE_STYLE_FILL_AREA(#3279);
#3279 = FILL_AREA_STYLE('',(#3280));
#3280 = FILL_AREA_STYLE_COLOUR('',#3182);
#3281 = STYLED_ITEM('color',(#3282),#1756);
#3282 = PRESENTATION_STYLE_ASSIGNMENT((#3283));
#3283 = SURFACE_STYLE_USAGE(.BOTH.,#3284);
#3284 = SURFACE_SIDE_STYLE('',(#3285));
#3285 = SURFACE_STYLE_FILL_AREA(#3286);
#3286 = FILL_AREA_STYLE('',(#3287));
#3287 = FILL_AREA_STYLE_COLOUR('',#3182);
#3288 = STYLED_ITEM('color',(#3289),#1834);
#3289 = PRESENTATION_STYLE_ASSIGNMENT((#3290));
#3290 = SURFACE_STYLE_USAGE(.BOTH.,#3291);
#3291 = SURFACE_SIDE_STYLE('',(#3292));
#3292 = SURFACE_STYLE_FILL_AREA(#3293);
#3293 = FILL_AREA_STYLE('',(#3294));
#3294 = FILL_AREA_STYLE_COLOUR('',#3182);
#3295 = STYLED_ITEM('color',(#3296),#1865);
#3296 = PRESENTATION_STYLE_ASSIGNMENT((#3297));
#3297 = SURFACE_STYLE_USAGE(.BOTH.,#3298);
#3298 = SURFACE_SIDE_STYLE('',(#3299));
#3299 = SURFACE_STYLE_FILL_AREA(#3300);
#3300 = FILL_AREA_STYLE('',(#3301));
#3301 = FILL_AREA_STYLE_COLOUR('',#3182);
#3302 = STYLED_ITEM('color',(#3303),#1950);
#3303 = PRESENTATION_STYLE_ASSIGNMENT((#3304));
#3304 = SURFACE_STYLE_USAGE(.BOTH.,#3305);
#3305 = SURFACE_SIDE_STYLE('',(#3306));
#3306 = SURFACE_STYLE_FILL_AREA(#3307);
#3307 = FILL_AREA_STYLE('',(#3308));
#3308 = FILL_AREA_STYLE_COLOUR('',#3182);
#3309 = STYLED_ITEM('color',(#3310),#1974);
#3310 = PRESENTATION_STYLE_ASSIGNMENT((#3311));
#3311 = SURFACE_STYLE_USAGE(.BOTH.,#3312);
#3312 = SURFACE_SIDE_STYLE('',(#3313));
#3313 = SURFACE_STYLE_FILL_AREA(#3314);
#3314 = FILL_AREA_STYLE('',(#3315));
#3315 = FILL_AREA_STYLE_COLOUR('',#3182);
#3316 = STYLED_ITEM('color',(#3317),#2052);
#3317 = PRESENTATION_STYLE_ASSIGNMENT((#3318));
#3318 = SURFACE_STYLE_USAGE(.BOTH.,#3319);
#3319 = SURFACE_SIDE_STYLE('',(#3320));
#3320 = SURFACE_STYLE_FILL_AREA(#3321);
#3321 = FILL_AREA_STYLE('',(#3322));
#3322 = FILL_AREA_STYLE_COLOUR('',#3182);
#3323 = STYLED_ITEM('color',(#3324),#2069);
#3324 = PRESENTATION_STYLE_ASSIGNMENT((#3325));
#3325 = SURFACE_STYLE_USAGE(.BOTH.,#3326);
#3326 = SURFACE_SIDE_STYLE('',(#3327));
#3327 = SURFACE_STYLE_FILL_AREA(#3328);
#3328 = FILL_AREA_STYLE('',(#3329));
#3329 = FILL_AREA_STYLE_COLOUR('',#3182);
#3330 = STYLED_ITEM('color',(#3331),#2086);
#3331 = PRESENTATION_STYLE_ASSIGNMENT((#3332));
#3332 = SURFACE_STYLE_USAGE(.BOTH.,#3333);
#3333 = SURFACE_SIDE_STYLE('',(#3334));
#3334 = SURFACE_STYLE_FILL_AREA(#3335);
#3335 = FILL_AREA_STYLE('',(#3336));
#3336 = FILL_AREA_STYLE_COLOUR('',#3182);
#3337 = STYLED_ITEM('color',(#3338),#2103);
#3338 = PRESENTATION_STYLE_ASSIGNMENT((#3339));
#3339 = SURFACE_STYLE_USAGE(.BOTH.,#3340);
#3340 = SURFACE_SIDE_STYLE('',(#3341));
#3341 = SURFACE_STYLE_FILL_AREA(#3342);
#3342 = FILL_AREA_STYLE('',(#3343));
#3343 = FILL_AREA_STYLE_COLOUR('',#3182);
#3344 = STYLED_ITEM('color',(#3345),#2120);
#3345 = PRESENTATION_STYLE_ASSIGNMENT((#3346));
#3346 = SURFACE_STYLE_USAGE(.BOTH.,#3347);
#3347 = SURFACE_SIDE_STYLE('',(#3348));
#3348 = SURFACE_STYLE_FILL_AREA(#3349);
#3349 = FILL_AREA_STYLE('',(#3350));
#3350 = FILL_AREA_STYLE_COLOUR('',#3182);
#3351 = STYLED_ITEM('color',(#3352),#2137);
#3352 = PRESENTATION_STYLE_ASSIGNMENT((#3353));
#3353 = SURFACE_STYLE_USAGE(.BOTH.,#3354);
#3354 = SURFACE_SIDE_STYLE('',(#3355));
#3355 = SURFACE_STYLE_FILL_AREA(#3356);
#3356 = FILL_AREA_STYLE('',(#3357));
#3357 = FILL_AREA_STYLE_COLOUR('',#3182);
#3358 = STYLED_ITEM('color',(#3359),#2154);
#3359 = PRESENTATION_STYLE_ASSIGNMENT((#3360));
#3360 = SURFACE_STYLE_USAGE(.BOTH.,#3361);
#3361 = SURFACE_SIDE_STYLE('',(#3362));
#3362 = SURFACE_STYLE_FILL_AREA(#3363);
#3363 = FILL_AREA_STYLE('',(#3364));
#3364 = FILL_AREA_STYLE_COLOUR('',#3182);
#3365 = STYLED_ITEM('color',(#3366),#2171);
#3366 = PRESENTATION_STYLE_ASSIGNMENT((#3367));
#3367 = SURFACE_STYLE_USAGE(.BOTH.,#3368);
#3368 = SURFACE_SIDE_STYLE('',(#3369));
#3369 = SURFACE_STYLE_FILL_AREA(#3370);
#3370 = FILL_AREA_STYLE('',(#3371));
#3371 = FILL_AREA_STYLE_COLOUR('',#3182);
#3372 = STYLED_ITEM('color',(#3373),#2193);
#3373 = PRESENTATION_STYLE_ASSIGNMENT((#3374));
#3374 = SURFACE_STYLE_USAGE(.BOTH.,#3375);
#3375 = SURFACE_SIDE_STYLE('',(#3376));
#3376 = SURFACE_STYLE_FILL_AREA(#3377);
#3377 = FILL_AREA_STYLE('',(#3378));
#3378 = FILL_AREA_STYLE_COLOUR('',#3182);
#3379 = STYLED_ITEM('color',(#3380),#2205);
#3380 = PRESENTATION_STYLE_ASSIGNMENT((#3381));
#3381 = SURFACE_STYLE_USAGE(.BOTH.,#3382);
#3382 = SURFACE_SIDE_STYLE('',(#3383));
#3383 = SURFACE_STYLE_FILL_AREA(#3384);
#3384 = FILL_AREA_STYLE('',(#3385));
#3385 = FILL_AREA_STYLE_COLOUR('',#3182);
#3386 = STYLED_ITEM('color',(#3387),#2217);
#3387 = PRESENTATION_STYLE_ASSIGNMENT((#3388));
#3388 = SURFACE_STYLE_USAGE(.BOTH.,#3389);
#3389 = SURFACE_SIDE_STYLE('',(#3390));
#3390 = SURFACE_STYLE_FILL_AREA(#3391);
#3391 = FILL_AREA_STYLE('',(#3392));
#3392 = FILL_AREA_STYLE_COLOUR('',#3182);
#3393 = STYLED_ITEM('color',(#3394),#2234);
#3394 = PRESENTATION_STYLE_ASSIGNMENT((#3395));
#3395 = SURFACE_STYLE_USAGE(.BOTH.,#3396);
#3396 = SURFACE_SIDE_STYLE('',(#3397));
#3397 = SURFACE_STYLE_FILL_AREA(#3398);
#3398 = FILL_AREA_STYLE('',(#3399));
#3399 = FILL_AREA_STYLE_COLOUR('',#3182);
#3400 = STYLED_ITEM('color',(#3401),#2246);
#3401 = PRESENTATION_STYLE_ASSIGNMENT((#3402));
#3402 = SURFACE_STYLE_USAGE(.BOTH.,#3403);
#3403 = SURFACE_SIDE_STYLE('',(#3404));
#3404 = SURFACE_STYLE_FILL_AREA(#3405);
#3405 = FILL_AREA_STYLE('',(#3406));
#3406 = FILL_AREA_STYLE_COLOUR('',#3182);
#3407 = STYLED_ITEM('color',(#3408),#2263);
#3408 = PRESENTATION_STYLE_ASSIGNMENT((#3409));
#3409 = SURFACE_STYLE_USAGE(.BOTH.,#3410);
#3410 = SURFACE_SIDE_STYLE('',(#3411));
#3411 = SURFACE_STYLE_FILL_AREA(#3412);
#3412 = FILL_AREA_STYLE('',(#3413));
#3413 = FILL_AREA_STYLE_COLOUR('',#3182);
#3414 = STYLED_ITEM('color',(#3415),#2285);
#3415 = PRESENTATION_STYLE_ASSIGNMENT((#3416));
#3416 = SURFACE_STYLE_USAGE(.BOTH.,#3417);
#3417 = SURFACE_SIDE_STYLE('',(#3418));
#3418 = SURFACE_STYLE_FILL_AREA(#3419);
#3419 = FILL_AREA_STYLE('',(#3420));
#3420 = FILL_AREA_STYLE_COLOUR('',#3182);
#3421 = STYLED_ITEM('color',(#3422),#2297);
#3422 = PRESENTATION_STYLE_ASSIGNMENT((#3423));
#3423 = SURFACE_STYLE_USAGE(.BOTH.,#3424);
#3424 = SURFACE_SIDE_STYLE('',(#3425));
#3425 = SURFACE_STYLE_FILL_AREA(#3426);
#3426 = FILL_AREA_STYLE('',(#3427));
#3427 = FILL_AREA_STYLE_COLOUR('',#3182);
#3428 = STYLED_ITEM('color',(#3429),#2314);
#3429 = PRESENTATION_STYLE_ASSIGNMENT((#3430));
#3430 = SURFACE_STYLE_USAGE(.BOTH.,#3431);
#3431 = SURFACE_SIDE_STYLE('',(#3432));
#3432 = SURFACE_STYLE_FILL_AREA(#3433);
#3433 = FILL_AREA_STYLE('',(#3434));
#3434 = FILL_AREA_STYLE_COLOUR('',#3182);
#3435 = STYLED_ITEM('color',(#3436),#2326);
#3436 = PRESENTATION_STYLE_ASSIGNMENT((#3437));
#3437 = SURFACE_STYLE_USAGE(.BOTH.,#3438);
#3438 = SURFACE_SIDE_STYLE('',(#3439));
#3439 = SURFACE_STYLE_FILL_AREA(#3440);
#3440 = FILL_AREA_STYLE('',(#3441));
#3441 = FILL_AREA_STYLE_COLOUR('',#3182);
#3442 = STYLED_ITEM('color',(#3443),#2338);
#3443 = PRESENTATION_STYLE_ASSIGNMENT((#3444));
#3444 = SURFACE_STYLE_USAGE(.BOTH.,#3445);
#3445 = SURFACE_SIDE_STYLE('',(#3446));
#3446 = SURFACE_STYLE_FILL_AREA(#3447);
#3447 = FILL_AREA_STYLE('',(#3448));
#3448 = FILL_AREA_STYLE_COLOUR('',#3182);
#3449 = STYLED_ITEM('color',(#3450),#2355);
#3450 = PRESENTATION_STYLE_ASSIGNMENT((#3451));
#3451 = SURFACE_STYLE_USAGE(.BOTH.,#3452);
#3452 = SURFACE_SIDE_STYLE('',(#3453));
#3453 = SURFACE_STYLE_FILL_AREA(#3454);
#3454 = FILL_AREA_STYLE('',(#3455));
#3455 = FILL_AREA_STYLE_COLOUR('',#3182);
#3456 = STYLED_ITEM('color',(#3457),#2372);
#3457 = PRESENTATION_STYLE_ASSIGNMENT((#3458));
#3458 = SURFACE_STYLE_USAGE(.BOTH.,#3459);
#3459 = SURFACE_SIDE_STYLE('',(#3460));
#3460 = SURFACE_STYLE_FILL_AREA(#3461);
#3461 = FILL_AREA_STYLE('',(#3462));
#3462 = FILL_AREA_STYLE_COLOUR('',#3182);
#3463 = STYLED_ITEM('color',(#3464),#2389);
#3464 = PRESENTATION_STYLE_ASSIGNMENT((#3465));
#3465 = SURFACE_STYLE_USAGE(.BOTH.,#3466);
#3466 = SURFACE_SIDE_STYLE('',(#3467));
#3467 = SURFACE_STYLE_FILL_AREA(#3468);
#3468 = FILL_AREA_STYLE('',(#3469));
#3469 = FILL_AREA_STYLE_COLOUR('',#3182);
#3470 = STYLED_ITEM('color',(#3471),#2411);
#3471 = PRESENTATION_STYLE_ASSIGNMENT((#3472));
#3472 = SURFACE_STYLE_USAGE(.BOTH.,#3473);
#3473 = SURFACE_SIDE_STYLE('',(#3474));
#3474 = SURFACE_STYLE_FILL_AREA(#3475);
#3475 = FILL_AREA_STYLE('',(#3476));
#3476 = FILL_AREA_STYLE_COLOUR('',#3182);
#3477 = STYLED_ITEM('color',(#3478),#2423);
#3478 = PRESENTATION_STYLE_ASSIGNMENT((#3479));
#3479 = SURFACE_STYLE_USAGE(.BOTH.,#3480);
#3480 = SURFACE_SIDE_STYLE('',(#3481));
#3481 = SURFACE_STYLE_FILL_AREA(#3482);
#3482 = FILL_AREA_STYLE('',(#3483));
#3483 = FILL_AREA_STYLE_COLOUR('',#3182);
#3484 = STYLED_ITEM('color',(#3485),#2440);
#3485 = PRESENTATION_STYLE_ASSIGNMENT((#3486));
#3486 = SURFACE_STYLE_USAGE(.BOTH.,#3487);
#3487 = SURFACE_SIDE_STYLE('',(#3488));
#3488 = SURFACE_STYLE_FILL_AREA(#3489);
#3489 = FILL_AREA_STYLE('',(#3490));
#3490 = FILL_AREA_STYLE_COLOUR('',#3182);
#3491 = STYLED_ITEM('color',(#3492),#2452);
#3492 = PRESENTATION_STYLE_ASSIGNMENT((#3493));
#3493 = SURFACE_STYLE_USAGE(.BOTH.,#3494);
#3494 = SURFACE_SIDE_STYLE('',(#3495));
#3495 = SURFACE_STYLE_FILL_AREA(#3496);
#3496 = FILL_AREA_STYLE('',(#3497));
#3497 = FILL_AREA_STYLE_COLOUR('',#3182);
#3498 = STYLED_ITEM('color',(#3499),#2464);
#3499 = PRESENTATION_STYLE_ASSIGNMENT((#3500));
#3500 = SURFACE_STYLE_USAGE(.BOTH.,#3501);
#3501 = SURFACE_SIDE_STYLE('',(#3502));
#3502 = SURFACE_STYLE_FILL_AREA(#3503);
#3503 = FILL_AREA_STYLE('',(#3504));
#3504 = FILL_AREA_STYLE_COLOUR('',#3182);
#3505 = STYLED_ITEM('color',(#3506),#2481);
#3506 = PRESENTATION_STYLE_ASSIGNMENT((#3507));
#3507 = SURFACE_STYLE_USAGE(.BOTH.,#3508);
#3508 = SURFACE_SIDE_STYLE('',(#3509));
#3509 = SURFACE_STYLE_FILL_AREA(#3510);
#3510 = FILL_AREA_STYLE('',(#3511));
#3511 = FILL_AREA_STYLE_COLOUR('',#3182);
#3512 = STYLED_ITEM('color',(#3513),#2503);
#3513 = PRESENTATION_STYLE_ASSIGNMENT((#3514));
#3514 = SURFACE_STYLE_USAGE(.BOTH.,#3515);
#3515 = SURFACE_SIDE_STYLE('',(#3516));
#3516 = SURFACE_STYLE_FILL_AREA(#3517);
#3517 = FILL_AREA_STYLE('',(#3518));
#3518 = FILL_AREA_STYLE_COLOUR('',#3182);
#3519 = STYLED_ITEM('color',(#3520),#2515);
#3520 = PRESENTATION_STYLE_ASSIGNMENT((#3521));
#3521 = SURFACE_STYLE_USAGE(.BOTH.,#3522);
#3522 = SURFACE_SIDE_STYLE('',(#3523));
#3523 = SURFACE_STYLE_FILL_AREA(#3524);
#3524 = FILL_AREA_STYLE('',(#3525));
#3525 = FILL_AREA_STYLE_COLOUR('',#3182);
#3526 = STYLED_ITEM('color',(#3527),#2532);
#3527 = PRESENTATION_STYLE_ASSIGNMENT((#3528));
#3528 = SURFACE_STYLE_USAGE(.BOTH.,#3529);
#3529 = SURFACE_SIDE_STYLE('',(#3530));
#3530 = SURFACE_STYLE_FILL_AREA(#3531);
#3531 = FILL_AREA_STYLE('',(#3532));
#3532 = FILL_AREA_STYLE_COLOUR('',#3182);
#3533 = STYLED_ITEM('color',(#3534),#2544);
#3534 = PRESENTATION_STYLE_ASSIGNMENT((#3535));
#3535 = SURFACE_STYLE_USAGE(.BOTH.,#3536);
#3536 = SURFACE_SIDE_STYLE('',(#3537));
#3537 = SURFACE_STYLE_FILL_AREA(#3538);
#3538 = FILL_AREA_STYLE('',(#3539));
#3539 = FILL_AREA_STYLE_COLOUR('',#3182);
ENDSEC;
END-ISO-10303-21;
