ISO-10303-21;
HEADER;
FILE_DESCRIPTION(('KiCad electronic assembly'),'2;1');
FILE_NAME('5x5led.step','2026-05-13T11:34:23',('Pcbnew'),('Kicad'),
  'Open CASCADE STEP processor 7.9','KiCad to STEP converter','Unknown'
  );
FILE_SCHEMA(('AUTOMOTIVE_DESIGN { 1 0 10303 214 1 1 1 1 }'));
ENDSEC;
DATA;
#1 = APPLICATION_PROTOCOL_DEFINITION('international standard',
  'automotive_design',2000,#2);
#2 = APPLICATION_CONTEXT(
  'core data for automotive mechanical design processes');
#3 = SHAPE_DEFINITION_REPRESENTATION(#4,#10);
#4 = PRODUCT_DEFINITION_SHAPE('','',#5);
#5 = PRODUCT_DEFINITION('design','',#6,#9);
#6 = PRODUCT_DEFINITION_FORMATION('','',#7);
#7 = PRODUCT('5x5led 1','5x5led 1','',(#8));
#8 = PRODUCT_CONTEXT('',#2,'mechanical');
#9 = PRODUCT_DEFINITION_CONTEXT('part definition',#2,'design');
#10 = SHAPE_REPRESENTATION('',(#11,#15,#19,#23,#27,#31,#35,#39,#43,#47,
    #51,#55,#59,#63,#67,#71,#75,#79,#83,#87,#91,#95,#99,#103,#107,#111,
    #115),#119);
#11 = AXIS2_PLACEMENT_3D('',#12,#13,#14);
#12 = CARTESIAN_POINT('',(0.,0.,0.));
#13 = DIRECTION('',(0.,0.,1.));
#14 = DIRECTION('',(1.,0.,-0.));
#15 = AXIS2_PLACEMENT_3D('',#16,#17,#18);
#16 = CARTESIAN_POINT('',(117.,-53.,1.595));
#17 = DIRECTION('',(0.,0.,1.));
#18 = DIRECTION('',(1.,0.,0.));
#19 = AXIS2_PLACEMENT_3D('',#20,#21,#22);
#20 = CARTESIAN_POINT('',(109.5,-45.,1.595));
#21 = DIRECTION('',(0.,0.,1.));
#22 = DIRECTION('',(1.,0.,0.));
#23 = AXIS2_PLACEMENT_3D('',#24,#25,#26);
#24 = CARTESIAN_POINT('',(132.,-69.,1.595));
#25 = DIRECTION('',(0.,0.,1.));
#26 = DIRECTION('',(1.,0.,0.));
#27 = AXIS2_PLACEMENT_3D('',#28,#29,#30);
#28 = CARTESIAN_POINT('',(132.,-77.,1.595));
#29 = DIRECTION('',(0.,0.,1.));
#30 = DIRECTION('',(1.,0.,0.));
#31 = AXIS2_PLACEMENT_3D('',#32,#33,#34);
#32 = CARTESIAN_POINT('',(124.5,-45.,1.595));
#33 = DIRECTION('',(0.,0.,1.));
#34 = DIRECTION('',(1.,0.,0.));
#35 = AXIS2_PLACEMENT_3D('',#36,#37,#38);
#36 = CARTESIAN_POINT('',(132.,-45.,1.595));
#37 = DIRECTION('',(0.,0.,1.));
#38 = DIRECTION('',(1.,0.,0.));
#39 = AXIS2_PLACEMENT_3D('',#40,#41,#42);
#40 = CARTESIAN_POINT('',(139.5,-69.,1.595));
#41 = DIRECTION('',(0.,0.,1.));
#42 = DIRECTION('',(1.,0.,0.));
#43 = AXIS2_PLACEMENT_3D('',#44,#45,#46);
#44 = CARTESIAN_POINT('',(139.5,-77.,1.595));
#45 = DIRECTION('',(0.,0.,1.));
#46 = DIRECTION('',(1.,0.,0.));
#47 = AXIS2_PLACEMENT_3D('',#48,#49,#50);
#48 = CARTESIAN_POINT('',(109.5,-77.,1.595));
#49 = DIRECTION('',(0.,0.,1.));
#50 = DIRECTION('',(1.,0.,0.));
#51 = AXIS2_PLACEMENT_3D('',#52,#53,#54);
#52 = CARTESIAN_POINT('',(124.5,-61.,1.595));
#53 = DIRECTION('',(0.,0.,1.));
#54 = DIRECTION('',(1.,0.,0.));
#55 = AXIS2_PLACEMENT_3D('',#56,#57,#58);
#56 = CARTESIAN_POINT('',(117.,-61.,1.595));
#57 = DIRECTION('',(0.,0.,1.));
#58 = DIRECTION('',(1.,0.,0.));
#59 = AXIS2_PLACEMENT_3D('',#60,#61,#62);
#60 = CARTESIAN_POINT('',(124.5,-77.,1.595));
#61 = DIRECTION('',(0.,0.,1.));
#62 = DIRECTION('',(1.,0.,0.));
#63 = AXIS2_PLACEMENT_3D('',#64,#65,#66);
#64 = CARTESIAN_POINT('',(117.,-69.,1.595));
#65 = DIRECTION('',(0.,0.,1.));
#66 = DIRECTION('',(1.,0.,0.));
#67 = AXIS2_PLACEMENT_3D('',#68,#69,#70);
#68 = CARTESIAN_POINT('',(117.,-45.,1.595));
#69 = DIRECTION('',(0.,0.,1.));
#70 = DIRECTION('',(1.,0.,0.));
#71 = AXIS2_PLACEMENT_3D('',#72,#73,#74);
#72 = CARTESIAN_POINT('',(139.5,-45.,1.595));
#73 = DIRECTION('',(0.,0.,1.));
#74 = DIRECTION('',(1.,0.,0.));
#75 = AXIS2_PLACEMENT_3D('',#76,#77,#78);
#76 = CARTESIAN_POINT('',(132.,-53.,1.595));
#77 = DIRECTION('',(0.,0.,1.));
#78 = DIRECTION('',(1.,0.,0.));
#79 = AXIS2_PLACEMENT_3D('',#80,#81,#82);
#80 = CARTESIAN_POINT('',(132.,-61.,1.595));
#81 = DIRECTION('',(0.,0.,1.));
#82 = DIRECTION('',(1.,0.,0.));
#83 = AXIS2_PLACEMENT_3D('',#84,#85,#86);
#84 = CARTESIAN_POINT('',(139.5,-61.,1.595));
#85 = DIRECTION('',(0.,0.,1.));
#86 = DIRECTION('',(1.,0.,0.));
#87 = AXIS2_PLACEMENT_3D('',#88,#89,#90);
#88 = CARTESIAN_POINT('',(117.,-77.,1.595));
#89 = DIRECTION('',(0.,0.,1.));
#90 = DIRECTION('',(1.,0.,0.));
#91 = AXIS2_PLACEMENT_3D('',#92,#93,#94);
#92 = CARTESIAN_POINT('',(109.5,-53.,1.595));
#93 = DIRECTION('',(0.,0.,1.));
#94 = DIRECTION('',(1.,0.,0.));
#95 = AXIS2_PLACEMENT_3D('',#96,#97,#98);
#96 = CARTESIAN_POINT('',(124.5,-69.,1.595));
#97 = DIRECTION('',(0.,0.,1.));
#98 = DIRECTION('',(1.,0.,0.));
#99 = AXIS2_PLACEMENT_3D('',#100,#101,#102);
#100 = CARTESIAN_POINT('',(109.5,-69.,1.595));
#101 = DIRECTION('',(0.,0.,1.));
#102 = DIRECTION('',(1.,0.,0.));
#103 = AXIS2_PLACEMENT_3D('',#104,#105,#106);
#104 = CARTESIAN_POINT('',(109.5,-61.,1.595));
#105 = DIRECTION('',(0.,0.,1.));
#106 = DIRECTION('',(1.,0.,0.));
#107 = AXIS2_PLACEMENT_3D('',#108,#109,#110);
#108 = CARTESIAN_POINT('',(124.5,-53.,1.595));
#109 = DIRECTION('',(0.,0.,1.));
#110 = DIRECTION('',(1.,0.,0.));
#111 = AXIS2_PLACEMENT_3D('',#112,#113,#114);
#112 = CARTESIAN_POINT('',(139.5,-53.,1.595));
#113 = DIRECTION('',(0.,0.,1.));
#114 = DIRECTION('',(1.,0.,0.));
#115 = AXIS2_PLACEMENT_3D('',#116,#117,#118);
#116 = CARTESIAN_POINT('',(0.,0.,0.));
#117 = DIRECTION('',(0.,0.,1.));
#118 = DIRECTION('',(1.,0.,-0.));
#119 = ( GEOMETRIC_REPRESENTATION_CONTEXT(3) 
GLOBAL_UNCERTAINTY_ASSIGNED_CONTEXT((#123)) GLOBAL_UNIT_ASSIGNED_CONTEXT
((#120,#121,#122)) REPRESENTATION_CONTEXT('Context #1',
  '3D Context with UNIT and UNCERTAINTY') );
#120 = ( LENGTH_UNIT() NAMED_UNIT(*) SI_UNIT(.MILLI.,.METRE.) );
#121 = ( NAMED_UNIT(*) PLANE_ANGLE_UNIT() SI_UNIT($,.RADIAN.) );
#122 = ( NAMED_UNIT(*) SI_UNIT($,.STERADIAN.) SOLID_ANGLE_UNIT() );
#123 = UNCERTAINTY_MEASURE_WITH_UNIT(LENGTH_MEASURE(1.E-07),#120,
  'distance_accuracy_value','confusion accuracy');
#124 = PRODUCT_RELATED_PRODUCT_CATEGORY('part',$,(#7));
#125 = SHAPE_DEFINITION_REPRESENTATION(#126,#132);
#126 = PRODUCT_DEFINITION_SHAPE('','',#127);
#127 = PRODUCT_DEFINITION('design','',#128,#131);
#128 = PRODUCT_DEFINITION_FORMATION('','',#129);
#129 = PRODUCT('LED_WS2812B_PLCC4_5.0x5.0mm_P3.2mm',
  'LED_WS2812B_PLCC4_5.0x5.0mm_P3.2mm','',(#130));
#130 = PRODUCT_CONTEXT('',#2,'mechanical');
#131 = PRODUCT_DEFINITION_CONTEXT('part definition',#2,'design');
#132 = ADVANCED_BREP_SHAPE_REPRESENTATION('',(#11,#133),#2400);
#133 = MANIFOLD_SOLID_BREP('',#134);
#134 = CLOSED_SHELL('',(#135,#194,#219,#252,#277,#302,#327,#344,#369,
    #400,#440,#571,#695,#712,#721,#732,#900,#931,#962,#993,#1078,#1102,
    #1180,#1211,#1296,#1320,#1398,#1429,#1460,#1491,#1576,#1600,#1678,
    #1709,#1794,#1818,#1896,#1913,#1930,#1947,#1964,#1981,#1998,#2015,
    #2037,#2049,#2061,#2078,#2090,#2107,#2129,#2141,#2158,#2170,#2182,
    #2199,#2216,#2233,#2255,#2267,#2284,#2296,#2308,#2325,#2347,#2359,
    #2376,#2388));
#135 = ADVANCED_FACE('',(#136,#147),#189,.T.);
#136 = FACE_BOUND('',#137,.T.);
#137 = EDGE_LOOP('',(#138));
#138 = ORIENTED_EDGE('',*,*,#139,.T.);
#139 = EDGE_CURVE('',#140,#140,#142,.T.);
#140 = VERTEX_POINT('',#141);
#141 = CARTESIAN_POINT('',(-1.966666666667,2.408472038323E-16,1.6));
#142 = CIRCLE('',#143,1.966666666667);
#143 = AXIS2_PLACEMENT_3D('',#144,#145,#146);
#144 = CARTESIAN_POINT('',(0.,0.,1.6));
#145 = DIRECTION('',(0.,0.,-1.));
#146 = DIRECTION('',(-1.,1.224646799147E-16,0.));
#147 = FACE_BOUND('',#148,.T.);
#148 = EDGE_LOOP('',(#149,#159,#167,#175,#183));
#149 = ORIENTED_EDGE('',*,*,#150,.T.);
#150 = EDGE_CURVE('',#151,#153,#155,.T.);
#151 = VERTEX_POINT('',#152);
#152 = CARTESIAN_POINT('',(1.433400076889,-2.425,1.6));
#153 = VERTEX_POINT('',#154);
#154 = CARTESIAN_POINT('',(2.425,-1.433400076889,1.6));
#155 = LINE('',#156,#157);
#156 = CARTESIAN_POINT('',(1.411433085478,-2.446966991411,1.6));
#157 = VECTOR('',#158,1.);
#158 = DIRECTION('',(0.707106781187,0.707106781187,0.));
#159 = ORIENTED_EDGE('',*,*,#160,.T.);
#160 = EDGE_CURVE('',#153,#161,#163,.T.);
#161 = VERTEX_POINT('',#162);
#162 = CARTESIAN_POINT('',(2.425,2.425,1.6));
#163 = LINE('',#164,#165);
#164 = CARTESIAN_POINT('',(2.425,-1.464466094067,1.6));
#165 = VECTOR('',#166,1.);
#166 = DIRECTION('',(1.224646799147E-16,1.,0.));
#167 = ORIENTED_EDGE('',*,*,#168,.T.);
#168 = EDGE_CURVE('',#161,#169,#171,.T.);
#169 = VERTEX_POINT('',#170);
#170 = CARTESIAN_POINT('',(-2.425,2.425,1.6));
#171 = LINE('',#172,#173);
#172 = CARTESIAN_POINT('',(2.5,2.425,1.6));
#173 = VECTOR('',#174,1.);
#174 = DIRECTION('',(-1.,1.224646799147E-16,0.));
#175 = ORIENTED_EDGE('',*,*,#176,.T.);
#176 = EDGE_CURVE('',#169,#177,#179,.T.);
#177 = VERTEX_POINT('',#178);
#178 = CARTESIAN_POINT('',(-2.425,-2.425,1.6));
#179 = LINE('',#180,#181);
#180 = CARTESIAN_POINT('',(-2.425,2.5,1.6));
#181 = VECTOR('',#182,1.);
#182 = DIRECTION('',(-1.224646799147E-16,-1.,0.));
#183 = ORIENTED_EDGE('',*,*,#184,.T.);
#184 = EDGE_CURVE('',#177,#151,#185,.T.);
#185 = LINE('',#186,#187);
#186 = CARTESIAN_POINT('',(-2.5,-2.425,1.6));
#187 = VECTOR('',#188,1.);
#188 = DIRECTION('',(1.,-1.224646799147E-16,0.));
#189 = PLANE('',#190);
#190 = AXIS2_PLACEMENT_3D('',#191,#192,#193);
#191 = CARTESIAN_POINT('',(0.,0.,1.6));
#192 = DIRECTION('',(0.,0.,1.));
#193 = DIRECTION('',(-1.,1.224646799147E-16,0.));
#194 = ADVANCED_FACE('',(#195),#214,.F.);
#195 = FACE_BOUND('',#196,.F.);
#196 = EDGE_LOOP('',(#197,#205,#206,#207));
#197 = ORIENTED_EDGE('',*,*,#198,.F.);
#198 = EDGE_CURVE('',#140,#199,#201,.T.);
#199 = VERTEX_POINT('',#200);
#200 = CARTESIAN_POINT('',(-1.666666666667,2.041077998579E-16,1.3));
#201 = LINE('',#202,#203);
#202 = CARTESIAN_POINT('',(-1.666666666667,2.041077998579E-16,1.3));
#203 = VECTOR('',#204,1.);
#204 = DIRECTION('',(0.707106781187,-8.659560562349E-17,-0.707106781187)
  );
#205 = ORIENTED_EDGE('',*,*,#139,.T.);
#206 = ORIENTED_EDGE('',*,*,#198,.T.);
#207 = ORIENTED_EDGE('',*,*,#208,.F.);
#208 = EDGE_CURVE('',#199,#199,#209,.T.);
#209 = CIRCLE('',#210,1.666666666667);
#210 = AXIS2_PLACEMENT_3D('',#211,#212,#213);
#211 = CARTESIAN_POINT('',(0.,0.,1.3));
#212 = DIRECTION('',(0.,0.,-1.));
#213 = DIRECTION('',(-1.,1.224646799147E-16,0.));
#214 = CONICAL_SURFACE('',#215,1.666666666667,0.785398163397);
#215 = AXIS2_PLACEMENT_3D('',#216,#217,#218);
#216 = CARTESIAN_POINT('',(0.,0.,1.3));
#217 = DIRECTION('',(0.,0.,1.));
#218 = DIRECTION('',(-1.,1.224646799147E-16,0.));
#219 = ADVANCED_FACE('',(#220),#247,.T.);
#220 = FACE_BOUND('',#221,.T.);
#221 = EDGE_LOOP('',(#222,#231,#239,#246));
#222 = ORIENTED_EDGE('',*,*,#223,.T.);
#223 = EDGE_CURVE('',#151,#224,#226,.T.);
#224 = VERTEX_POINT('',#225);
#225 = CARTESIAN_POINT('',(1.464466094067,-2.5,1.525));
#226 = ELLIPSE('',#227,8.117941502193E-02,7.5E-02);
#227 = AXIS2_PLACEMENT_3D('',#228,#229,#230);
#228 = CARTESIAN_POINT('',(1.433400076889,-2.425,1.525));
#229 = DIRECTION('',(0.923879532511,0.382683432365,-0.));
#230 = DIRECTION('',(-0.382683432365,0.923879532511,0.));
#231 = ORIENTED_EDGE('',*,*,#232,.T.);
#232 = EDGE_CURVE('',#224,#233,#235,.T.);
#233 = VERTEX_POINT('',#234);
#234 = CARTESIAN_POINT('',(2.5,-1.464466094067,1.525));
#235 = LINE('',#236,#237);
#236 = CARTESIAN_POINT('',(1.464466094067,-2.5,1.525));
#237 = VECTOR('',#238,1.);
#238 = DIRECTION('',(0.707106781187,0.707106781187,0.));
#239 = ORIENTED_EDGE('',*,*,#240,.F.);
#240 = EDGE_CURVE('',#153,#233,#241,.T.);
#241 = ELLIPSE('',#242,8.117941502193E-02,7.5E-02);
#242 = AXIS2_PLACEMENT_3D('',#243,#244,#245);
#243 = CARTESIAN_POINT('',(2.425,-1.433400076889,1.525));
#244 = DIRECTION('',(0.382683432365,0.923879532511,0.));
#245 = DIRECTION('',(0.923879532511,-0.382683432365,0.));
#246 = ORIENTED_EDGE('',*,*,#150,.F.);
#247 = CYLINDRICAL_SURFACE('',#248,7.5E-02);
#248 = AXIS2_PLACEMENT_3D('',#249,#250,#251);
#249 = CARTESIAN_POINT('',(1.411433085478,-2.446966991411,1.525));
#250 = DIRECTION('',(0.707106781187,0.707106781187,0.));
#251 = DIRECTION('',(0.,-0.,1.));
#252 = ADVANCED_FACE('',(#253),#272,.T.);
#253 = FACE_BOUND('',#254,.T.);
#254 = EDGE_LOOP('',(#255,#264,#270,#271));
#255 = ORIENTED_EDGE('',*,*,#256,.F.);
#256 = EDGE_CURVE('',#257,#177,#259,.T.);
#257 = VERTEX_POINT('',#258);
#258 = CARTESIAN_POINT('',(-2.5,-2.5,1.525));
#259 = ELLIPSE('',#260,0.106066017178,7.5E-02);
#260 = AXIS2_PLACEMENT_3D('',#261,#262,#263);
#261 = CARTESIAN_POINT('',(-2.425,-2.425,1.525));
#262 = DIRECTION('',(-0.707106781187,0.707106781187,0.));
#263 = DIRECTION('',(-0.707106781187,-0.707106781187,0.));
#264 = ORIENTED_EDGE('',*,*,#265,.T.);
#265 = EDGE_CURVE('',#257,#224,#266,.T.);
#266 = LINE('',#267,#268);
#267 = CARTESIAN_POINT('',(-2.5,-2.5,1.525));
#268 = VECTOR('',#269,1.);
#269 = DIRECTION('',(1.,-1.224646799147E-16,0.));
#270 = ORIENTED_EDGE('',*,*,#223,.F.);
#271 = ORIENTED_EDGE('',*,*,#184,.F.);
#272 = CYLINDRICAL_SURFACE('',#273,7.5E-02);
#273 = AXIS2_PLACEMENT_3D('',#274,#275,#276);
#274 = CARTESIAN_POINT('',(-2.5,-2.425,1.525));
#275 = DIRECTION('',(1.,-1.224646799147E-16,0.));
#276 = DIRECTION('',(0.,0.,1.));
#277 = ADVANCED_FACE('',(#278),#297,.T.);
#278 = FACE_BOUND('',#279,.T.);
#279 = EDGE_LOOP('',(#280,#288,#295,#296));
#280 = ORIENTED_EDGE('',*,*,#281,.T.);
#281 = EDGE_CURVE('',#233,#282,#284,.T.);
#282 = VERTEX_POINT('',#283);
#283 = CARTESIAN_POINT('',(2.5,2.5,1.525));
#284 = LINE('',#285,#286);
#285 = CARTESIAN_POINT('',(2.5,-1.464466094067,1.525));
#286 = VECTOR('',#287,1.);
#287 = DIRECTION('',(1.224646799147E-16,1.,0.));
#288 = ORIENTED_EDGE('',*,*,#289,.T.);
#289 = EDGE_CURVE('',#282,#161,#290,.T.);
#290 = ELLIPSE('',#291,0.106066017178,7.5E-02);
#291 = AXIS2_PLACEMENT_3D('',#292,#293,#294);
#292 = CARTESIAN_POINT('',(2.425,2.425,1.525));
#293 = DIRECTION('',(0.707106781187,-0.707106781187,-0.));
#294 = DIRECTION('',(-0.707106781187,-0.707106781187,0.));
#295 = ORIENTED_EDGE('',*,*,#160,.F.);
#296 = ORIENTED_EDGE('',*,*,#240,.T.);
#297 = CYLINDRICAL_SURFACE('',#298,7.5E-02);
#298 = AXIS2_PLACEMENT_3D('',#299,#300,#301);
#299 = CARTESIAN_POINT('',(2.425,-1.464466094067,1.525));
#300 = DIRECTION('',(1.224646799147E-16,1.,0.));
#301 = DIRECTION('',(1.,-1.224646799147E-16,0.));
#302 = ADVANCED_FACE('',(#303),#322,.T.);
#303 = FACE_BOUND('',#304,.T.);
#304 = EDGE_LOOP('',(#305,#313,#314,#315));
#305 = ORIENTED_EDGE('',*,*,#306,.T.);
#306 = EDGE_CURVE('',#307,#257,#309,.T.);
#307 = VERTEX_POINT('',#308);
#308 = CARTESIAN_POINT('',(-2.5,2.5,1.525));
#309 = LINE('',#310,#311);
#310 = CARTESIAN_POINT('',(-2.5,2.5,1.525));
#311 = VECTOR('',#312,1.);
#312 = DIRECTION('',(-1.224646799147E-16,-1.,0.));
#313 = ORIENTED_EDGE('',*,*,#256,.T.);
#314 = ORIENTED_EDGE('',*,*,#176,.F.);
#315 = ORIENTED_EDGE('',*,*,#316,.F.);
#316 = EDGE_CURVE('',#307,#169,#317,.T.);
#317 = ELLIPSE('',#318,0.106066017178,7.5E-02);
#318 = AXIS2_PLACEMENT_3D('',#319,#320,#321);
#319 = CARTESIAN_POINT('',(-2.425,2.425,1.525));
#320 = DIRECTION('',(0.707106781187,0.707106781187,-0.));
#321 = DIRECTION('',(-0.707106781187,0.707106781187,0.));
#322 = CYLINDRICAL_SURFACE('',#323,7.5E-02);
#323 = AXIS2_PLACEMENT_3D('',#324,#325,#326);
#324 = CARTESIAN_POINT('',(-2.425,2.5,1.525));
#325 = DIRECTION('',(-1.224646799147E-16,-1.,0.));
#326 = DIRECTION('',(-1.,1.224646799147E-16,0.));
#327 = ADVANCED_FACE('',(#328),#339,.T.);
#328 = FACE_BOUND('',#329,.T.);
#329 = EDGE_LOOP('',(#330,#336,#337,#338));
#330 = ORIENTED_EDGE('',*,*,#331,.T.);
#331 = EDGE_CURVE('',#282,#307,#332,.T.);
#332 = LINE('',#333,#334);
#333 = CARTESIAN_POINT('',(2.5,2.5,1.525));
#334 = VECTOR('',#335,1.);
#335 = DIRECTION('',(-1.,1.224646799147E-16,0.));
#336 = ORIENTED_EDGE('',*,*,#316,.T.);
#337 = ORIENTED_EDGE('',*,*,#168,.F.);
#338 = ORIENTED_EDGE('',*,*,#289,.F.);
#339 = CYLINDRICAL_SURFACE('',#340,7.5E-02);
#340 = AXIS2_PLACEMENT_3D('',#341,#342,#343);
#341 = CARTESIAN_POINT('',(2.5,2.425,1.525));
#342 = DIRECTION('',(-1.,1.224646799147E-16,0.));
#343 = DIRECTION('',(1.224646799147E-16,1.,0.));
#344 = ADVANCED_FACE('',(#345),#364,.F.);
#345 = FACE_BOUND('',#346,.F.);
#346 = EDGE_LOOP('',(#347,#355,#356,#357));
#347 = ORIENTED_EDGE('',*,*,#348,.T.);
#348 = EDGE_CURVE('',#349,#199,#351,.T.);
#349 = VERTEX_POINT('',#350);
#350 = CARTESIAN_POINT('',(-1.666666666667,2.041077998579E-16,1.225));
#351 = LINE('',#352,#353);
#352 = CARTESIAN_POINT('',(-1.666666666667,2.041077998579E-16,0.85));
#353 = VECTOR('',#354,1.);
#354 = DIRECTION('',(0.,0.,1.));
#355 = ORIENTED_EDGE('',*,*,#208,.T.);
#356 = ORIENTED_EDGE('',*,*,#348,.F.);
#357 = ORIENTED_EDGE('',*,*,#358,.T.);
#358 = EDGE_CURVE('',#349,#349,#359,.T.);
#359 = CIRCLE('',#360,1.666666666667);
#360 = AXIS2_PLACEMENT_3D('',#361,#362,#363);
#361 = CARTESIAN_POINT('',(0.,0.,1.225));
#362 = DIRECTION('',(0.,0.,1.));
#363 = DIRECTION('',(-1.,1.224646799147E-16,0.));
#364 = CYLINDRICAL_SURFACE('',#365,1.666666666667);
#365 = AXIS2_PLACEMENT_3D('',#366,#367,#368);
#366 = CARTESIAN_POINT('',(0.,0.,0.85));
#367 = DIRECTION('',(0.,0.,-1.));
#368 = DIRECTION('',(-1.,1.224646799147E-16,0.));
#369 = ADVANCED_FACE('',(#370),#395,.T.);
#370 = FACE_BOUND('',#371,.T.);
#371 = EDGE_LOOP('',(#372,#380,#388,#394));
#372 = ORIENTED_EDGE('',*,*,#373,.T.);
#373 = EDGE_CURVE('',#224,#374,#376,.T.);
#374 = VERTEX_POINT('',#375);
#375 = CARTESIAN_POINT('',(1.464466094067,-2.5,1.3));
#376 = LINE('',#377,#378);
#377 = CARTESIAN_POINT('',(1.464466094067,-2.5,0.7));
#378 = VECTOR('',#379,1.);
#379 = DIRECTION('',(0.,0.,-1.));
#380 = ORIENTED_EDGE('',*,*,#381,.F.);
#381 = EDGE_CURVE('',#382,#374,#384,.T.);
#382 = VERTEX_POINT('',#383);
#383 = CARTESIAN_POINT('',(2.5,-1.464466094067,1.3));
#384 = LINE('',#385,#386);
#385 = CARTESIAN_POINT('',(3.75,-0.214466094067,1.3));
#386 = VECTOR('',#387,1.);
#387 = DIRECTION('',(-0.707106781187,-0.707106781187,0.));
#388 = ORIENTED_EDGE('',*,*,#389,.T.);
#389 = EDGE_CURVE('',#382,#233,#390,.T.);
#390 = LINE('',#391,#392);
#391 = CARTESIAN_POINT('',(2.5,-1.464466094067,0.7));
#392 = VECTOR('',#393,1.);
#393 = DIRECTION('',(0.,0.,1.));
#394 = ORIENTED_EDGE('',*,*,#232,.F.);
#395 = PLANE('',#396);
#396 = AXIS2_PLACEMENT_3D('',#397,#398,#399);
#397 = CARTESIAN_POINT('',(3.75,-0.214466094067,1.3));
#398 = DIRECTION('',(0.707106781187,-0.707106781187,0.));
#399 = DIRECTION('',(-0.707106781187,-0.707106781187,0.));
#400 = ADVANCED_FACE('',(#401),#435,.F.);
#401 = FACE_BOUND('',#402,.F.);
#402 = EDGE_LOOP('',(#403,#404,#412,#420,#428,#434));
#403 = ORIENTED_EDGE('',*,*,#373,.T.);
#404 = ORIENTED_EDGE('',*,*,#405,.T.);
#405 = EDGE_CURVE('',#374,#406,#408,.T.);
#406 = VERTEX_POINT('',#407);
#407 = CARTESIAN_POINT('',(2.5,-2.5,1.3));
#408 = LINE('',#409,#410);
#409 = CARTESIAN_POINT('',(0.625,-2.5,1.3));
#410 = VECTOR('',#411,1.);
#411 = DIRECTION('',(1.,-1.224646799147E-16,0.));
#412 = ORIENTED_EDGE('',*,*,#413,.F.);
#413 = EDGE_CURVE('',#414,#406,#416,.T.);
#414 = VERTEX_POINT('',#415);
#415 = CARTESIAN_POINT('',(2.5,-2.5,0.1));
#416 = LINE('',#417,#418);
#417 = CARTESIAN_POINT('',(2.5,-2.5,0.1));
#418 = VECTOR('',#419,1.);
#419 = DIRECTION('',(0.,0.,1.));
#420 = ORIENTED_EDGE('',*,*,#421,.F.);
#421 = EDGE_CURVE('',#422,#414,#424,.T.);
#422 = VERTEX_POINT('',#423);
#423 = CARTESIAN_POINT('',(-2.5,-2.5,0.1));
#424 = LINE('',#425,#426);
#425 = CARTESIAN_POINT('',(-2.5,-2.5,0.1));
#426 = VECTOR('',#427,1.);
#427 = DIRECTION('',(1.,-1.224646799147E-16,0.));
#428 = ORIENTED_EDGE('',*,*,#429,.T.);
#429 = EDGE_CURVE('',#422,#257,#430,.T.);
#430 = LINE('',#431,#432);
#431 = CARTESIAN_POINT('',(-2.5,-2.5,0.1));
#432 = VECTOR('',#433,1.);
#433 = DIRECTION('',(0.,0.,1.));
#434 = ORIENTED_EDGE('',*,*,#265,.T.);
#435 = PLANE('',#436);
#436 = AXIS2_PLACEMENT_3D('',#437,#438,#439);
#437 = CARTESIAN_POINT('',(-2.5,-2.5,0.1));
#438 = DIRECTION('',(1.224646799147E-16,1.,0.));
#439 = DIRECTION('',(1.,-1.224646799147E-16,0.));
#440 = ADVANCED_FACE('',(#441,#498,#532),#566,.F.);
#441 = FACE_BOUND('',#442,.F.);
#442 = EDGE_LOOP('',(#443,#451,#459,#467,#475,#483,#489,#490,#496,#497)
  );
#443 = ORIENTED_EDGE('',*,*,#444,.F.);
#444 = EDGE_CURVE('',#445,#282,#447,.T.);
#445 = VERTEX_POINT('',#446);
#446 = CARTESIAN_POINT('',(2.5,2.5,0.1));
#447 = LINE('',#448,#449);
#448 = CARTESIAN_POINT('',(2.5,2.5,0.1));
#449 = VECTOR('',#450,1.);
#450 = DIRECTION('',(0.,0.,1.));
#451 = ORIENTED_EDGE('',*,*,#452,.F.);
#452 = EDGE_CURVE('',#453,#445,#455,.T.);
#453 = VERTEX_POINT('',#454);
#454 = CARTESIAN_POINT('',(2.5,2.1,0.1));
#455 = LINE('',#456,#457);
#456 = CARTESIAN_POINT('',(2.5,-2.5,0.1));
#457 = VECTOR('',#458,1.);
#458 = DIRECTION('',(1.224646799147E-16,1.,0.));
#459 = ORIENTED_EDGE('',*,*,#460,.F.);
#460 = EDGE_CURVE('',#461,#453,#463,.T.);
#461 = VERTEX_POINT('',#462);
#462 = CARTESIAN_POINT('',(2.5,1.2,0.1));
#463 = LINE('',#464,#465);
#464 = CARTESIAN_POINT('',(2.5,-2.5,0.1));
#465 = VECTOR('',#466,1.);
#466 = DIRECTION('',(1.224646799147E-16,1.,0.));
#467 = ORIENTED_EDGE('',*,*,#468,.F.);
#468 = EDGE_CURVE('',#469,#461,#471,.T.);
#469 = VERTEX_POINT('',#470);
#470 = CARTESIAN_POINT('',(2.5,-1.2,0.1));
#471 = LINE('',#472,#473);
#472 = CARTESIAN_POINT('',(2.5,-2.5,0.1));
#473 = VECTOR('',#474,1.);
#474 = DIRECTION('',(1.224646799147E-16,1.,0.));
#475 = ORIENTED_EDGE('',*,*,#476,.F.);
#476 = EDGE_CURVE('',#477,#469,#479,.T.);
#477 = VERTEX_POINT('',#478);
#478 = CARTESIAN_POINT('',(2.5,-2.1,0.1));
#479 = LINE('',#480,#481);
#480 = CARTESIAN_POINT('',(2.5,-2.5,0.1));
#481 = VECTOR('',#482,1.);
#482 = DIRECTION('',(1.224646799147E-16,1.,0.));
#483 = ORIENTED_EDGE('',*,*,#484,.F.);
#484 = EDGE_CURVE('',#414,#477,#485,.T.);
#485 = LINE('',#486,#487);
#486 = CARTESIAN_POINT('',(2.5,-2.5,0.1));
#487 = VECTOR('',#488,1.);
#488 = DIRECTION('',(1.224646799147E-16,1.,0.));
#489 = ORIENTED_EDGE('',*,*,#413,.T.);
#490 = ORIENTED_EDGE('',*,*,#491,.T.);
#491 = EDGE_CURVE('',#406,#382,#492,.T.);
#492 = LINE('',#493,#494);
#493 = CARTESIAN_POINT('',(2.5,-3.125,1.3));
#494 = VECTOR('',#495,1.);
#495 = DIRECTION('',(1.224646799147E-16,1.,0.));
#496 = ORIENTED_EDGE('',*,*,#389,.T.);
#497 = ORIENTED_EDGE('',*,*,#281,.T.);
#498 = FACE_BOUND('',#499,.F.);
#499 = EDGE_LOOP('',(#500,#510,#518,#526));
#500 = ORIENTED_EDGE('',*,*,#501,.T.);
#501 = EDGE_CURVE('',#502,#504,#506,.T.);
#502 = VERTEX_POINT('',#503);
#503 = CARTESIAN_POINT('',(2.5,1.2,0.9));
#504 = VERTEX_POINT('',#505);
#505 = CARTESIAN_POINT('',(2.5,2.1,0.9));
#506 = LINE('',#507,#508);
#507 = CARTESIAN_POINT('',(2.5,-0.425,0.9));
#508 = VECTOR('',#509,1.);
#509 = DIRECTION('',(1.224646799147E-16,1.,-1.556307025767E-32));
#510 = ORIENTED_EDGE('',*,*,#511,.T.);
#511 = EDGE_CURVE('',#504,#512,#514,.T.);
#512 = VERTEX_POINT('',#513);
#513 = CARTESIAN_POINT('',(2.5,2.1,1.));
#514 = LINE('',#515,#516);
#515 = CARTESIAN_POINT('',(2.5,2.1,5.E-02));
#516 = VECTOR('',#517,1.);
#517 = DIRECTION('',(0.,0.,1.));
#518 = ORIENTED_EDGE('',*,*,#519,.F.);
#519 = EDGE_CURVE('',#520,#512,#522,.T.);
#520 = VERTEX_POINT('',#521);
#521 = CARTESIAN_POINT('',(2.5,1.2,1.));
#522 = LINE('',#523,#524);
#523 = CARTESIAN_POINT('',(2.5,-0.425,1.));
#524 = VECTOR('',#525,1.);
#525 = DIRECTION('',(1.224646799147E-16,1.,0.));
#526 = ORIENTED_EDGE('',*,*,#527,.T.);
#527 = EDGE_CURVE('',#520,#502,#528,.T.);
#528 = LINE('',#529,#530);
#529 = CARTESIAN_POINT('',(2.5,1.2,5.E-02));
#530 = VECTOR('',#531,1.);
#531 = DIRECTION('',(-0.,0.,-1.));
#532 = FACE_BOUND('',#533,.F.);
#533 = EDGE_LOOP('',(#534,#544,#552,#560));
#534 = ORIENTED_EDGE('',*,*,#535,.F.);
#535 = EDGE_CURVE('',#536,#538,#540,.T.);
#536 = VERTEX_POINT('',#537);
#537 = CARTESIAN_POINT('',(2.5,-2.1,1.));
#538 = VERTEX_POINT('',#539);
#539 = CARTESIAN_POINT('',(2.5,-1.2,1.));
#540 = LINE('',#541,#542);
#541 = CARTESIAN_POINT('',(2.5,-2.075,1.));
#542 = VECTOR('',#543,1.);
#543 = DIRECTION('',(1.224646799147E-16,1.,0.));
#544 = ORIENTED_EDGE('',*,*,#545,.T.);
#545 = EDGE_CURVE('',#536,#546,#548,.T.);
#546 = VERTEX_POINT('',#547);
#547 = CARTESIAN_POINT('',(2.5,-2.1,0.9));
#548 = LINE('',#549,#550);
#549 = CARTESIAN_POINT('',(2.5,-2.1,5.E-02));
#550 = VECTOR('',#551,1.);
#551 = DIRECTION('',(-0.,0.,-1.));
#552 = ORIENTED_EDGE('',*,*,#553,.T.);
#553 = EDGE_CURVE('',#546,#554,#556,.T.);
#554 = VERTEX_POINT('',#555);
#555 = CARTESIAN_POINT('',(2.5,-1.2,0.9));
#556 = LINE('',#557,#558);
#557 = CARTESIAN_POINT('',(2.5,-2.075,0.9));
#558 = VECTOR('',#559,1.);
#559 = DIRECTION('',(1.224646799147E-16,1.,-3.890767564419E-33));
#560 = ORIENTED_EDGE('',*,*,#561,.T.);
#561 = EDGE_CURVE('',#554,#538,#562,.T.);
#562 = LINE('',#563,#564);
#563 = CARTESIAN_POINT('',(2.5,-1.2,5.E-02));
#564 = VECTOR('',#565,1.);
#565 = DIRECTION('',(0.,0.,1.));
#566 = PLANE('',#567);
#567 = AXIS2_PLACEMENT_3D('',#568,#569,#570);
#568 = CARTESIAN_POINT('',(2.5,-2.5,0.1));
#569 = DIRECTION('',(-1.,1.224646799147E-16,0.));
#570 = DIRECTION('',(1.224646799147E-16,1.,0.));
#571 = ADVANCED_FACE('',(#572,#622,#656),#690,.F.);
#572 = FACE_BOUND('',#573,.F.);
#573 = EDGE_LOOP('',(#574,#582,#583,#584,#592,#600,#608,#616));
#574 = ORIENTED_EDGE('',*,*,#575,.T.);
#575 = EDGE_CURVE('',#576,#307,#578,.T.);
#576 = VERTEX_POINT('',#577);
#577 = CARTESIAN_POINT('',(-2.5,2.5,0.1));
#578 = LINE('',#579,#580);
#579 = CARTESIAN_POINT('',(-2.5,2.5,0.1));
#580 = VECTOR('',#581,1.);
#581 = DIRECTION('',(0.,0.,1.));
#582 = ORIENTED_EDGE('',*,*,#306,.T.);
#583 = ORIENTED_EDGE('',*,*,#429,.F.);
#584 = ORIENTED_EDGE('',*,*,#585,.F.);
#585 = EDGE_CURVE('',#586,#422,#588,.T.);
#586 = VERTEX_POINT('',#587);
#587 = CARTESIAN_POINT('',(-2.5,-2.1,0.1));
#588 = LINE('',#589,#590);
#589 = CARTESIAN_POINT('',(-2.5,2.5,0.1));
#590 = VECTOR('',#591,1.);
#591 = DIRECTION('',(-1.224646799147E-16,-1.,0.));
#592 = ORIENTED_EDGE('',*,*,#593,.F.);
#593 = EDGE_CURVE('',#594,#586,#596,.T.);
#594 = VERTEX_POINT('',#595);
#595 = CARTESIAN_POINT('',(-2.5,-1.2,0.1));
#596 = LINE('',#597,#598);
#597 = CARTESIAN_POINT('',(-2.5,2.5,0.1));
#598 = VECTOR('',#599,1.);
#599 = DIRECTION('',(-1.224646799147E-16,-1.,0.));
#600 = ORIENTED_EDGE('',*,*,#601,.F.);
#601 = EDGE_CURVE('',#602,#594,#604,.T.);
#602 = VERTEX_POINT('',#603);
#603 = CARTESIAN_POINT('',(-2.5,1.2,0.1));
#604 = LINE('',#605,#606);
#605 = CARTESIAN_POINT('',(-2.5,2.5,0.1));
#606 = VECTOR('',#607,1.);
#607 = DIRECTION('',(-1.224646799147E-16,-1.,0.));
#608 = ORIENTED_EDGE('',*,*,#609,.F.);
#609 = EDGE_CURVE('',#610,#602,#612,.T.);
#610 = VERTEX_POINT('',#611);
#611 = CARTESIAN_POINT('',(-2.5,2.1,0.1));
#612 = LINE('',#613,#614);
#613 = CARTESIAN_POINT('',(-2.5,2.5,0.1));
#614 = VECTOR('',#615,1.);
#615 = DIRECTION('',(-1.224646799147E-16,-1.,0.));
#616 = ORIENTED_EDGE('',*,*,#617,.F.);
#617 = EDGE_CURVE('',#576,#610,#618,.T.);
#618 = LINE('',#619,#620);
#619 = CARTESIAN_POINT('',(-2.5,2.5,0.1));
#620 = VECTOR('',#621,1.);
#621 = DIRECTION('',(-1.224646799147E-16,-1.,0.));
#622 = FACE_BOUND('',#623,.F.);
#623 = EDGE_LOOP('',(#624,#634,#642,#650));
#624 = ORIENTED_EDGE('',*,*,#625,.F.);
#625 = EDGE_CURVE('',#626,#628,#630,.T.);
#626 = VERTEX_POINT('',#627);
#627 = CARTESIAN_POINT('',(-2.5,-1.2,1.));
#628 = VERTEX_POINT('',#629);
#629 = CARTESIAN_POINT('',(-2.5,-2.1,1.));
#630 = LINE('',#631,#632);
#631 = CARTESIAN_POINT('',(-2.5,0.425,1.));
#632 = VECTOR('',#633,1.);
#633 = DIRECTION('',(-1.224646799147E-16,-1.,0.));
#634 = ORIENTED_EDGE('',*,*,#635,.T.);
#635 = EDGE_CURVE('',#626,#636,#638,.T.);
#636 = VERTEX_POINT('',#637);
#637 = CARTESIAN_POINT('',(-2.5,-1.2,0.9));
#638 = LINE('',#639,#640);
#639 = CARTESIAN_POINT('',(-2.5,-1.2,5.E-02));
#640 = VECTOR('',#641,1.);
#641 = DIRECTION('',(-0.,0.,-1.));
#642 = ORIENTED_EDGE('',*,*,#643,.T.);
#643 = EDGE_CURVE('',#636,#644,#646,.T.);
#644 = VERTEX_POINT('',#645);
#645 = CARTESIAN_POINT('',(-2.5,-2.1,0.9));
#646 = LINE('',#647,#648);
#647 = CARTESIAN_POINT('',(-2.5,0.425,0.9));
#648 = VECTOR('',#649,1.);
#649 = DIRECTION('',(-1.224646799147E-16,-1.,3.890767564419E-33));
#650 = ORIENTED_EDGE('',*,*,#651,.T.);
#651 = EDGE_CURVE('',#644,#628,#652,.T.);
#652 = LINE('',#653,#654);
#653 = CARTESIAN_POINT('',(-2.5,-2.1,5.E-02));
#654 = VECTOR('',#655,1.);
#655 = DIRECTION('',(0.,0.,1.));
#656 = FACE_BOUND('',#657,.F.);
#657 = EDGE_LOOP('',(#658,#668,#676,#684));
#658 = ORIENTED_EDGE('',*,*,#659,.F.);
#659 = EDGE_CURVE('',#660,#662,#664,.T.);
#660 = VERTEX_POINT('',#661);
#661 = CARTESIAN_POINT('',(-2.5,2.1,1.));
#662 = VERTEX_POINT('',#663);
#663 = CARTESIAN_POINT('',(-2.5,1.2,1.));
#664 = LINE('',#665,#666);
#665 = CARTESIAN_POINT('',(-2.5,2.075,1.));
#666 = VECTOR('',#667,1.);
#667 = DIRECTION('',(-1.224646799147E-16,-1.,0.));
#668 = ORIENTED_EDGE('',*,*,#669,.T.);
#669 = EDGE_CURVE('',#660,#670,#672,.T.);
#670 = VERTEX_POINT('',#671);
#671 = CARTESIAN_POINT('',(-2.5,2.1,0.9));
#672 = LINE('',#673,#674);
#673 = CARTESIAN_POINT('',(-2.5,2.1,5.E-02));
#674 = VECTOR('',#675,1.);
#675 = DIRECTION('',(-0.,0.,-1.));
#676 = ORIENTED_EDGE('',*,*,#677,.T.);
#677 = EDGE_CURVE('',#670,#678,#680,.T.);
#678 = VERTEX_POINT('',#679);
#679 = CARTESIAN_POINT('',(-2.5,1.2,0.9));
#680 = LINE('',#681,#682);
#681 = CARTESIAN_POINT('',(-2.5,2.075,0.9));
#682 = VECTOR('',#683,1.);
#683 = DIRECTION('',(-1.224646799147E-16,-1.,1.556307025767E-32));
#684 = ORIENTED_EDGE('',*,*,#685,.T.);
#685 = EDGE_CURVE('',#678,#662,#686,.T.);
#686 = LINE('',#687,#688);
#687 = CARTESIAN_POINT('',(-2.5,1.2,5.E-02));
#688 = VECTOR('',#689,1.);
#689 = DIRECTION('',(0.,0.,1.));
#690 = PLANE('',#691);
#691 = AXIS2_PLACEMENT_3D('',#692,#693,#694);
#692 = CARTESIAN_POINT('',(-2.5,2.5,0.1));
#693 = DIRECTION('',(1.,-1.224646799147E-16,0.));
#694 = DIRECTION('',(-1.224646799147E-16,-1.,0.));
#695 = ADVANCED_FACE('',(#696),#707,.F.);
#696 = FACE_BOUND('',#697,.F.);
#697 = EDGE_LOOP('',(#698,#699,#700,#701));
#698 = ORIENTED_EDGE('',*,*,#444,.T.);
#699 = ORIENTED_EDGE('',*,*,#331,.T.);
#700 = ORIENTED_EDGE('',*,*,#575,.F.);
#701 = ORIENTED_EDGE('',*,*,#702,.F.);
#702 = EDGE_CURVE('',#445,#576,#703,.T.);
#703 = LINE('',#704,#705);
#704 = CARTESIAN_POINT('',(2.5,2.5,0.1));
#705 = VECTOR('',#706,1.);
#706 = DIRECTION('',(-1.,1.224646799147E-16,0.));
#707 = PLANE('',#708);
#708 = AXIS2_PLACEMENT_3D('',#709,#710,#711);
#709 = CARTESIAN_POINT('',(2.5,2.5,0.1));
#710 = DIRECTION('',(-1.224646799147E-16,-1.,0.));
#711 = DIRECTION('',(-1.,1.224646799147E-16,0.));
#712 = ADVANCED_FACE('',(#713),#716,.T.);
#713 = FACE_BOUND('',#714,.T.);
#714 = EDGE_LOOP('',(#715));
#715 = ORIENTED_EDGE('',*,*,#358,.T.);
#716 = PLANE('',#717);
#717 = AXIS2_PLACEMENT_3D('',#718,#719,#720);
#718 = CARTESIAN_POINT('',(1.538370149107E-16,-1.370800865949E-16,1.225)
  );
#719 = DIRECTION('',(0.,0.,1.));
#720 = DIRECTION('',(-1.,1.224646799147E-16,0.));
#721 = ADVANCED_FACE('',(#722),#727,.T.);
#722 = FACE_BOUND('',#723,.T.);
#723 = EDGE_LOOP('',(#724,#725,#726));
#724 = ORIENTED_EDGE('',*,*,#491,.T.);
#725 = ORIENTED_EDGE('',*,*,#381,.T.);
#726 = ORIENTED_EDGE('',*,*,#405,.T.);
#727 = PLANE('',#728);
#728 = AXIS2_PLACEMENT_3D('',#729,#730,#731);
#729 = CARTESIAN_POINT('',(3.75,-3.75,1.3));
#730 = DIRECTION('',(0.,0.,1.));
#731 = DIRECTION('',(-0.707106781187,-0.707106781187,0.));
#732 = ADVANCED_FACE('',(#733),#895,.F.);
#733 = FACE_BOUND('',#734,.F.);
#734 = EDGE_LOOP('',(#735,#736,#737,#738,#746,#754,#762,#770,#776,#777,
    #785,#793,#801,#809,#815,#816,#817,#818,#826,#834,#842,#850,#856,
    #857,#865,#873,#881,#889));
#735 = ORIENTED_EDGE('',*,*,#452,.T.);
#736 = ORIENTED_EDGE('',*,*,#702,.T.);
#737 = ORIENTED_EDGE('',*,*,#617,.T.);
#738 = ORIENTED_EDGE('',*,*,#739,.F.);
#739 = EDGE_CURVE('',#740,#610,#742,.T.);
#740 = VERTEX_POINT('',#741);
#741 = CARTESIAN_POINT('',(-1.95,2.1,0.1));
#742 = LINE('',#743,#744);
#743 = CARTESIAN_POINT('',(-2.025,2.1,0.1));
#744 = VECTOR('',#745,1.);
#745 = DIRECTION('',(-1.,1.224646799147E-16,-4.996063166392E-32));
#746 = ORIENTED_EDGE('',*,*,#747,.T.);
#747 = EDGE_CURVE('',#740,#748,#750,.T.);
#748 = VERTEX_POINT('',#749);
#749 = CARTESIAN_POINT('',(-1.8,2.1,0.1));
#750 = LINE('',#751,#752);
#751 = CARTESIAN_POINT('',(-0.9,2.1,0.1));
#752 = VECTOR('',#753,1.);
#753 = DIRECTION('',(1.,-1.224646799147E-16,0.));
#754 = ORIENTED_EDGE('',*,*,#755,.T.);
#755 = EDGE_CURVE('',#748,#756,#758,.T.);
#756 = VERTEX_POINT('',#757);
#757 = CARTESIAN_POINT('',(-1.8,1.2,0.1));
#758 = LINE('',#759,#760);
#759 = CARTESIAN_POINT('',(-1.8,0.6,0.1));
#760 = VECTOR('',#761,1.);
#761 = DIRECTION('',(-1.224646799147E-16,-1.,0.));
#762 = ORIENTED_EDGE('',*,*,#763,.T.);
#763 = EDGE_CURVE('',#756,#764,#766,.T.);
#764 = VERTEX_POINT('',#765);
#765 = CARTESIAN_POINT('',(-1.95,1.2,0.1));
#766 = LINE('',#767,#768);
#767 = CARTESIAN_POINT('',(-1.35,1.2,0.1));
#768 = VECTOR('',#769,1.);
#769 = DIRECTION('',(-1.,1.224646799147E-16,0.));
#770 = ORIENTED_EDGE('',*,*,#771,.F.);
#771 = EDGE_CURVE('',#602,#764,#772,.T.);
#772 = LINE('',#773,#774);
#773 = CARTESIAN_POINT('',(-2.475,1.2,0.1));
#774 = VECTOR('',#775,1.);
#775 = DIRECTION('',(1.,-1.224646799147E-16,4.996063166392E-32));
#776 = ORIENTED_EDGE('',*,*,#601,.T.);
#777 = ORIENTED_EDGE('',*,*,#778,.F.);
#778 = EDGE_CURVE('',#779,#594,#781,.T.);
#779 = VERTEX_POINT('',#780);
#780 = CARTESIAN_POINT('',(-1.95,-1.2,0.1));
#781 = LINE('',#782,#783);
#782 = CARTESIAN_POINT('',(-2.025,-1.2,0.1));
#783 = VECTOR('',#784,1.);
#784 = DIRECTION('',(-1.,1.224646799147E-16,-4.996063166392E-32));
#785 = ORIENTED_EDGE('',*,*,#786,.T.);
#786 = EDGE_CURVE('',#779,#787,#789,.T.);
#787 = VERTEX_POINT('',#788);
#788 = CARTESIAN_POINT('',(-1.8,-1.2,0.1));
#789 = LINE('',#790,#791);
#790 = CARTESIAN_POINT('',(-0.9,-1.2,0.1));
#791 = VECTOR('',#792,1.);
#792 = DIRECTION('',(1.,-1.224646799147E-16,0.));
#793 = ORIENTED_EDGE('',*,*,#794,.T.);
#794 = EDGE_CURVE('',#787,#795,#797,.T.);
#795 = VERTEX_POINT('',#796);
#796 = CARTESIAN_POINT('',(-1.8,-2.1,0.1));
#797 = LINE('',#798,#799);
#798 = CARTESIAN_POINT('',(-1.8,-1.05,0.1));
#799 = VECTOR('',#800,1.);
#800 = DIRECTION('',(-1.224646799147E-16,-1.,0.));
#801 = ORIENTED_EDGE('',*,*,#802,.T.);
#802 = EDGE_CURVE('',#795,#803,#805,.T.);
#803 = VERTEX_POINT('',#804);
#804 = CARTESIAN_POINT('',(-1.95,-2.1,0.1));
#805 = LINE('',#806,#807);
#806 = CARTESIAN_POINT('',(-1.35,-2.1,0.1));
#807 = VECTOR('',#808,1.);
#808 = DIRECTION('',(-1.,1.224646799147E-16,0.));
#809 = ORIENTED_EDGE('',*,*,#810,.F.);
#810 = EDGE_CURVE('',#586,#803,#811,.T.);
#811 = LINE('',#812,#813);
#812 = CARTESIAN_POINT('',(-2.475,-2.1,0.1));
#813 = VECTOR('',#814,1.);
#814 = DIRECTION('',(1.,-1.224646799147E-16,4.996063166392E-32));
#815 = ORIENTED_EDGE('',*,*,#585,.T.);
#816 = ORIENTED_EDGE('',*,*,#421,.T.);
#817 = ORIENTED_EDGE('',*,*,#484,.T.);
#818 = ORIENTED_EDGE('',*,*,#819,.F.);
#819 = EDGE_CURVE('',#820,#477,#822,.T.);
#820 = VERTEX_POINT('',#821);
#821 = CARTESIAN_POINT('',(1.95,-2.1,0.1));
#822 = LINE('',#823,#824);
#823 = CARTESIAN_POINT('',(2.025,-2.1,0.1));
#824 = VECTOR('',#825,1.);
#825 = DIRECTION('',(1.,-1.224646799147E-16,-4.996063166392E-32));
#826 = ORIENTED_EDGE('',*,*,#827,.T.);
#827 = EDGE_CURVE('',#820,#828,#830,.T.);
#828 = VERTEX_POINT('',#829);
#829 = CARTESIAN_POINT('',(1.8,-2.1,0.1));
#830 = LINE('',#831,#832);
#831 = CARTESIAN_POINT('',(0.9,-2.1,0.1));
#832 = VECTOR('',#833,1.);
#833 = DIRECTION('',(-1.,1.224646799147E-16,0.));
#834 = ORIENTED_EDGE('',*,*,#835,.T.);
#835 = EDGE_CURVE('',#828,#836,#838,.T.);
#836 = VERTEX_POINT('',#837);
#837 = CARTESIAN_POINT('',(1.8,-1.2,0.1));
#838 = LINE('',#839,#840);
#839 = CARTESIAN_POINT('',(1.8,-0.6,0.1));
#840 = VECTOR('',#841,1.);
#841 = DIRECTION('',(1.224646799147E-16,1.,0.));
#842 = ORIENTED_EDGE('',*,*,#843,.T.);
#843 = EDGE_CURVE('',#836,#844,#846,.T.);
#844 = VERTEX_POINT('',#845);
#845 = CARTESIAN_POINT('',(1.95,-1.2,0.1));
#846 = LINE('',#847,#848);
#847 = CARTESIAN_POINT('',(1.35,-1.2,0.1));
#848 = VECTOR('',#849,1.);
#849 = DIRECTION('',(1.,-1.224646799147E-16,0.));
#850 = ORIENTED_EDGE('',*,*,#851,.F.);
#851 = EDGE_CURVE('',#469,#844,#852,.T.);
#852 = LINE('',#853,#854);
#853 = CARTESIAN_POINT('',(2.475,-1.2,0.1));
#854 = VECTOR('',#855,1.);
#855 = DIRECTION('',(-1.,1.224646799147E-16,4.996063166392E-32));
#856 = ORIENTED_EDGE('',*,*,#468,.T.);
#857 = ORIENTED_EDGE('',*,*,#858,.F.);
#858 = EDGE_CURVE('',#859,#461,#861,.T.);
#859 = VERTEX_POINT('',#860);
#860 = CARTESIAN_POINT('',(1.95,1.2,0.1));
#861 = LINE('',#862,#863);
#862 = CARTESIAN_POINT('',(2.025,1.2,0.1));
#863 = VECTOR('',#864,1.);
#864 = DIRECTION('',(1.,-1.224646799147E-16,-4.996063166392E-32));
#865 = ORIENTED_EDGE('',*,*,#866,.T.);
#866 = EDGE_CURVE('',#859,#867,#869,.T.);
#867 = VERTEX_POINT('',#868);
#868 = CARTESIAN_POINT('',(1.8,1.2,0.1));
#869 = LINE('',#870,#871);
#870 = CARTESIAN_POINT('',(0.9,1.2,0.1));
#871 = VECTOR('',#872,1.);
#872 = DIRECTION('',(-1.,1.224646799147E-16,0.));
#873 = ORIENTED_EDGE('',*,*,#874,.T.);
#874 = EDGE_CURVE('',#867,#875,#877,.T.);
#875 = VERTEX_POINT('',#876);
#876 = CARTESIAN_POINT('',(1.8,2.1,0.1));
#877 = LINE('',#878,#879);
#878 = CARTESIAN_POINT('',(1.8,1.05,0.1));
#879 = VECTOR('',#880,1.);
#880 = DIRECTION('',(1.224646799147E-16,1.,0.));
#881 = ORIENTED_EDGE('',*,*,#882,.T.);
#882 = EDGE_CURVE('',#875,#883,#885,.T.);
#883 = VERTEX_POINT('',#884);
#884 = CARTESIAN_POINT('',(1.95,2.1,0.1));
#885 = LINE('',#886,#887);
#886 = CARTESIAN_POINT('',(1.35,2.1,0.1));
#887 = VECTOR('',#888,1.);
#888 = DIRECTION('',(1.,-1.224646799147E-16,0.));
#889 = ORIENTED_EDGE('',*,*,#890,.F.);
#890 = EDGE_CURVE('',#453,#883,#891,.T.);
#891 = LINE('',#892,#893);
#892 = CARTESIAN_POINT('',(2.475,2.1,0.1));
#893 = VECTOR('',#894,1.);
#894 = DIRECTION('',(-1.,1.224646799147E-16,4.996063166392E-32));
#895 = PLANE('',#896);
#896 = AXIS2_PLACEMENT_3D('',#897,#898,#899);
#897 = CARTESIAN_POINT('',(0.,0.,0.1));
#898 = DIRECTION('',(0.,0.,1.));
#899 = DIRECTION('',(-1.,1.224646799147E-16,0.));
#900 = ADVANCED_FACE('',(#901),#926,.T.);
#901 = FACE_BOUND('',#902,.T.);
#902 = EDGE_LOOP('',(#903,#913,#919,#920));
#903 = ORIENTED_EDGE('',*,*,#904,.T.);
#904 = EDGE_CURVE('',#905,#907,#909,.T.);
#905 = VERTEX_POINT('',#906);
#906 = CARTESIAN_POINT('',(2.55,1.2,0.1));
#907 = VERTEX_POINT('',#908);
#908 = CARTESIAN_POINT('',(2.55,2.1,0.1));
#909 = LINE('',#910,#911);
#910 = CARTESIAN_POINT('',(2.55,1.1,0.1));
#911 = VECTOR('',#912,1.);
#912 = DIRECTION('',(1.224646799147E-16,1.,0.));
#913 = ORIENTED_EDGE('',*,*,#914,.T.);
#914 = EDGE_CURVE('',#907,#453,#915,.T.);
#915 = LINE('',#916,#917);
#916 = CARTESIAN_POINT('',(2.475,2.1,0.1));
#917 = VECTOR('',#918,1.);
#918 = DIRECTION('',(-1.,1.224646799147E-16,4.996063166392E-32));
#919 = ORIENTED_EDGE('',*,*,#460,.F.);
#920 = ORIENTED_EDGE('',*,*,#921,.T.);
#921 = EDGE_CURVE('',#461,#905,#922,.T.);
#922 = LINE('',#923,#924);
#923 = CARTESIAN_POINT('',(2.025,1.2,0.1));
#924 = VECTOR('',#925,1.);
#925 = DIRECTION('',(1.,-1.224646799147E-16,-4.996063166392E-32));
#926 = PLANE('',#927);
#927 = AXIS2_PLACEMENT_3D('',#928,#929,#930);
#928 = CARTESIAN_POINT('',(2.25,1.65,0.1));
#929 = DIRECTION('',(4.996063166392E-32,1.556307025767E-32,1.));
#930 = DIRECTION('',(-1.,1.224646799147E-16,4.996063166392E-32));
#931 = ADVANCED_FACE('',(#932),#957,.T.);
#932 = FACE_BOUND('',#933,.T.);
#933 = EDGE_LOOP('',(#934,#944,#950,#951));
#934 = ORIENTED_EDGE('',*,*,#935,.T.);
#935 = EDGE_CURVE('',#936,#938,#940,.T.);
#936 = VERTEX_POINT('',#937);
#937 = CARTESIAN_POINT('',(2.55,-2.1,0.1));
#938 = VERTEX_POINT('',#939);
#939 = CARTESIAN_POINT('',(2.55,-1.2,0.1));
#940 = LINE('',#941,#942);
#941 = CARTESIAN_POINT('',(2.55,-2.2,0.1));
#942 = VECTOR('',#943,1.);
#943 = DIRECTION('',(1.224646799147E-16,1.,0.));
#944 = ORIENTED_EDGE('',*,*,#945,.T.);
#945 = EDGE_CURVE('',#938,#469,#946,.T.);
#946 = LINE('',#947,#948);
#947 = CARTESIAN_POINT('',(2.475,-1.2,0.1));
#948 = VECTOR('',#949,1.);
#949 = DIRECTION('',(-1.,1.224646799147E-16,4.996063166392E-32));
#950 = ORIENTED_EDGE('',*,*,#476,.F.);
#951 = ORIENTED_EDGE('',*,*,#952,.T.);
#952 = EDGE_CURVE('',#477,#936,#953,.T.);
#953 = LINE('',#954,#955);
#954 = CARTESIAN_POINT('',(2.025,-2.1,0.1));
#955 = VECTOR('',#956,1.);
#956 = DIRECTION('',(1.,-1.224646799147E-16,-4.996063166392E-32));
#957 = PLANE('',#958);
#958 = AXIS2_PLACEMENT_3D('',#959,#960,#961);
#959 = CARTESIAN_POINT('',(2.25,-1.65,0.1));
#960 = DIRECTION('',(4.996063166392E-32,3.890767564419E-33,1.));
#961 = DIRECTION('',(-1.,1.224646799147E-16,4.996063166392E-32));
#962 = ADVANCED_FACE('',(#963),#988,.F.);
#963 = FACE_BOUND('',#964,.F.);
#964 = EDGE_LOOP('',(#965,#975,#981,#982));
#965 = ORIENTED_EDGE('',*,*,#966,.T.);
#966 = EDGE_CURVE('',#967,#969,#971,.T.);
#967 = VERTEX_POINT('',#968);
#968 = CARTESIAN_POINT('',(2.55,1.2,0.9));
#969 = VERTEX_POINT('',#970);
#970 = CARTESIAN_POINT('',(2.55,2.1,0.9));
#971 = LINE('',#972,#973);
#972 = CARTESIAN_POINT('',(2.55,1.1,0.9));
#973 = VECTOR('',#974,1.);
#974 = DIRECTION('',(1.224646799147E-16,1.,0.));
#975 = ORIENTED_EDGE('',*,*,#976,.T.);
#976 = EDGE_CURVE('',#969,#504,#977,.T.);
#977 = LINE('',#978,#979);
#978 = CARTESIAN_POINT('',(2.475,2.1,0.9));
#979 = VECTOR('',#980,1.);
#980 = DIRECTION('',(-1.,1.224646799147E-16,4.996063166392E-32));
#981 = ORIENTED_EDGE('',*,*,#501,.F.);
#982 = ORIENTED_EDGE('',*,*,#983,.T.);
#983 = EDGE_CURVE('',#502,#967,#984,.T.);
#984 = LINE('',#985,#986);
#985 = CARTESIAN_POINT('',(2.025,1.2,0.9));
#986 = VECTOR('',#987,1.);
#987 = DIRECTION('',(1.,-1.224646799147E-16,-4.996063166392E-32));
#988 = PLANE('',#989);
#989 = AXIS2_PLACEMENT_3D('',#990,#991,#992);
#990 = CARTESIAN_POINT('',(2.25,1.65,0.9));
#991 = DIRECTION('',(4.996063166392E-32,1.556307025767E-32,1.));
#992 = DIRECTION('',(-1.,1.224646799147E-16,4.996063166392E-32));
#993 = ADVANCED_FACE('',(#994),#1073,.F.);
#994 = FACE_BOUND('',#995,.F.);
#995 = EDGE_LOOP('',(#996,#1006,#1015,#1023,#1029,#1030,#1031,#1032,
    #1041,#1049,#1056,#1057,#1058,#1066));
#996 = ORIENTED_EDGE('',*,*,#997,.F.);
#997 = EDGE_CURVE('',#998,#1000,#1002,.T.);
#998 = VERTEX_POINT('',#999);
#999 = CARTESIAN_POINT('',(2.7,1.2,5.E-02));
#1000 = VERTEX_POINT('',#1001);
#1001 = CARTESIAN_POINT('',(2.7,1.2,0.95));
#1002 = LINE('',#1003,#1004);
#1003 = CARTESIAN_POINT('',(2.7,1.2,0.));
#1004 = VECTOR('',#1005,1.);
#1005 = DIRECTION('',(0.,0.,1.));
#1006 = ORIENTED_EDGE('',*,*,#1007,.T.);
#1007 = EDGE_CURVE('',#998,#1008,#1010,.T.);
#1008 = VERTEX_POINT('',#1009);
#1009 = CARTESIAN_POINT('',(2.65,1.2,-6.938893903907E-18));
#1010 = CIRCLE('',#1011,5.E-02);
#1011 = AXIS2_PLACEMENT_3D('',#1012,#1013,#1014);
#1012 = CARTESIAN_POINT('',(2.65,1.2,5.E-02));
#1013 = DIRECTION('',(1.224646799147E-16,1.,0.));
#1014 = DIRECTION('',(0.,0.,-1.));
#1015 = ORIENTED_EDGE('',*,*,#1016,.F.);
#1016 = EDGE_CURVE('',#1017,#1008,#1019,.T.);
#1017 = VERTEX_POINT('',#1018);
#1018 = CARTESIAN_POINT('',(1.8,1.2,0.));
#1019 = LINE('',#1020,#1021);
#1020 = CARTESIAN_POINT('',(1.8,1.2,0.));
#1021 = VECTOR('',#1022,1.);
#1022 = DIRECTION('',(1.,-1.224646799147E-16,0.));
#1023 = ORIENTED_EDGE('',*,*,#1024,.T.);
#1024 = EDGE_CURVE('',#1017,#867,#1025,.T.);
#1025 = LINE('',#1026,#1027);
#1026 = CARTESIAN_POINT('',(1.8,1.2,0.));
#1027 = VECTOR('',#1028,1.);
#1028 = DIRECTION('',(0.,0.,1.));
#1029 = ORIENTED_EDGE('',*,*,#866,.F.);
#1030 = ORIENTED_EDGE('',*,*,#858,.T.);
#1031 = ORIENTED_EDGE('',*,*,#921,.T.);
#1032 = ORIENTED_EDGE('',*,*,#1033,.F.);
#1033 = EDGE_CURVE('',#1034,#905,#1036,.T.);
#1034 = VERTEX_POINT('',#1035);
#1035 = CARTESIAN_POINT('',(2.6,1.2,0.15));
#1036 = CIRCLE('',#1037,5.E-02);
#1037 = AXIS2_PLACEMENT_3D('',#1038,#1039,#1040);
#1038 = CARTESIAN_POINT('',(2.55,1.2,0.15));
#1039 = DIRECTION('',(1.224646799147E-16,1.,0.));
#1040 = DIRECTION('',(1.,-1.224646799147E-16,0.));
#1041 = ORIENTED_EDGE('',*,*,#1042,.T.);
#1042 = EDGE_CURVE('',#1034,#1043,#1045,.T.);
#1043 = VERTEX_POINT('',#1044);
#1044 = CARTESIAN_POINT('',(2.6,1.2,0.85));
#1045 = LINE('',#1046,#1047);
#1046 = CARTESIAN_POINT('',(2.6,1.2,5.E-02));
#1047 = VECTOR('',#1048,1.);
#1048 = DIRECTION('',(0.,0.,1.));
#1049 = ORIENTED_EDGE('',*,*,#1050,.F.);
#1050 = EDGE_CURVE('',#967,#1043,#1051,.T.);
#1051 = CIRCLE('',#1052,5.E-02);
#1052 = AXIS2_PLACEMENT_3D('',#1053,#1054,#1055);
#1053 = CARTESIAN_POINT('',(2.55,1.2,0.85));
#1054 = DIRECTION('',(1.224646799147E-16,1.,0.));
#1055 = DIRECTION('',(1.,-1.224646799147E-16,0.));
#1056 = ORIENTED_EDGE('',*,*,#983,.F.);
#1057 = ORIENTED_EDGE('',*,*,#527,.F.);
#1058 = ORIENTED_EDGE('',*,*,#1059,.T.);
#1059 = EDGE_CURVE('',#520,#1060,#1062,.T.);
#1060 = VERTEX_POINT('',#1061);
#1061 = CARTESIAN_POINT('',(2.65,1.2,1.));
#1062 = LINE('',#1063,#1064);
#1063 = CARTESIAN_POINT('',(1.8,1.2,1.));
#1064 = VECTOR('',#1065,1.);
#1065 = DIRECTION('',(1.,-1.224646799147E-16,0.));
#1066 = ORIENTED_EDGE('',*,*,#1067,.F.);
#1067 = EDGE_CURVE('',#1000,#1060,#1068,.T.);
#1068 = CIRCLE('',#1069,5.E-02);
#1069 = AXIS2_PLACEMENT_3D('',#1070,#1071,#1072);
#1070 = CARTESIAN_POINT('',(2.65,1.2,0.95));
#1071 = DIRECTION('',(-1.224646799147E-16,-1.,0.));
#1072 = DIRECTION('',(-0.,0.,-1.));
#1073 = PLANE('',#1074);
#1074 = AXIS2_PLACEMENT_3D('',#1075,#1076,#1077);
#1075 = CARTESIAN_POINT('',(1.8,1.2,0.));
#1076 = DIRECTION('',(1.224646799147E-16,1.,0.));
#1077 = DIRECTION('',(1.,-1.224646799147E-16,0.));
#1078 = ADVANCED_FACE('',(#1079),#1097,.T.);
#1079 = FACE_BOUND('',#1080,.T.);
#1080 = EDGE_LOOP('',(#1081,#1089,#1095,#1096));
#1081 = ORIENTED_EDGE('',*,*,#1082,.T.);
#1082 = EDGE_CURVE('',#1060,#1083,#1085,.T.);
#1083 = VERTEX_POINT('',#1084);
#1084 = CARTESIAN_POINT('',(2.65,2.1,1.));
#1085 = LINE('',#1086,#1087);
#1086 = CARTESIAN_POINT('',(2.65,1.2,1.));
#1087 = VECTOR('',#1088,1.);
#1088 = DIRECTION('',(1.224646799147E-16,1.,0.));
#1089 = ORIENTED_EDGE('',*,*,#1090,.T.);
#1090 = EDGE_CURVE('',#1083,#512,#1091,.T.);
#1091 = LINE('',#1092,#1093);
#1092 = CARTESIAN_POINT('',(2.7,2.1,1.));
#1093 = VECTOR('',#1094,1.);
#1094 = DIRECTION('',(-1.,1.224646799147E-16,0.));
#1095 = ORIENTED_EDGE('',*,*,#519,.F.);
#1096 = ORIENTED_EDGE('',*,*,#1059,.T.);
#1097 = PLANE('',#1098);
#1098 = AXIS2_PLACEMENT_3D('',#1099,#1100,#1101);
#1099 = CARTESIAN_POINT('',(2.25,1.65,1.));
#1100 = DIRECTION('',(0.,0.,1.));
#1101 = DIRECTION('',(-1.,1.224646799147E-16,0.));
#1102 = ADVANCED_FACE('',(#1103),#1175,.F.);
#1103 = FACE_BOUND('',#1104,.F.);
#1104 = EDGE_LOOP('',(#1105,#1116,#1124,#1131,#1132,#1133,#1134,#1143,
    #1151,#1158,#1159,#1160,#1161,#1169));
#1105 = ORIENTED_EDGE('',*,*,#1106,.F.);
#1106 = EDGE_CURVE('',#1107,#1109,#1111,.T.);
#1107 = VERTEX_POINT('',#1108);
#1108 = CARTESIAN_POINT('',(2.7,2.1,5.E-02));
#1109 = VERTEX_POINT('',#1110);
#1110 = CARTESIAN_POINT('',(2.65,2.1,-6.938893903907E-18));
#1111 = CIRCLE('',#1112,5.E-02);
#1112 = AXIS2_PLACEMENT_3D('',#1113,#1114,#1115);
#1113 = CARTESIAN_POINT('',(2.65,2.1,5.E-02));
#1114 = DIRECTION('',(1.224646799147E-16,1.,0.));
#1115 = DIRECTION('',(0.,0.,-1.));
#1116 = ORIENTED_EDGE('',*,*,#1117,.T.);
#1117 = EDGE_CURVE('',#1107,#1118,#1120,.T.);
#1118 = VERTEX_POINT('',#1119);
#1119 = CARTESIAN_POINT('',(2.7,2.1,0.95));
#1120 = LINE('',#1121,#1122);
#1121 = CARTESIAN_POINT('',(2.7,2.1,0.));
#1122 = VECTOR('',#1123,1.);
#1123 = DIRECTION('',(0.,0.,1.));
#1124 = ORIENTED_EDGE('',*,*,#1125,.T.);
#1125 = EDGE_CURVE('',#1118,#1083,#1126,.T.);
#1126 = CIRCLE('',#1127,5.E-02);
#1127 = AXIS2_PLACEMENT_3D('',#1128,#1129,#1130);
#1128 = CARTESIAN_POINT('',(2.65,2.1,0.95));
#1129 = DIRECTION('',(-1.224646799147E-16,-1.,0.));
#1130 = DIRECTION('',(-0.,0.,-1.));
#1131 = ORIENTED_EDGE('',*,*,#1090,.T.);
#1132 = ORIENTED_EDGE('',*,*,#511,.F.);
#1133 = ORIENTED_EDGE('',*,*,#976,.F.);
#1134 = ORIENTED_EDGE('',*,*,#1135,.T.);
#1135 = EDGE_CURVE('',#969,#1136,#1138,.T.);
#1136 = VERTEX_POINT('',#1137);
#1137 = CARTESIAN_POINT('',(2.6,2.1,0.85));
#1138 = CIRCLE('',#1139,5.E-02);
#1139 = AXIS2_PLACEMENT_3D('',#1140,#1141,#1142);
#1140 = CARTESIAN_POINT('',(2.55,2.1,0.85));
#1141 = DIRECTION('',(1.224646799147E-16,1.,0.));
#1142 = DIRECTION('',(1.,-1.224646799147E-16,0.));
#1143 = ORIENTED_EDGE('',*,*,#1144,.T.);
#1144 = EDGE_CURVE('',#1136,#1145,#1147,.T.);
#1145 = VERTEX_POINT('',#1146);
#1146 = CARTESIAN_POINT('',(2.6,2.1,0.15));
#1147 = LINE('',#1148,#1149);
#1148 = CARTESIAN_POINT('',(2.6,2.1,5.E-02));
#1149 = VECTOR('',#1150,1.);
#1150 = DIRECTION('',(0.,-0.,-1.));
#1151 = ORIENTED_EDGE('',*,*,#1152,.T.);
#1152 = EDGE_CURVE('',#1145,#907,#1153,.T.);
#1153 = CIRCLE('',#1154,5.E-02);
#1154 = AXIS2_PLACEMENT_3D('',#1155,#1156,#1157);
#1155 = CARTESIAN_POINT('',(2.55,2.1,0.15));
#1156 = DIRECTION('',(1.224646799147E-16,1.,0.));
#1157 = DIRECTION('',(1.,-1.224646799147E-16,0.));
#1158 = ORIENTED_EDGE('',*,*,#914,.T.);
#1159 = ORIENTED_EDGE('',*,*,#890,.T.);
#1160 = ORIENTED_EDGE('',*,*,#882,.F.);
#1161 = ORIENTED_EDGE('',*,*,#1162,.F.);
#1162 = EDGE_CURVE('',#1163,#875,#1165,.T.);
#1163 = VERTEX_POINT('',#1164);
#1164 = CARTESIAN_POINT('',(1.8,2.1,0.));
#1165 = LINE('',#1166,#1167);
#1166 = CARTESIAN_POINT('',(1.8,2.1,0.));
#1167 = VECTOR('',#1168,1.);
#1168 = DIRECTION('',(0.,0.,1.));
#1169 = ORIENTED_EDGE('',*,*,#1170,.F.);
#1170 = EDGE_CURVE('',#1109,#1163,#1171,.T.);
#1171 = LINE('',#1172,#1173);
#1172 = CARTESIAN_POINT('',(2.7,2.1,0.));
#1173 = VECTOR('',#1174,1.);
#1174 = DIRECTION('',(-1.,1.224646799147E-16,0.));
#1175 = PLANE('',#1176);
#1176 = AXIS2_PLACEMENT_3D('',#1177,#1178,#1179);
#1177 = CARTESIAN_POINT('',(2.7,2.1,0.));
#1178 = DIRECTION('',(-1.224646799147E-16,-1.,0.));
#1179 = DIRECTION('',(-1.,1.224646799147E-16,0.));
#1180 = ADVANCED_FACE('',(#1181),#1206,.T.);
#1181 = FACE_BOUND('',#1182,.T.);
#1182 = EDGE_LOOP('',(#1183,#1193,#1199,#1200));
#1183 = ORIENTED_EDGE('',*,*,#1184,.T.);
#1184 = EDGE_CURVE('',#1185,#1187,#1189,.T.);
#1185 = VERTEX_POINT('',#1186);
#1186 = CARTESIAN_POINT('',(2.65,-2.1,1.));
#1187 = VERTEX_POINT('',#1188);
#1188 = CARTESIAN_POINT('',(2.65,-1.2,1.));
#1189 = LINE('',#1190,#1191);
#1190 = CARTESIAN_POINT('',(2.65,-2.1,1.));
#1191 = VECTOR('',#1192,1.);
#1192 = DIRECTION('',(1.224646799147E-16,1.,0.));
#1193 = ORIENTED_EDGE('',*,*,#1194,.T.);
#1194 = EDGE_CURVE('',#1187,#538,#1195,.T.);
#1195 = LINE('',#1196,#1197);
#1196 = CARTESIAN_POINT('',(2.7,-1.2,1.));
#1197 = VECTOR('',#1198,1.);
#1198 = DIRECTION('',(-1.,1.224646799147E-16,0.));
#1199 = ORIENTED_EDGE('',*,*,#535,.F.);
#1200 = ORIENTED_EDGE('',*,*,#1201,.T.);
#1201 = EDGE_CURVE('',#536,#1185,#1202,.T.);
#1202 = LINE('',#1203,#1204);
#1203 = CARTESIAN_POINT('',(1.8,-2.1,1.));
#1204 = VECTOR('',#1205,1.);
#1205 = DIRECTION('',(1.,-1.224646799147E-16,0.));
#1206 = PLANE('',#1207);
#1207 = AXIS2_PLACEMENT_3D('',#1208,#1209,#1210);
#1208 = CARTESIAN_POINT('',(2.25,-1.65,1.));
#1209 = DIRECTION('',(0.,0.,1.));
#1210 = DIRECTION('',(-1.,1.224646799147E-16,0.));
#1211 = ADVANCED_FACE('',(#1212),#1291,.F.);
#1212 = FACE_BOUND('',#1213,.F.);
#1213 = EDGE_LOOP('',(#1214,#1225,#1233,#1240,#1241,#1242,#1250,#1259,
    #1267,#1274,#1275,#1276,#1277,#1285));
#1214 = ORIENTED_EDGE('',*,*,#1215,.F.);
#1215 = EDGE_CURVE('',#1216,#1218,#1220,.T.);
#1216 = VERTEX_POINT('',#1217);
#1217 = CARTESIAN_POINT('',(2.7,-1.2,5.E-02));
#1218 = VERTEX_POINT('',#1219);
#1219 = CARTESIAN_POINT('',(2.65,-1.2,-6.938893903907E-18));
#1220 = CIRCLE('',#1221,5.E-02);
#1221 = AXIS2_PLACEMENT_3D('',#1222,#1223,#1224);
#1222 = CARTESIAN_POINT('',(2.65,-1.2,5.E-02));
#1223 = DIRECTION('',(1.224646799147E-16,1.,0.));
#1224 = DIRECTION('',(0.,0.,-1.));
#1225 = ORIENTED_EDGE('',*,*,#1226,.T.);
#1226 = EDGE_CURVE('',#1216,#1227,#1229,.T.);
#1227 = VERTEX_POINT('',#1228);
#1228 = CARTESIAN_POINT('',(2.7,-1.2,0.95));
#1229 = LINE('',#1230,#1231);
#1230 = CARTESIAN_POINT('',(2.7,-1.2,0.));
#1231 = VECTOR('',#1232,1.);
#1232 = DIRECTION('',(0.,0.,1.));
#1233 = ORIENTED_EDGE('',*,*,#1234,.T.);
#1234 = EDGE_CURVE('',#1227,#1187,#1235,.T.);
#1235 = CIRCLE('',#1236,5.E-02);
#1236 = AXIS2_PLACEMENT_3D('',#1237,#1238,#1239);
#1237 = CARTESIAN_POINT('',(2.65,-1.2,0.95));
#1238 = DIRECTION('',(-1.224646799147E-16,-1.,0.));
#1239 = DIRECTION('',(-0.,0.,-1.));
#1240 = ORIENTED_EDGE('',*,*,#1194,.T.);
#1241 = ORIENTED_EDGE('',*,*,#561,.F.);
#1242 = ORIENTED_EDGE('',*,*,#1243,.F.);
#1243 = EDGE_CURVE('',#1244,#554,#1246,.T.);
#1244 = VERTEX_POINT('',#1245);
#1245 = CARTESIAN_POINT('',(2.55,-1.2,0.9));
#1246 = LINE('',#1247,#1248);
#1247 = CARTESIAN_POINT('',(2.475,-1.2,0.9));
#1248 = VECTOR('',#1249,1.);
#1249 = DIRECTION('',(-1.,1.224646799147E-16,4.996063166392E-32));
#1250 = ORIENTED_EDGE('',*,*,#1251,.T.);
#1251 = EDGE_CURVE('',#1244,#1252,#1254,.T.);
#1252 = VERTEX_POINT('',#1253);
#1253 = CARTESIAN_POINT('',(2.6,-1.2,0.85));
#1254 = CIRCLE('',#1255,5.E-02);
#1255 = AXIS2_PLACEMENT_3D('',#1256,#1257,#1258);
#1256 = CARTESIAN_POINT('',(2.55,-1.2,0.85));
#1257 = DIRECTION('',(1.224646799147E-16,1.,0.));
#1258 = DIRECTION('',(1.,-1.224646799147E-16,0.));
#1259 = ORIENTED_EDGE('',*,*,#1260,.T.);
#1260 = EDGE_CURVE('',#1252,#1261,#1263,.T.);
#1261 = VERTEX_POINT('',#1262);
#1262 = CARTESIAN_POINT('',(2.6,-1.2,0.15));
#1263 = LINE('',#1264,#1265);
#1264 = CARTESIAN_POINT('',(2.6,-1.2,5.E-02));
#1265 = VECTOR('',#1266,1.);
#1266 = DIRECTION('',(0.,-0.,-1.));
#1267 = ORIENTED_EDGE('',*,*,#1268,.T.);
#1268 = EDGE_CURVE('',#1261,#938,#1269,.T.);
#1269 = CIRCLE('',#1270,5.E-02);
#1270 = AXIS2_PLACEMENT_3D('',#1271,#1272,#1273);
#1271 = CARTESIAN_POINT('',(2.55,-1.2,0.15));
#1272 = DIRECTION('',(1.224646799147E-16,1.,0.));
#1273 = DIRECTION('',(1.,-1.224646799147E-16,0.));
#1274 = ORIENTED_EDGE('',*,*,#945,.T.);
#1275 = ORIENTED_EDGE('',*,*,#851,.T.);
#1276 = ORIENTED_EDGE('',*,*,#843,.F.);
#1277 = ORIENTED_EDGE('',*,*,#1278,.F.);
#1278 = EDGE_CURVE('',#1279,#836,#1281,.T.);
#1279 = VERTEX_POINT('',#1280);
#1280 = CARTESIAN_POINT('',(1.8,-1.2,0.));
#1281 = LINE('',#1282,#1283);
#1282 = CARTESIAN_POINT('',(1.8,-1.2,0.));
#1283 = VECTOR('',#1284,1.);
#1284 = DIRECTION('',(0.,0.,1.));
#1285 = ORIENTED_EDGE('',*,*,#1286,.F.);
#1286 = EDGE_CURVE('',#1218,#1279,#1287,.T.);
#1287 = LINE('',#1288,#1289);
#1288 = CARTESIAN_POINT('',(2.7,-1.2,0.));
#1289 = VECTOR('',#1290,1.);
#1290 = DIRECTION('',(-1.,1.224646799147E-16,0.));
#1291 = PLANE('',#1292);
#1292 = AXIS2_PLACEMENT_3D('',#1293,#1294,#1295);
#1293 = CARTESIAN_POINT('',(2.7,-1.2,0.));
#1294 = DIRECTION('',(-1.224646799147E-16,-1.,0.));
#1295 = DIRECTION('',(-1.,1.224646799147E-16,0.));
#1296 = ADVANCED_FACE('',(#1297),#1315,.F.);
#1297 = FACE_BOUND('',#1298,.F.);
#1298 = EDGE_LOOP('',(#1299,#1307,#1308,#1309));
#1299 = ORIENTED_EDGE('',*,*,#1300,.T.);
#1300 = EDGE_CURVE('',#1301,#1244,#1303,.T.);
#1301 = VERTEX_POINT('',#1302);
#1302 = CARTESIAN_POINT('',(2.55,-2.1,0.9));
#1303 = LINE('',#1304,#1305);
#1304 = CARTESIAN_POINT('',(2.55,-2.2,0.9));
#1305 = VECTOR('',#1306,1.);
#1306 = DIRECTION('',(1.224646799147E-16,1.,0.));
#1307 = ORIENTED_EDGE('',*,*,#1243,.T.);
#1308 = ORIENTED_EDGE('',*,*,#553,.F.);
#1309 = ORIENTED_EDGE('',*,*,#1310,.T.);
#1310 = EDGE_CURVE('',#546,#1301,#1311,.T.);
#1311 = LINE('',#1312,#1313);
#1312 = CARTESIAN_POINT('',(2.025,-2.1,0.9));
#1313 = VECTOR('',#1314,1.);
#1314 = DIRECTION('',(1.,-1.224646799147E-16,-4.996063166392E-32));
#1315 = PLANE('',#1316);
#1316 = AXIS2_PLACEMENT_3D('',#1317,#1318,#1319);
#1317 = CARTESIAN_POINT('',(2.25,-1.65,0.9));
#1318 = DIRECTION('',(4.996063166392E-32,3.890767564419E-33,1.));
#1319 = DIRECTION('',(-1.,1.224646799147E-16,4.996063166392E-32));
#1320 = ADVANCED_FACE('',(#1321),#1393,.F.);
#1321 = FACE_BOUND('',#1322,.F.);
#1322 = EDGE_LOOP('',(#1323,#1333,#1342,#1350,#1356,#1357,#1358,#1359,
    #1368,#1376,#1383,#1384,#1385,#1386));
#1323 = ORIENTED_EDGE('',*,*,#1324,.F.);
#1324 = EDGE_CURVE('',#1325,#1327,#1329,.T.);
#1325 = VERTEX_POINT('',#1326);
#1326 = CARTESIAN_POINT('',(2.7,-2.1,5.E-02));
#1327 = VERTEX_POINT('',#1328);
#1328 = CARTESIAN_POINT('',(2.7,-2.1,0.95));
#1329 = LINE('',#1330,#1331);
#1330 = CARTESIAN_POINT('',(2.7,-2.1,0.));
#1331 = VECTOR('',#1332,1.);
#1332 = DIRECTION('',(0.,0.,1.));
#1333 = ORIENTED_EDGE('',*,*,#1334,.T.);
#1334 = EDGE_CURVE('',#1325,#1335,#1337,.T.);
#1335 = VERTEX_POINT('',#1336);
#1336 = CARTESIAN_POINT('',(2.65,-2.1,-6.938893903907E-18));
#1337 = CIRCLE('',#1338,5.E-02);
#1338 = AXIS2_PLACEMENT_3D('',#1339,#1340,#1341);
#1339 = CARTESIAN_POINT('',(2.65,-2.1,5.E-02));
#1340 = DIRECTION('',(1.224646799147E-16,1.,0.));
#1341 = DIRECTION('',(0.,0.,-1.));
#1342 = ORIENTED_EDGE('',*,*,#1343,.F.);
#1343 = EDGE_CURVE('',#1344,#1335,#1346,.T.);
#1344 = VERTEX_POINT('',#1345);
#1345 = CARTESIAN_POINT('',(1.8,-2.1,0.));
#1346 = LINE('',#1347,#1348);
#1347 = CARTESIAN_POINT('',(1.8,-2.1,0.));
#1348 = VECTOR('',#1349,1.);
#1349 = DIRECTION('',(1.,-1.224646799147E-16,0.));
#1350 = ORIENTED_EDGE('',*,*,#1351,.T.);
#1351 = EDGE_CURVE('',#1344,#828,#1352,.T.);
#1352 = LINE('',#1353,#1354);
#1353 = CARTESIAN_POINT('',(1.8,-2.1,0.));
#1354 = VECTOR('',#1355,1.);
#1355 = DIRECTION('',(0.,0.,1.));
#1356 = ORIENTED_EDGE('',*,*,#827,.F.);
#1357 = ORIENTED_EDGE('',*,*,#819,.T.);
#1358 = ORIENTED_EDGE('',*,*,#952,.T.);
#1359 = ORIENTED_EDGE('',*,*,#1360,.F.);
#1360 = EDGE_CURVE('',#1361,#936,#1363,.T.);
#1361 = VERTEX_POINT('',#1362);
#1362 = CARTESIAN_POINT('',(2.6,-2.1,0.15));
#1363 = CIRCLE('',#1364,5.E-02);
#1364 = AXIS2_PLACEMENT_3D('',#1365,#1366,#1367);
#1365 = CARTESIAN_POINT('',(2.55,-2.1,0.15));
#1366 = DIRECTION('',(1.224646799147E-16,1.,0.));
#1367 = DIRECTION('',(1.,-1.224646799147E-16,0.));
#1368 = ORIENTED_EDGE('',*,*,#1369,.T.);
#1369 = EDGE_CURVE('',#1361,#1370,#1372,.T.);
#1370 = VERTEX_POINT('',#1371);
#1371 = CARTESIAN_POINT('',(2.6,-2.1,0.85));
#1372 = LINE('',#1373,#1374);
#1373 = CARTESIAN_POINT('',(2.6,-2.1,5.E-02));
#1374 = VECTOR('',#1375,1.);
#1375 = DIRECTION('',(0.,0.,1.));
#1376 = ORIENTED_EDGE('',*,*,#1377,.F.);
#1377 = EDGE_CURVE('',#1301,#1370,#1378,.T.);
#1378 = CIRCLE('',#1379,5.E-02);
#1379 = AXIS2_PLACEMENT_3D('',#1380,#1381,#1382);
#1380 = CARTESIAN_POINT('',(2.55,-2.1,0.85));
#1381 = DIRECTION('',(1.224646799147E-16,1.,0.));
#1382 = DIRECTION('',(1.,-1.224646799147E-16,0.));
#1383 = ORIENTED_EDGE('',*,*,#1310,.F.);
#1384 = ORIENTED_EDGE('',*,*,#545,.F.);
#1385 = ORIENTED_EDGE('',*,*,#1201,.T.);
#1386 = ORIENTED_EDGE('',*,*,#1387,.F.);
#1387 = EDGE_CURVE('',#1327,#1185,#1388,.T.);
#1388 = CIRCLE('',#1389,5.E-02);
#1389 = AXIS2_PLACEMENT_3D('',#1390,#1391,#1392);
#1390 = CARTESIAN_POINT('',(2.65,-2.1,0.95));
#1391 = DIRECTION('',(-1.224646799147E-16,-1.,0.));
#1392 = DIRECTION('',(-0.,0.,-1.));
#1393 = PLANE('',#1394);
#1394 = AXIS2_PLACEMENT_3D('',#1395,#1396,#1397);
#1395 = CARTESIAN_POINT('',(1.8,-2.1,0.));
#1396 = DIRECTION('',(1.224646799147E-16,1.,0.));
#1397 = DIRECTION('',(1.,-1.224646799147E-16,0.));
#1398 = ADVANCED_FACE('',(#1399),#1424,.T.);
#1399 = FACE_BOUND('',#1400,.T.);
#1400 = EDGE_LOOP('',(#1401,#1402,#1410,#1418));
#1401 = ORIENTED_EDGE('',*,*,#609,.F.);
#1402 = ORIENTED_EDGE('',*,*,#1403,.T.);
#1403 = EDGE_CURVE('',#610,#1404,#1406,.T.);
#1404 = VERTEX_POINT('',#1405);
#1405 = CARTESIAN_POINT('',(-2.55,2.1,0.1));
#1406 = LINE('',#1407,#1408);
#1407 = CARTESIAN_POINT('',(-2.025,2.1,0.1));
#1408 = VECTOR('',#1409,1.);
#1409 = DIRECTION('',(-1.,1.224646799147E-16,-4.996063166392E-32));
#1410 = ORIENTED_EDGE('',*,*,#1411,.T.);
#1411 = EDGE_CURVE('',#1404,#1412,#1414,.T.);
#1412 = VERTEX_POINT('',#1413);
#1413 = CARTESIAN_POINT('',(-2.55,1.2,0.1));
#1414 = LINE('',#1415,#1416);
#1415 = CARTESIAN_POINT('',(-2.55,2.2,0.1));
#1416 = VECTOR('',#1417,1.);
#1417 = DIRECTION('',(-1.224646799147E-16,-1.,0.));
#1418 = ORIENTED_EDGE('',*,*,#1419,.T.);
#1419 = EDGE_CURVE('',#1412,#602,#1420,.T.);
#1420 = LINE('',#1421,#1422);
#1421 = CARTESIAN_POINT('',(-2.475,1.2,0.1));
#1422 = VECTOR('',#1423,1.);
#1423 = DIRECTION('',(1.,-1.224646799147E-16,4.996063166392E-32));
#1424 = PLANE('',#1425);
#1425 = AXIS2_PLACEMENT_3D('',#1426,#1427,#1428);
#1426 = CARTESIAN_POINT('',(-2.25,1.65,0.1));
#1427 = DIRECTION('',(-4.996063166392E-32,1.556307025767E-32,1.));
#1428 = DIRECTION('',(-1.,1.224646799147E-16,-4.996063166392E-32));
#1429 = ADVANCED_FACE('',(#1430),#1455,.T.);
#1430 = FACE_BOUND('',#1431,.T.);
#1431 = EDGE_LOOP('',(#1432,#1433,#1441,#1449));
#1432 = ORIENTED_EDGE('',*,*,#593,.F.);
#1433 = ORIENTED_EDGE('',*,*,#1434,.T.);
#1434 = EDGE_CURVE('',#594,#1435,#1437,.T.);
#1435 = VERTEX_POINT('',#1436);
#1436 = CARTESIAN_POINT('',(-2.55,-1.2,0.1));
#1437 = LINE('',#1438,#1439);
#1438 = CARTESIAN_POINT('',(-2.025,-1.2,0.1));
#1439 = VECTOR('',#1440,1.);
#1440 = DIRECTION('',(-1.,1.224646799147E-16,-4.996063166392E-32));
#1441 = ORIENTED_EDGE('',*,*,#1442,.T.);
#1442 = EDGE_CURVE('',#1435,#1443,#1445,.T.);
#1443 = VERTEX_POINT('',#1444);
#1444 = CARTESIAN_POINT('',(-2.55,-2.1,0.1));
#1445 = LINE('',#1446,#1447);
#1446 = CARTESIAN_POINT('',(-2.55,-1.1,0.1));
#1447 = VECTOR('',#1448,1.);
#1448 = DIRECTION('',(-1.224646799147E-16,-1.,0.));
#1449 = ORIENTED_EDGE('',*,*,#1450,.T.);
#1450 = EDGE_CURVE('',#1443,#586,#1451,.T.);
#1451 = LINE('',#1452,#1453);
#1452 = CARTESIAN_POINT('',(-2.475,-2.1,0.1));
#1453 = VECTOR('',#1454,1.);
#1454 = DIRECTION('',(1.,-1.224646799147E-16,4.996063166392E-32));
#1455 = PLANE('',#1456);
#1456 = AXIS2_PLACEMENT_3D('',#1457,#1458,#1459);
#1457 = CARTESIAN_POINT('',(-2.25,-1.65,0.1));
#1458 = DIRECTION('',(-4.996063166392E-32,3.890767564419E-33,1.));
#1459 = DIRECTION('',(-1.,1.224646799147E-16,-4.996063166392E-32));
#1460 = ADVANCED_FACE('',(#1461),#1486,.T.);
#1461 = FACE_BOUND('',#1462,.T.);
#1462 = EDGE_LOOP('',(#1463,#1464,#1472,#1480));
#1463 = ORIENTED_EDGE('',*,*,#625,.F.);
#1464 = ORIENTED_EDGE('',*,*,#1465,.T.);
#1465 = EDGE_CURVE('',#626,#1466,#1468,.T.);
#1466 = VERTEX_POINT('',#1467);
#1467 = CARTESIAN_POINT('',(-2.65,-1.2,1.));
#1468 = LINE('',#1469,#1470);
#1469 = CARTESIAN_POINT('',(-1.8,-1.2,1.));
#1470 = VECTOR('',#1471,1.);
#1471 = DIRECTION('',(-1.,1.224646799147E-16,0.));
#1472 = ORIENTED_EDGE('',*,*,#1473,.T.);
#1473 = EDGE_CURVE('',#1466,#1474,#1476,.T.);
#1474 = VERTEX_POINT('',#1475);
#1475 = CARTESIAN_POINT('',(-2.65,-2.1,1.));
#1476 = LINE('',#1477,#1478);
#1477 = CARTESIAN_POINT('',(-2.65,-1.2,1.));
#1478 = VECTOR('',#1479,1.);
#1479 = DIRECTION('',(-1.224646799147E-16,-1.,0.));
#1480 = ORIENTED_EDGE('',*,*,#1481,.T.);
#1481 = EDGE_CURVE('',#1474,#628,#1482,.T.);
#1482 = LINE('',#1483,#1484);
#1483 = CARTESIAN_POINT('',(-2.7,-2.1,1.));
#1484 = VECTOR('',#1485,1.);
#1485 = DIRECTION('',(1.,-1.224646799147E-16,0.));
#1486 = PLANE('',#1487);
#1487 = AXIS2_PLACEMENT_3D('',#1488,#1489,#1490);
#1488 = CARTESIAN_POINT('',(-2.25,-1.65,1.));
#1489 = DIRECTION('',(0.,0.,1.));
#1490 = DIRECTION('',(-1.,1.224646799147E-16,0.));
#1491 = ADVANCED_FACE('',(#1492),#1571,.F.);
#1492 = FACE_BOUND('',#1493,.F.);
#1493 = EDGE_LOOP('',(#1494,#1505,#1513,#1520,#1521,#1522,#1530,#1539,
    #1547,#1554,#1555,#1556,#1557,#1565));
#1494 = ORIENTED_EDGE('',*,*,#1495,.F.);
#1495 = EDGE_CURVE('',#1496,#1498,#1500,.T.);
#1496 = VERTEX_POINT('',#1497);
#1497 = CARTESIAN_POINT('',(-2.7,-2.1,5.E-02));
#1498 = VERTEX_POINT('',#1499);
#1499 = CARTESIAN_POINT('',(-2.65,-2.1,-6.938893903907E-18));
#1500 = CIRCLE('',#1501,5.E-02);
#1501 = AXIS2_PLACEMENT_3D('',#1502,#1503,#1504);
#1502 = CARTESIAN_POINT('',(-2.65,-2.1,5.E-02));
#1503 = DIRECTION('',(-1.224646799147E-16,-1.,0.));
#1504 = DIRECTION('',(0.,0.,1.));
#1505 = ORIENTED_EDGE('',*,*,#1506,.T.);
#1506 = EDGE_CURVE('',#1496,#1507,#1509,.T.);
#1507 = VERTEX_POINT('',#1508);
#1508 = CARTESIAN_POINT('',(-2.7,-2.1,0.95));
#1509 = LINE('',#1510,#1511);
#1510 = CARTESIAN_POINT('',(-2.7,-2.1,0.));
#1511 = VECTOR('',#1512,1.);
#1512 = DIRECTION('',(0.,0.,1.));
#1513 = ORIENTED_EDGE('',*,*,#1514,.F.);
#1514 = EDGE_CURVE('',#1474,#1507,#1515,.T.);
#1515 = CIRCLE('',#1516,5.E-02);
#1516 = AXIS2_PLACEMENT_3D('',#1517,#1518,#1519);
#1517 = CARTESIAN_POINT('',(-2.65,-2.1,0.95));
#1518 = DIRECTION('',(-1.224646799147E-16,-1.,0.));
#1519 = DIRECTION('',(0.,0.,1.));
#1520 = ORIENTED_EDGE('',*,*,#1481,.T.);
#1521 = ORIENTED_EDGE('',*,*,#651,.F.);
#1522 = ORIENTED_EDGE('',*,*,#1523,.F.);
#1523 = EDGE_CURVE('',#1524,#644,#1526,.T.);
#1524 = VERTEX_POINT('',#1525);
#1525 = CARTESIAN_POINT('',(-2.55,-2.1,0.9));
#1526 = LINE('',#1527,#1528);
#1527 = CARTESIAN_POINT('',(-2.475,-2.1,0.9));
#1528 = VECTOR('',#1529,1.);
#1529 = DIRECTION('',(1.,-1.224646799147E-16,4.996063166392E-32));
#1530 = ORIENTED_EDGE('',*,*,#1531,.T.);
#1531 = EDGE_CURVE('',#1524,#1532,#1534,.T.);
#1532 = VERTEX_POINT('',#1533);
#1533 = CARTESIAN_POINT('',(-2.6,-2.1,0.85));
#1534 = CIRCLE('',#1535,5.E-02);
#1535 = AXIS2_PLACEMENT_3D('',#1536,#1537,#1538);
#1536 = CARTESIAN_POINT('',(-2.55,-2.1,0.85));
#1537 = DIRECTION('',(-1.224646799147E-16,-1.,0.));
#1538 = DIRECTION('',(-1.,1.224646799147E-16,0.));
#1539 = ORIENTED_EDGE('',*,*,#1540,.T.);
#1540 = EDGE_CURVE('',#1532,#1541,#1543,.T.);
#1541 = VERTEX_POINT('',#1542);
#1542 = CARTESIAN_POINT('',(-2.6,-2.1,0.15));
#1543 = LINE('',#1544,#1545);
#1544 = CARTESIAN_POINT('',(-2.6,-2.1,5.E-02));
#1545 = VECTOR('',#1546,1.);
#1546 = DIRECTION('',(0.,0.,-1.));
#1547 = ORIENTED_EDGE('',*,*,#1548,.T.);
#1548 = EDGE_CURVE('',#1541,#1443,#1549,.T.);
#1549 = CIRCLE('',#1550,5.E-02);
#1550 = AXIS2_PLACEMENT_3D('',#1551,#1552,#1553);
#1551 = CARTESIAN_POINT('',(-2.55,-2.1,0.15));
#1552 = DIRECTION('',(-1.224646799147E-16,-1.,0.));
#1553 = DIRECTION('',(4.996063166392E-32,-6.118412765058E-48,-1.));
#1554 = ORIENTED_EDGE('',*,*,#1450,.T.);
#1555 = ORIENTED_EDGE('',*,*,#810,.T.);
#1556 = ORIENTED_EDGE('',*,*,#802,.F.);
#1557 = ORIENTED_EDGE('',*,*,#1558,.F.);
#1558 = EDGE_CURVE('',#1559,#795,#1561,.T.);
#1559 = VERTEX_POINT('',#1560);
#1560 = CARTESIAN_POINT('',(-1.8,-2.1,0.));
#1561 = LINE('',#1562,#1563);
#1562 = CARTESIAN_POINT('',(-1.8,-2.1,0.));
#1563 = VECTOR('',#1564,1.);
#1564 = DIRECTION('',(0.,0.,1.));
#1565 = ORIENTED_EDGE('',*,*,#1566,.F.);
#1566 = EDGE_CURVE('',#1498,#1559,#1567,.T.);
#1567 = LINE('',#1568,#1569);
#1568 = CARTESIAN_POINT('',(-2.7,-2.1,0.));
#1569 = VECTOR('',#1570,1.);
#1570 = DIRECTION('',(1.,-1.224646799147E-16,0.));
#1571 = PLANE('',#1572);
#1572 = AXIS2_PLACEMENT_3D('',#1573,#1574,#1575);
#1573 = CARTESIAN_POINT('',(-2.7,-2.1,0.));
#1574 = DIRECTION('',(1.224646799147E-16,1.,0.));
#1575 = DIRECTION('',(1.,-1.224646799147E-16,0.));
#1576 = ADVANCED_FACE('',(#1577),#1595,.F.);
#1577 = FACE_BOUND('',#1578,.F.);
#1578 = EDGE_LOOP('',(#1579,#1580,#1588,#1594));
#1579 = ORIENTED_EDGE('',*,*,#643,.F.);
#1580 = ORIENTED_EDGE('',*,*,#1581,.T.);
#1581 = EDGE_CURVE('',#636,#1582,#1584,.T.);
#1582 = VERTEX_POINT('',#1583);
#1583 = CARTESIAN_POINT('',(-2.55,-1.2,0.9));
#1584 = LINE('',#1585,#1586);
#1585 = CARTESIAN_POINT('',(-2.025,-1.2,0.9));
#1586 = VECTOR('',#1587,1.);
#1587 = DIRECTION('',(-1.,1.224646799147E-16,-4.996063166392E-32));
#1588 = ORIENTED_EDGE('',*,*,#1589,.T.);
#1589 = EDGE_CURVE('',#1582,#1524,#1590,.T.);
#1590 = LINE('',#1591,#1592);
#1591 = CARTESIAN_POINT('',(-2.55,-1.1,0.9));
#1592 = VECTOR('',#1593,1.);
#1593 = DIRECTION('',(-1.224646799147E-16,-1.,0.));
#1594 = ORIENTED_EDGE('',*,*,#1523,.T.);
#1595 = PLANE('',#1596);
#1596 = AXIS2_PLACEMENT_3D('',#1597,#1598,#1599);
#1597 = CARTESIAN_POINT('',(-2.25,-1.65,0.9));
#1598 = DIRECTION('',(-4.996063166392E-32,3.890767564419E-33,1.));
#1599 = DIRECTION('',(-1.,1.224646799147E-16,-4.996063166392E-32));
#1600 = ADVANCED_FACE('',(#1601),#1673,.F.);
#1601 = FACE_BOUND('',#1602,.F.);
#1602 = EDGE_LOOP('',(#1603,#1613,#1622,#1630,#1636,#1637,#1638,#1639,
    #1648,#1656,#1663,#1664,#1665,#1666));
#1603 = ORIENTED_EDGE('',*,*,#1604,.F.);
#1604 = EDGE_CURVE('',#1605,#1607,#1609,.T.);
#1605 = VERTEX_POINT('',#1606);
#1606 = CARTESIAN_POINT('',(-2.7,-1.2,5.E-02));
#1607 = VERTEX_POINT('',#1608);
#1608 = CARTESIAN_POINT('',(-2.7,-1.2,0.95));
#1609 = LINE('',#1610,#1611);
#1610 = CARTESIAN_POINT('',(-2.7,-1.2,0.));
#1611 = VECTOR('',#1612,1.);
#1612 = DIRECTION('',(0.,0.,1.));
#1613 = ORIENTED_EDGE('',*,*,#1614,.T.);
#1614 = EDGE_CURVE('',#1605,#1615,#1617,.T.);
#1615 = VERTEX_POINT('',#1616);
#1616 = CARTESIAN_POINT('',(-2.65,-1.2,-6.938893903907E-18));
#1617 = CIRCLE('',#1618,5.E-02);
#1618 = AXIS2_PLACEMENT_3D('',#1619,#1620,#1621);
#1619 = CARTESIAN_POINT('',(-2.65,-1.2,5.E-02));
#1620 = DIRECTION('',(-1.224646799147E-16,-1.,0.));
#1621 = DIRECTION('',(0.,0.,1.));
#1622 = ORIENTED_EDGE('',*,*,#1623,.F.);
#1623 = EDGE_CURVE('',#1624,#1615,#1626,.T.);
#1624 = VERTEX_POINT('',#1625);
#1625 = CARTESIAN_POINT('',(-1.8,-1.2,0.));
#1626 = LINE('',#1627,#1628);
#1627 = CARTESIAN_POINT('',(-1.8,-1.2,0.));
#1628 = VECTOR('',#1629,1.);
#1629 = DIRECTION('',(-1.,1.224646799147E-16,0.));
#1630 = ORIENTED_EDGE('',*,*,#1631,.T.);
#1631 = EDGE_CURVE('',#1624,#787,#1632,.T.);
#1632 = LINE('',#1633,#1634);
#1633 = CARTESIAN_POINT('',(-1.8,-1.2,0.));
#1634 = VECTOR('',#1635,1.);
#1635 = DIRECTION('',(0.,0.,1.));
#1636 = ORIENTED_EDGE('',*,*,#786,.F.);
#1637 = ORIENTED_EDGE('',*,*,#778,.T.);
#1638 = ORIENTED_EDGE('',*,*,#1434,.T.);
#1639 = ORIENTED_EDGE('',*,*,#1640,.F.);
#1640 = EDGE_CURVE('',#1641,#1435,#1643,.T.);
#1641 = VERTEX_POINT('',#1642);
#1642 = CARTESIAN_POINT('',(-2.6,-1.2,0.15));
#1643 = CIRCLE('',#1644,5.E-02);
#1644 = AXIS2_PLACEMENT_3D('',#1645,#1646,#1647);
#1645 = CARTESIAN_POINT('',(-2.55,-1.2,0.15));
#1646 = DIRECTION('',(-1.224646799147E-16,-1.,0.));
#1647 = DIRECTION('',(4.996063166392E-32,-6.118412765058E-48,-1.));
#1648 = ORIENTED_EDGE('',*,*,#1649,.T.);
#1649 = EDGE_CURVE('',#1641,#1650,#1652,.T.);
#1650 = VERTEX_POINT('',#1651);
#1651 = CARTESIAN_POINT('',(-2.6,-1.2,0.85));
#1652 = LINE('',#1653,#1654);
#1653 = CARTESIAN_POINT('',(-2.6,-1.2,5.E-02));
#1654 = VECTOR('',#1655,1.);
#1655 = DIRECTION('',(0.,0.,1.));
#1656 = ORIENTED_EDGE('',*,*,#1657,.F.);
#1657 = EDGE_CURVE('',#1582,#1650,#1658,.T.);
#1658 = CIRCLE('',#1659,5.E-02);
#1659 = AXIS2_PLACEMENT_3D('',#1660,#1661,#1662);
#1660 = CARTESIAN_POINT('',(-2.55,-1.2,0.85));
#1661 = DIRECTION('',(-1.224646799147E-16,-1.,0.));
#1662 = DIRECTION('',(-1.,1.224646799147E-16,0.));
#1663 = ORIENTED_EDGE('',*,*,#1581,.F.);
#1664 = ORIENTED_EDGE('',*,*,#635,.F.);
#1665 = ORIENTED_EDGE('',*,*,#1465,.T.);
#1666 = ORIENTED_EDGE('',*,*,#1667,.T.);
#1667 = EDGE_CURVE('',#1466,#1607,#1668,.T.);
#1668 = CIRCLE('',#1669,5.E-02);
#1669 = AXIS2_PLACEMENT_3D('',#1670,#1671,#1672);
#1670 = CARTESIAN_POINT('',(-2.65,-1.2,0.95));
#1671 = DIRECTION('',(-1.224646799147E-16,-1.,0.));
#1672 = DIRECTION('',(0.,0.,1.));
#1673 = PLANE('',#1674);
#1674 = AXIS2_PLACEMENT_3D('',#1675,#1676,#1677);
#1675 = CARTESIAN_POINT('',(-1.8,-1.2,0.));
#1676 = DIRECTION('',(-1.224646799147E-16,-1.,0.));
#1677 = DIRECTION('',(-1.,1.224646799147E-16,0.));
#1678 = ADVANCED_FACE('',(#1679),#1704,.T.);
#1679 = FACE_BOUND('',#1680,.T.);
#1680 = EDGE_LOOP('',(#1681,#1682,#1690,#1698));
#1681 = ORIENTED_EDGE('',*,*,#659,.F.);
#1682 = ORIENTED_EDGE('',*,*,#1683,.T.);
#1683 = EDGE_CURVE('',#660,#1684,#1686,.T.);
#1684 = VERTEX_POINT('',#1685);
#1685 = CARTESIAN_POINT('',(-2.65,2.1,1.));
#1686 = LINE('',#1687,#1688);
#1687 = CARTESIAN_POINT('',(-1.8,2.1,1.));
#1688 = VECTOR('',#1689,1.);
#1689 = DIRECTION('',(-1.,1.224646799147E-16,0.));
#1690 = ORIENTED_EDGE('',*,*,#1691,.T.);
#1691 = EDGE_CURVE('',#1684,#1692,#1694,.T.);
#1692 = VERTEX_POINT('',#1693);
#1693 = CARTESIAN_POINT('',(-2.65,1.2,1.));
#1694 = LINE('',#1695,#1696);
#1695 = CARTESIAN_POINT('',(-2.65,2.1,1.));
#1696 = VECTOR('',#1697,1.);
#1697 = DIRECTION('',(-1.224646799147E-16,-1.,0.));
#1698 = ORIENTED_EDGE('',*,*,#1699,.T.);
#1699 = EDGE_CURVE('',#1692,#662,#1700,.T.);
#1700 = LINE('',#1701,#1702);
#1701 = CARTESIAN_POINT('',(-2.7,1.2,1.));
#1702 = VECTOR('',#1703,1.);
#1703 = DIRECTION('',(1.,-1.224646799147E-16,0.));
#1704 = PLANE('',#1705);
#1705 = AXIS2_PLACEMENT_3D('',#1706,#1707,#1708);
#1706 = CARTESIAN_POINT('',(-2.25,1.65,1.));
#1707 = DIRECTION('',(0.,0.,1.));
#1708 = DIRECTION('',(-1.,1.224646799147E-16,0.));
#1709 = ADVANCED_FACE('',(#1710),#1789,.F.);
#1710 = FACE_BOUND('',#1711,.F.);
#1711 = EDGE_LOOP('',(#1712,#1723,#1731,#1738,#1739,#1740,#1748,#1757,
    #1765,#1772,#1773,#1774,#1775,#1783));
#1712 = ORIENTED_EDGE('',*,*,#1713,.F.);
#1713 = EDGE_CURVE('',#1714,#1716,#1718,.T.);
#1714 = VERTEX_POINT('',#1715);
#1715 = CARTESIAN_POINT('',(-2.7,1.2,5.E-02));
#1716 = VERTEX_POINT('',#1717);
#1717 = CARTESIAN_POINT('',(-2.65,1.2,-6.938893903907E-18));
#1718 = CIRCLE('',#1719,5.E-02);
#1719 = AXIS2_PLACEMENT_3D('',#1720,#1721,#1722);
#1720 = CARTESIAN_POINT('',(-2.65,1.2,5.E-02));
#1721 = DIRECTION('',(-1.224646799147E-16,-1.,0.));
#1722 = DIRECTION('',(0.,0.,1.));
#1723 = ORIENTED_EDGE('',*,*,#1724,.T.);
#1724 = EDGE_CURVE('',#1714,#1725,#1727,.T.);
#1725 = VERTEX_POINT('',#1726);
#1726 = CARTESIAN_POINT('',(-2.7,1.2,0.95));
#1727 = LINE('',#1728,#1729);
#1728 = CARTESIAN_POINT('',(-2.7,1.2,0.));
#1729 = VECTOR('',#1730,1.);
#1730 = DIRECTION('',(0.,0.,1.));
#1731 = ORIENTED_EDGE('',*,*,#1732,.F.);
#1732 = EDGE_CURVE('',#1692,#1725,#1733,.T.);
#1733 = CIRCLE('',#1734,5.E-02);
#1734 = AXIS2_PLACEMENT_3D('',#1735,#1736,#1737);
#1735 = CARTESIAN_POINT('',(-2.65,1.2,0.95));
#1736 = DIRECTION('',(-1.224646799147E-16,-1.,0.));
#1737 = DIRECTION('',(0.,0.,1.));
#1738 = ORIENTED_EDGE('',*,*,#1699,.T.);
#1739 = ORIENTED_EDGE('',*,*,#685,.F.);
#1740 = ORIENTED_EDGE('',*,*,#1741,.F.);
#1741 = EDGE_CURVE('',#1742,#678,#1744,.T.);
#1742 = VERTEX_POINT('',#1743);
#1743 = CARTESIAN_POINT('',(-2.55,1.2,0.9));
#1744 = LINE('',#1745,#1746);
#1745 = CARTESIAN_POINT('',(-2.475,1.2,0.9));
#1746 = VECTOR('',#1747,1.);
#1747 = DIRECTION('',(1.,-1.224646799147E-16,4.996063166392E-32));
#1748 = ORIENTED_EDGE('',*,*,#1749,.T.);
#1749 = EDGE_CURVE('',#1742,#1750,#1752,.T.);
#1750 = VERTEX_POINT('',#1751);
#1751 = CARTESIAN_POINT('',(-2.6,1.2,0.85));
#1752 = CIRCLE('',#1753,5.E-02);
#1753 = AXIS2_PLACEMENT_3D('',#1754,#1755,#1756);
#1754 = CARTESIAN_POINT('',(-2.55,1.2,0.85));
#1755 = DIRECTION('',(-1.224646799147E-16,-1.,0.));
#1756 = DIRECTION('',(-1.,1.224646799147E-16,0.));
#1757 = ORIENTED_EDGE('',*,*,#1758,.T.);
#1758 = EDGE_CURVE('',#1750,#1759,#1761,.T.);
#1759 = VERTEX_POINT('',#1760);
#1760 = CARTESIAN_POINT('',(-2.6,1.2,0.15));
#1761 = LINE('',#1762,#1763);
#1762 = CARTESIAN_POINT('',(-2.6,1.2,5.E-02));
#1763 = VECTOR('',#1764,1.);
#1764 = DIRECTION('',(0.,0.,-1.));
#1765 = ORIENTED_EDGE('',*,*,#1766,.T.);
#1766 = EDGE_CURVE('',#1759,#1412,#1767,.T.);
#1767 = CIRCLE('',#1768,5.E-02);
#1768 = AXIS2_PLACEMENT_3D('',#1769,#1770,#1771);
#1769 = CARTESIAN_POINT('',(-2.55,1.2,0.15));
#1770 = DIRECTION('',(-1.224646799147E-16,-1.,0.));
#1771 = DIRECTION('',(4.996063166392E-32,-6.118412765058E-48,-1.));
#1772 = ORIENTED_EDGE('',*,*,#1419,.T.);
#1773 = ORIENTED_EDGE('',*,*,#771,.T.);
#1774 = ORIENTED_EDGE('',*,*,#763,.F.);
#1775 = ORIENTED_EDGE('',*,*,#1776,.F.);
#1776 = EDGE_CURVE('',#1777,#756,#1779,.T.);
#1777 = VERTEX_POINT('',#1778);
#1778 = CARTESIAN_POINT('',(-1.8,1.2,0.));
#1779 = LINE('',#1780,#1781);
#1780 = CARTESIAN_POINT('',(-1.8,1.2,0.));
#1781 = VECTOR('',#1782,1.);
#1782 = DIRECTION('',(0.,0.,1.));
#1783 = ORIENTED_EDGE('',*,*,#1784,.F.);
#1784 = EDGE_CURVE('',#1716,#1777,#1785,.T.);
#1785 = LINE('',#1786,#1787);
#1786 = CARTESIAN_POINT('',(-2.7,1.2,0.));
#1787 = VECTOR('',#1788,1.);
#1788 = DIRECTION('',(1.,-1.224646799147E-16,0.));
#1789 = PLANE('',#1790);
#1790 = AXIS2_PLACEMENT_3D('',#1791,#1792,#1793);
#1791 = CARTESIAN_POINT('',(-2.7,1.2,0.));
#1792 = DIRECTION('',(1.224646799147E-16,1.,0.));
#1793 = DIRECTION('',(1.,-1.224646799147E-16,0.));
#1794 = ADVANCED_FACE('',(#1795),#1813,.F.);
#1795 = FACE_BOUND('',#1796,.F.);
#1796 = EDGE_LOOP('',(#1797,#1798,#1806,#1812));
#1797 = ORIENTED_EDGE('',*,*,#677,.F.);
#1798 = ORIENTED_EDGE('',*,*,#1799,.T.);
#1799 = EDGE_CURVE('',#670,#1800,#1802,.T.);
#1800 = VERTEX_POINT('',#1801);
#1801 = CARTESIAN_POINT('',(-2.55,2.1,0.9));
#1802 = LINE('',#1803,#1804);
#1803 = CARTESIAN_POINT('',(-2.025,2.1,0.9));
#1804 = VECTOR('',#1805,1.);
#1805 = DIRECTION('',(-1.,1.224646799147E-16,-4.996063166392E-32));
#1806 = ORIENTED_EDGE('',*,*,#1807,.T.);
#1807 = EDGE_CURVE('',#1800,#1742,#1808,.T.);
#1808 = LINE('',#1809,#1810);
#1809 = CARTESIAN_POINT('',(-2.55,2.2,0.9));
#1810 = VECTOR('',#1811,1.);
#1811 = DIRECTION('',(-1.224646799147E-16,-1.,0.));
#1812 = ORIENTED_EDGE('',*,*,#1741,.T.);
#1813 = PLANE('',#1814);
#1814 = AXIS2_PLACEMENT_3D('',#1815,#1816,#1817);
#1815 = CARTESIAN_POINT('',(-2.25,1.65,0.9));
#1816 = DIRECTION('',(-4.996063166392E-32,1.556307025767E-32,1.));
#1817 = DIRECTION('',(-1.,1.224646799147E-16,-4.996063166392E-32));
#1818 = ADVANCED_FACE('',(#1819),#1891,.F.);
#1819 = FACE_BOUND('',#1820,.F.);
#1820 = EDGE_LOOP('',(#1821,#1831,#1840,#1848,#1854,#1855,#1856,#1857,
    #1866,#1874,#1881,#1882,#1883,#1884));
#1821 = ORIENTED_EDGE('',*,*,#1822,.F.);
#1822 = EDGE_CURVE('',#1823,#1825,#1827,.T.);
#1823 = VERTEX_POINT('',#1824);
#1824 = CARTESIAN_POINT('',(-2.7,2.1,5.E-02));
#1825 = VERTEX_POINT('',#1826);
#1826 = CARTESIAN_POINT('',(-2.7,2.1,0.95));
#1827 = LINE('',#1828,#1829);
#1828 = CARTESIAN_POINT('',(-2.7,2.1,0.));
#1829 = VECTOR('',#1830,1.);
#1830 = DIRECTION('',(0.,0.,1.));
#1831 = ORIENTED_EDGE('',*,*,#1832,.T.);
#1832 = EDGE_CURVE('',#1823,#1833,#1835,.T.);
#1833 = VERTEX_POINT('',#1834);
#1834 = CARTESIAN_POINT('',(-2.65,2.1,-6.938893903907E-18));
#1835 = CIRCLE('',#1836,5.E-02);
#1836 = AXIS2_PLACEMENT_3D('',#1837,#1838,#1839);
#1837 = CARTESIAN_POINT('',(-2.65,2.1,5.E-02));
#1838 = DIRECTION('',(-1.224646799147E-16,-1.,0.));
#1839 = DIRECTION('',(0.,0.,1.));
#1840 = ORIENTED_EDGE('',*,*,#1841,.F.);
#1841 = EDGE_CURVE('',#1842,#1833,#1844,.T.);
#1842 = VERTEX_POINT('',#1843);
#1843 = CARTESIAN_POINT('',(-1.8,2.1,0.));
#1844 = LINE('',#1845,#1846);
#1845 = CARTESIAN_POINT('',(-1.8,2.1,0.));
#1846 = VECTOR('',#1847,1.);
#1847 = DIRECTION('',(-1.,1.224646799147E-16,0.));
#1848 = ORIENTED_EDGE('',*,*,#1849,.T.);
#1849 = EDGE_CURVE('',#1842,#748,#1850,.T.);
#1850 = LINE('',#1851,#1852);
#1851 = CARTESIAN_POINT('',(-1.8,2.1,0.));
#1852 = VECTOR('',#1853,1.);
#1853 = DIRECTION('',(0.,0.,1.));
#1854 = ORIENTED_EDGE('',*,*,#747,.F.);
#1855 = ORIENTED_EDGE('',*,*,#739,.T.);
#1856 = ORIENTED_EDGE('',*,*,#1403,.T.);
#1857 = ORIENTED_EDGE('',*,*,#1858,.F.);
#1858 = EDGE_CURVE('',#1859,#1404,#1861,.T.);
#1859 = VERTEX_POINT('',#1860);
#1860 = CARTESIAN_POINT('',(-2.6,2.1,0.15));
#1861 = CIRCLE('',#1862,5.E-02);
#1862 = AXIS2_PLACEMENT_3D('',#1863,#1864,#1865);
#1863 = CARTESIAN_POINT('',(-2.55,2.1,0.15));
#1864 = DIRECTION('',(-1.224646799147E-16,-1.,0.));
#1865 = DIRECTION('',(4.996063166392E-32,-6.118412765058E-48,-1.));
#1866 = ORIENTED_EDGE('',*,*,#1867,.T.);
#1867 = EDGE_CURVE('',#1859,#1868,#1870,.T.);
#1868 = VERTEX_POINT('',#1869);
#1869 = CARTESIAN_POINT('',(-2.6,2.1,0.85));
#1870 = LINE('',#1871,#1872);
#1871 = CARTESIAN_POINT('',(-2.6,2.1,5.E-02));
#1872 = VECTOR('',#1873,1.);
#1873 = DIRECTION('',(0.,0.,1.));
#1874 = ORIENTED_EDGE('',*,*,#1875,.F.);
#1875 = EDGE_CURVE('',#1800,#1868,#1876,.T.);
#1876 = CIRCLE('',#1877,5.E-02);
#1877 = AXIS2_PLACEMENT_3D('',#1878,#1879,#1880);
#1878 = CARTESIAN_POINT('',(-2.55,2.1,0.85));
#1879 = DIRECTION('',(-1.224646799147E-16,-1.,0.));
#1880 = DIRECTION('',(-1.,1.224646799147E-16,0.));
#1881 = ORIENTED_EDGE('',*,*,#1799,.F.);
#1882 = ORIENTED_EDGE('',*,*,#669,.F.);
#1883 = ORIENTED_EDGE('',*,*,#1683,.T.);
#1884 = ORIENTED_EDGE('',*,*,#1885,.T.);
#1885 = EDGE_CURVE('',#1684,#1825,#1886,.T.);
#1886 = CIRCLE('',#1887,5.E-02);
#1887 = AXIS2_PLACEMENT_3D('',#1888,#1889,#1890);
#1888 = CARTESIAN_POINT('',(-2.65,2.1,0.95));
#1889 = DIRECTION('',(-1.224646799147E-16,-1.,0.));
#1890 = DIRECTION('',(0.,0.,1.));
#1891 = PLANE('',#1892);
#1892 = AXIS2_PLACEMENT_3D('',#1893,#1894,#1895);
#1893 = CARTESIAN_POINT('',(-1.8,2.1,0.));
#1894 = DIRECTION('',(-1.224646799147E-16,-1.,0.));
#1895 = DIRECTION('',(-1.,1.224646799147E-16,0.));
#1896 = ADVANCED_FACE('',(#1897),#1908,.F.);
#1897 = FACE_BOUND('',#1898,.F.);
#1898 = EDGE_LOOP('',(#1899,#1905,#1906,#1907));
#1899 = ORIENTED_EDGE('',*,*,#1900,.F.);
#1900 = EDGE_CURVE('',#1163,#1017,#1901,.T.);
#1901 = LINE('',#1902,#1903);
#1902 = CARTESIAN_POINT('',(1.8,2.1,0.));
#1903 = VECTOR('',#1904,1.);
#1904 = DIRECTION('',(-1.224646799147E-16,-1.,0.));
#1905 = ORIENTED_EDGE('',*,*,#1162,.T.);
#1906 = ORIENTED_EDGE('',*,*,#874,.F.);
#1907 = ORIENTED_EDGE('',*,*,#1024,.F.);
#1908 = PLANE('',#1909);
#1909 = AXIS2_PLACEMENT_3D('',#1910,#1911,#1912);
#1910 = CARTESIAN_POINT('',(1.8,2.1,0.));
#1911 = DIRECTION('',(1.,-1.224646799147E-16,0.));
#1912 = DIRECTION('',(-1.224646799147E-16,-1.,0.));
#1913 = ADVANCED_FACE('',(#1914),#1925,.F.);
#1914 = FACE_BOUND('',#1915,.F.);
#1915 = EDGE_LOOP('',(#1916,#1922,#1923,#1924));
#1916 = ORIENTED_EDGE('',*,*,#1917,.F.);
#1917 = EDGE_CURVE('',#1279,#1344,#1918,.T.);
#1918 = LINE('',#1919,#1920);
#1919 = CARTESIAN_POINT('',(1.8,-1.2,0.));
#1920 = VECTOR('',#1921,1.);
#1921 = DIRECTION('',(-1.224646799147E-16,-1.,0.));
#1922 = ORIENTED_EDGE('',*,*,#1278,.T.);
#1923 = ORIENTED_EDGE('',*,*,#835,.F.);
#1924 = ORIENTED_EDGE('',*,*,#1351,.F.);
#1925 = PLANE('',#1926);
#1926 = AXIS2_PLACEMENT_3D('',#1927,#1928,#1929);
#1927 = CARTESIAN_POINT('',(1.8,-1.2,0.));
#1928 = DIRECTION('',(1.,-1.224646799147E-16,0.));
#1929 = DIRECTION('',(-1.224646799147E-16,-1.,0.));
#1930 = ADVANCED_FACE('',(#1931),#1942,.F.);
#1931 = FACE_BOUND('',#1932,.F.);
#1932 = EDGE_LOOP('',(#1933,#1939,#1940,#1941));
#1933 = ORIENTED_EDGE('',*,*,#1934,.F.);
#1934 = EDGE_CURVE('',#1559,#1624,#1935,.T.);
#1935 = LINE('',#1936,#1937);
#1936 = CARTESIAN_POINT('',(-1.8,-2.1,0.));
#1937 = VECTOR('',#1938,1.);
#1938 = DIRECTION('',(1.224646799147E-16,1.,0.));
#1939 = ORIENTED_EDGE('',*,*,#1558,.T.);
#1940 = ORIENTED_EDGE('',*,*,#794,.F.);
#1941 = ORIENTED_EDGE('',*,*,#1631,.F.);
#1942 = PLANE('',#1943);
#1943 = AXIS2_PLACEMENT_3D('',#1944,#1945,#1946);
#1944 = CARTESIAN_POINT('',(-1.8,-2.1,0.));
#1945 = DIRECTION('',(-1.,1.224646799147E-16,0.));
#1946 = DIRECTION('',(1.224646799147E-16,1.,0.));
#1947 = ADVANCED_FACE('',(#1948),#1959,.F.);
#1948 = FACE_BOUND('',#1949,.F.);
#1949 = EDGE_LOOP('',(#1950,#1956,#1957,#1958));
#1950 = ORIENTED_EDGE('',*,*,#1951,.F.);
#1951 = EDGE_CURVE('',#1777,#1842,#1952,.T.);
#1952 = LINE('',#1953,#1954);
#1953 = CARTESIAN_POINT('',(-1.8,1.2,0.));
#1954 = VECTOR('',#1955,1.);
#1955 = DIRECTION('',(1.224646799147E-16,1.,0.));
#1956 = ORIENTED_EDGE('',*,*,#1776,.T.);
#1957 = ORIENTED_EDGE('',*,*,#755,.F.);
#1958 = ORIENTED_EDGE('',*,*,#1849,.F.);
#1959 = PLANE('',#1960);
#1960 = AXIS2_PLACEMENT_3D('',#1961,#1962,#1963);
#1961 = CARTESIAN_POINT('',(-1.8,1.2,0.));
#1962 = DIRECTION('',(-1.,1.224646799147E-16,0.));
#1963 = DIRECTION('',(1.224646799147E-16,1.,0.));
#1964 = ADVANCED_FACE('',(#1965),#1976,.F.);
#1965 = FACE_BOUND('',#1966,.F.);
#1966 = EDGE_LOOP('',(#1967,#1968,#1969,#1970));
#1967 = ORIENTED_EDGE('',*,*,#1033,.T.);
#1968 = ORIENTED_EDGE('',*,*,#904,.T.);
#1969 = ORIENTED_EDGE('',*,*,#1152,.F.);
#1970 = ORIENTED_EDGE('',*,*,#1971,.F.);
#1971 = EDGE_CURVE('',#1034,#1145,#1972,.T.);
#1972 = LINE('',#1973,#1974);
#1973 = CARTESIAN_POINT('',(2.6,1.1,0.15));
#1974 = VECTOR('',#1975,1.);
#1975 = DIRECTION('',(1.224646799147E-16,1.,0.));
#1976 = CYLINDRICAL_SURFACE('',#1977,5.E-02);
#1977 = AXIS2_PLACEMENT_3D('',#1978,#1979,#1980);
#1978 = CARTESIAN_POINT('',(2.55,1.1,0.15));
#1979 = DIRECTION('',(1.224646799147E-16,1.,0.));
#1980 = DIRECTION('',(1.,-1.224646799147E-16,0.));
#1981 = ADVANCED_FACE('',(#1982),#1993,.F.);
#1982 = FACE_BOUND('',#1983,.F.);
#1983 = EDGE_LOOP('',(#1984,#1985,#1986,#1987));
#1984 = ORIENTED_EDGE('',*,*,#1360,.T.);
#1985 = ORIENTED_EDGE('',*,*,#935,.T.);
#1986 = ORIENTED_EDGE('',*,*,#1268,.F.);
#1987 = ORIENTED_EDGE('',*,*,#1988,.F.);
#1988 = EDGE_CURVE('',#1361,#1261,#1989,.T.);
#1989 = LINE('',#1990,#1991);
#1990 = CARTESIAN_POINT('',(2.6,-2.2,0.15));
#1991 = VECTOR('',#1992,1.);
#1992 = DIRECTION('',(1.224646799147E-16,1.,0.));
#1993 = CYLINDRICAL_SURFACE('',#1994,5.E-02);
#1994 = AXIS2_PLACEMENT_3D('',#1995,#1996,#1997);
#1995 = CARTESIAN_POINT('',(2.55,-2.2,0.15));
#1996 = DIRECTION('',(1.224646799147E-16,1.,0.));
#1997 = DIRECTION('',(1.,-1.224646799147E-16,0.));
#1998 = ADVANCED_FACE('',(#1999),#2010,.F.);
#1999 = FACE_BOUND('',#2000,.F.);
#2000 = EDGE_LOOP('',(#2001,#2007,#2008,#2009));
#2001 = ORIENTED_EDGE('',*,*,#2002,.T.);
#2002 = EDGE_CURVE('',#1043,#1136,#2003,.T.);
#2003 = LINE('',#2004,#2005);
#2004 = CARTESIAN_POINT('',(2.6,1.1,0.85));
#2005 = VECTOR('',#2006,1.);
#2006 = DIRECTION('',(1.224646799147E-16,1.,0.));
#2007 = ORIENTED_EDGE('',*,*,#1135,.F.);
#2008 = ORIENTED_EDGE('',*,*,#966,.F.);
#2009 = ORIENTED_EDGE('',*,*,#1050,.T.);
#2010 = CYLINDRICAL_SURFACE('',#2011,5.E-02);
#2011 = AXIS2_PLACEMENT_3D('',#2012,#2013,#2014);
#2012 = CARTESIAN_POINT('',(2.55,1.1,0.85));
#2013 = DIRECTION('',(1.224646799147E-16,1.,0.));
#2014 = DIRECTION('',(1.,-1.224646799147E-16,0.));
#2015 = ADVANCED_FACE('',(#2016),#2032,.F.);
#2016 = FACE_BOUND('',#2017,.F.);
#2017 = EDGE_LOOP('',(#2018,#2019,#2025,#2026));
#2018 = ORIENTED_EDGE('',*,*,#997,.T.);
#2019 = ORIENTED_EDGE('',*,*,#2020,.T.);
#2020 = EDGE_CURVE('',#1000,#1118,#2021,.T.);
#2021 = LINE('',#2022,#2023);
#2022 = CARTESIAN_POINT('',(2.7,1.2,0.95));
#2023 = VECTOR('',#2024,1.);
#2024 = DIRECTION('',(1.224646799147E-16,1.,0.));
#2025 = ORIENTED_EDGE('',*,*,#1117,.F.);
#2026 = ORIENTED_EDGE('',*,*,#2027,.F.);
#2027 = EDGE_CURVE('',#998,#1107,#2028,.T.);
#2028 = LINE('',#2029,#2030);
#2029 = CARTESIAN_POINT('',(2.7,1.2,5.E-02));
#2030 = VECTOR('',#2031,1.);
#2031 = DIRECTION('',(1.224646799147E-16,1.,0.));
#2032 = PLANE('',#2033);
#2033 = AXIS2_PLACEMENT_3D('',#2034,#2035,#2036);
#2034 = CARTESIAN_POINT('',(2.7,1.2,0.));
#2035 = DIRECTION('',(-1.,1.224646799147E-16,0.));
#2036 = DIRECTION('',(1.224646799147E-16,1.,0.));
#2037 = ADVANCED_FACE('',(#2038),#2044,.T.);
#2038 = FACE_BOUND('',#2039,.T.);
#2039 = EDGE_LOOP('',(#2040,#2041,#2042,#2043));
#2040 = ORIENTED_EDGE('',*,*,#2020,.T.);
#2041 = ORIENTED_EDGE('',*,*,#1125,.T.);
#2042 = ORIENTED_EDGE('',*,*,#1082,.F.);
#2043 = ORIENTED_EDGE('',*,*,#1067,.F.);
#2044 = CYLINDRICAL_SURFACE('',#2045,5.E-02);
#2045 = AXIS2_PLACEMENT_3D('',#2046,#2047,#2048);
#2046 = CARTESIAN_POINT('',(2.65,1.2,0.95));
#2047 = DIRECTION('',(1.224646799147E-16,1.,0.));
#2048 = DIRECTION('',(1.,-1.224646799147E-16,0.));
#2049 = ADVANCED_FACE('',(#2050),#2056,.T.);
#2050 = FACE_BOUND('',#2051,.T.);
#2051 = EDGE_LOOP('',(#2052,#2053,#2054,#2055));
#2052 = ORIENTED_EDGE('',*,*,#1971,.F.);
#2053 = ORIENTED_EDGE('',*,*,#1042,.T.);
#2054 = ORIENTED_EDGE('',*,*,#2002,.T.);
#2055 = ORIENTED_EDGE('',*,*,#1144,.T.);
#2056 = PLANE('',#2057);
#2057 = AXIS2_PLACEMENT_3D('',#2058,#2059,#2060);
#2058 = CARTESIAN_POINT('',(2.6,1.1,0.1));
#2059 = DIRECTION('',(-1.,1.224646799147E-16,0.));
#2060 = DIRECTION('',(1.224646799147E-16,1.,0.));
#2061 = ADVANCED_FACE('',(#2062),#2073,.F.);
#2062 = FACE_BOUND('',#2063,.F.);
#2063 = EDGE_LOOP('',(#2064,#2065,#2066,#2067));
#2064 = ORIENTED_EDGE('',*,*,#1170,.T.);
#2065 = ORIENTED_EDGE('',*,*,#1900,.T.);
#2066 = ORIENTED_EDGE('',*,*,#1016,.T.);
#2067 = ORIENTED_EDGE('',*,*,#2068,.T.);
#2068 = EDGE_CURVE('',#1008,#1109,#2069,.T.);
#2069 = LINE('',#2070,#2071);
#2070 = CARTESIAN_POINT('',(2.65,1.2,-6.938893903907E-18));
#2071 = VECTOR('',#2072,1.);
#2072 = DIRECTION('',(1.224646799147E-16,1.,0.));
#2073 = PLANE('',#2074);
#2074 = AXIS2_PLACEMENT_3D('',#2075,#2076,#2077);
#2075 = CARTESIAN_POINT('',(2.25,1.65,0.));
#2076 = DIRECTION('',(0.,0.,1.));
#2077 = DIRECTION('',(-1.,1.224646799147E-16,0.));
#2078 = ADVANCED_FACE('',(#2079),#2085,.T.);
#2079 = FACE_BOUND('',#2080,.T.);
#2080 = EDGE_LOOP('',(#2081,#2082,#2083,#2084));
#2081 = ORIENTED_EDGE('',*,*,#1007,.T.);
#2082 = ORIENTED_EDGE('',*,*,#2068,.T.);
#2083 = ORIENTED_EDGE('',*,*,#1106,.F.);
#2084 = ORIENTED_EDGE('',*,*,#2027,.F.);
#2085 = CYLINDRICAL_SURFACE('',#2086,5.E-02);
#2086 = AXIS2_PLACEMENT_3D('',#2087,#2088,#2089);
#2087 = CARTESIAN_POINT('',(2.65,1.2,5.E-02));
#2088 = DIRECTION('',(1.224646799147E-16,1.,0.));
#2089 = DIRECTION('',(1.,-1.224646799147E-16,0.));
#2090 = ADVANCED_FACE('',(#2091),#2102,.T.);
#2091 = FACE_BOUND('',#2092,.T.);
#2092 = EDGE_LOOP('',(#2093,#2099,#2100,#2101));
#2093 = ORIENTED_EDGE('',*,*,#2094,.T.);
#2094 = EDGE_CURVE('',#1327,#1227,#2095,.T.);
#2095 = LINE('',#2096,#2097);
#2096 = CARTESIAN_POINT('',(2.7,-2.1,0.95));
#2097 = VECTOR('',#2098,1.);
#2098 = DIRECTION('',(1.224646799147E-16,1.,0.));
#2099 = ORIENTED_EDGE('',*,*,#1234,.T.);
#2100 = ORIENTED_EDGE('',*,*,#1184,.F.);
#2101 = ORIENTED_EDGE('',*,*,#1387,.F.);
#2102 = CYLINDRICAL_SURFACE('',#2103,5.E-02);
#2103 = AXIS2_PLACEMENT_3D('',#2104,#2105,#2106);
#2104 = CARTESIAN_POINT('',(2.65,-2.1,0.95));
#2105 = DIRECTION('',(1.224646799147E-16,1.,0.));
#2106 = DIRECTION('',(1.,-1.224646799147E-16,0.));
#2107 = ADVANCED_FACE('',(#2108),#2124,.T.);
#2108 = FACE_BOUND('',#2109,.T.);
#2109 = EDGE_LOOP('',(#2110,#2111,#2117,#2118));
#2110 = ORIENTED_EDGE('',*,*,#1334,.T.);
#2111 = ORIENTED_EDGE('',*,*,#2112,.T.);
#2112 = EDGE_CURVE('',#1335,#1218,#2113,.T.);
#2113 = LINE('',#2114,#2115);
#2114 = CARTESIAN_POINT('',(2.65,-2.1,-6.938893903907E-18));
#2115 = VECTOR('',#2116,1.);
#2116 = DIRECTION('',(1.224646799147E-16,1.,0.));
#2117 = ORIENTED_EDGE('',*,*,#1215,.F.);
#2118 = ORIENTED_EDGE('',*,*,#2119,.F.);
#2119 = EDGE_CURVE('',#1325,#1216,#2120,.T.);
#2120 = LINE('',#2121,#2122);
#2121 = CARTESIAN_POINT('',(2.7,-2.1,5.E-02));
#2122 = VECTOR('',#2123,1.);
#2123 = DIRECTION('',(1.224646799147E-16,1.,0.));
#2124 = CYLINDRICAL_SURFACE('',#2125,5.E-02);
#2125 = AXIS2_PLACEMENT_3D('',#2126,#2127,#2128);
#2126 = CARTESIAN_POINT('',(2.65,-2.1,5.E-02));
#2127 = DIRECTION('',(1.224646799147E-16,1.,0.));
#2128 = DIRECTION('',(1.,-1.224646799147E-16,0.));
#2129 = ADVANCED_FACE('',(#2130),#2136,.F.);
#2130 = FACE_BOUND('',#2131,.F.);
#2131 = EDGE_LOOP('',(#2132,#2133,#2134,#2135));
#2132 = ORIENTED_EDGE('',*,*,#1286,.T.);
#2133 = ORIENTED_EDGE('',*,*,#1917,.T.);
#2134 = ORIENTED_EDGE('',*,*,#1343,.T.);
#2135 = ORIENTED_EDGE('',*,*,#2112,.T.);
#2136 = PLANE('',#2137);
#2137 = AXIS2_PLACEMENT_3D('',#2138,#2139,#2140);
#2138 = CARTESIAN_POINT('',(2.25,-1.65,0.));
#2139 = DIRECTION('',(0.,0.,1.));
#2140 = DIRECTION('',(-1.,1.224646799147E-16,0.));
#2141 = ADVANCED_FACE('',(#2142),#2153,.T.);
#2142 = FACE_BOUND('',#2143,.T.);
#2143 = EDGE_LOOP('',(#2144,#2145,#2146,#2152));
#2144 = ORIENTED_EDGE('',*,*,#1988,.F.);
#2145 = ORIENTED_EDGE('',*,*,#1369,.T.);
#2146 = ORIENTED_EDGE('',*,*,#2147,.T.);
#2147 = EDGE_CURVE('',#1370,#1252,#2148,.T.);
#2148 = LINE('',#2149,#2150);
#2149 = CARTESIAN_POINT('',(2.6,-2.2,0.85));
#2150 = VECTOR('',#2151,1.);
#2151 = DIRECTION('',(1.224646799147E-16,1.,0.));
#2152 = ORIENTED_EDGE('',*,*,#1260,.T.);
#2153 = PLANE('',#2154);
#2154 = AXIS2_PLACEMENT_3D('',#2155,#2156,#2157);
#2155 = CARTESIAN_POINT('',(2.6,-2.2,0.1));
#2156 = DIRECTION('',(-1.,1.224646799147E-16,0.));
#2157 = DIRECTION('',(1.224646799147E-16,1.,0.));
#2158 = ADVANCED_FACE('',(#2159),#2165,.F.);
#2159 = FACE_BOUND('',#2160,.F.);
#2160 = EDGE_LOOP('',(#2161,#2162,#2163,#2164));
#2161 = ORIENTED_EDGE('',*,*,#2147,.T.);
#2162 = ORIENTED_EDGE('',*,*,#1251,.F.);
#2163 = ORIENTED_EDGE('',*,*,#1300,.F.);
#2164 = ORIENTED_EDGE('',*,*,#1377,.T.);
#2165 = CYLINDRICAL_SURFACE('',#2166,5.E-02);
#2166 = AXIS2_PLACEMENT_3D('',#2167,#2168,#2169);
#2167 = CARTESIAN_POINT('',(2.55,-2.2,0.85));
#2168 = DIRECTION('',(1.224646799147E-16,1.,0.));
#2169 = DIRECTION('',(1.,-1.224646799147E-16,0.));
#2170 = ADVANCED_FACE('',(#2171),#2177,.F.);
#2171 = FACE_BOUND('',#2172,.F.);
#2172 = EDGE_LOOP('',(#2173,#2174,#2175,#2176));
#2173 = ORIENTED_EDGE('',*,*,#1324,.T.);
#2174 = ORIENTED_EDGE('',*,*,#2094,.T.);
#2175 = ORIENTED_EDGE('',*,*,#1226,.F.);
#2176 = ORIENTED_EDGE('',*,*,#2119,.F.);
#2177 = PLANE('',#2178);
#2178 = AXIS2_PLACEMENT_3D('',#2179,#2180,#2181);
#2179 = CARTESIAN_POINT('',(2.7,-2.1,0.));
#2180 = DIRECTION('',(-1.,1.224646799147E-16,0.));
#2181 = DIRECTION('',(1.224646799147E-16,1.,0.));
#2182 = ADVANCED_FACE('',(#2183),#2194,.F.);
#2183 = FACE_BOUND('',#2184,.F.);
#2184 = EDGE_LOOP('',(#2185,#2186,#2192,#2193));
#2185 = ORIENTED_EDGE('',*,*,#1766,.F.);
#2186 = ORIENTED_EDGE('',*,*,#2187,.F.);
#2187 = EDGE_CURVE('',#1859,#1759,#2188,.T.);
#2188 = LINE('',#2189,#2190);
#2189 = CARTESIAN_POINT('',(-2.6,2.2,0.15));
#2190 = VECTOR('',#2191,1.);
#2191 = DIRECTION('',(-1.224646799147E-16,-1.,0.));
#2192 = ORIENTED_EDGE('',*,*,#1858,.T.);
#2193 = ORIENTED_EDGE('',*,*,#1411,.T.);
#2194 = CYLINDRICAL_SURFACE('',#2195,5.E-02);
#2195 = AXIS2_PLACEMENT_3D('',#2196,#2197,#2198);
#2196 = CARTESIAN_POINT('',(-2.55,2.2,0.15));
#2197 = DIRECTION('',(-1.224646799147E-16,-1.,0.));
#2198 = DIRECTION('',(4.996063166392E-32,-6.118412765058E-48,-1.));
#2199 = ADVANCED_FACE('',(#2200),#2211,.F.);
#2200 = FACE_BOUND('',#2201,.F.);
#2201 = EDGE_LOOP('',(#2202,#2203,#2209,#2210));
#2202 = ORIENTED_EDGE('',*,*,#1548,.F.);
#2203 = ORIENTED_EDGE('',*,*,#2204,.F.);
#2204 = EDGE_CURVE('',#1641,#1541,#2205,.T.);
#2205 = LINE('',#2206,#2207);
#2206 = CARTESIAN_POINT('',(-2.6,-1.1,0.15));
#2207 = VECTOR('',#2208,1.);
#2208 = DIRECTION('',(-1.224646799147E-16,-1.,0.));
#2209 = ORIENTED_EDGE('',*,*,#1640,.T.);
#2210 = ORIENTED_EDGE('',*,*,#1442,.T.);
#2211 = CYLINDRICAL_SURFACE('',#2212,5.E-02);
#2212 = AXIS2_PLACEMENT_3D('',#2213,#2214,#2215);
#2213 = CARTESIAN_POINT('',(-2.55,-1.1,0.15));
#2214 = DIRECTION('',(-1.224646799147E-16,-1.,0.));
#2215 = DIRECTION('',(4.996063166392E-32,-6.118412765058E-48,-1.));
#2216 = ADVANCED_FACE('',(#2217),#2228,.T.);
#2217 = FACE_BOUND('',#2218,.T.);
#2218 = EDGE_LOOP('',(#2219,#2220,#2226,#2227));
#2219 = ORIENTED_EDGE('',*,*,#1667,.T.);
#2220 = ORIENTED_EDGE('',*,*,#2221,.T.);
#2221 = EDGE_CURVE('',#1607,#1507,#2222,.T.);
#2222 = LINE('',#2223,#2224);
#2223 = CARTESIAN_POINT('',(-2.7,-1.2,0.95));
#2224 = VECTOR('',#2225,1.);
#2225 = DIRECTION('',(-1.224646799147E-16,-1.,0.));
#2226 = ORIENTED_EDGE('',*,*,#1514,.F.);
#2227 = ORIENTED_EDGE('',*,*,#1473,.F.);
#2228 = CYLINDRICAL_SURFACE('',#2229,5.E-02);
#2229 = AXIS2_PLACEMENT_3D('',#2230,#2231,#2232);
#2230 = CARTESIAN_POINT('',(-2.65,-1.2,0.95));
#2231 = DIRECTION('',(-1.224646799147E-16,-1.,0.));
#2232 = DIRECTION('',(0.,0.,1.));
#2233 = ADVANCED_FACE('',(#2234),#2250,.T.);
#2234 = FACE_BOUND('',#2235,.T.);
#2235 = EDGE_LOOP('',(#2236,#2237,#2243,#2244));
#2236 = ORIENTED_EDGE('',*,*,#1614,.T.);
#2237 = ORIENTED_EDGE('',*,*,#2238,.T.);
#2238 = EDGE_CURVE('',#1615,#1498,#2239,.T.);
#2239 = LINE('',#2240,#2241);
#2240 = CARTESIAN_POINT('',(-2.65,-1.2,-6.938893903907E-18));
#2241 = VECTOR('',#2242,1.);
#2242 = DIRECTION('',(-1.224646799147E-16,-1.,0.));
#2243 = ORIENTED_EDGE('',*,*,#1495,.F.);
#2244 = ORIENTED_EDGE('',*,*,#2245,.F.);
#2245 = EDGE_CURVE('',#1605,#1496,#2246,.T.);
#2246 = LINE('',#2247,#2248);
#2247 = CARTESIAN_POINT('',(-2.7,-1.2,5.E-02));
#2248 = VECTOR('',#2249,1.);
#2249 = DIRECTION('',(-1.224646799147E-16,-1.,0.));
#2250 = CYLINDRICAL_SURFACE('',#2251,5.E-02);
#2251 = AXIS2_PLACEMENT_3D('',#2252,#2253,#2254);
#2252 = CARTESIAN_POINT('',(-2.65,-1.2,5.E-02));
#2253 = DIRECTION('',(-1.224646799147E-16,-1.,0.));
#2254 = DIRECTION('',(-1.,1.224646799147E-16,0.));
#2255 = ADVANCED_FACE('',(#2256),#2262,.F.);
#2256 = FACE_BOUND('',#2257,.F.);
#2257 = EDGE_LOOP('',(#2258,#2259,#2260,#2261));
#2258 = ORIENTED_EDGE('',*,*,#1623,.T.);
#2259 = ORIENTED_EDGE('',*,*,#2238,.T.);
#2260 = ORIENTED_EDGE('',*,*,#1566,.T.);
#2261 = ORIENTED_EDGE('',*,*,#1934,.T.);
#2262 = PLANE('',#2263);
#2263 = AXIS2_PLACEMENT_3D('',#2264,#2265,#2266);
#2264 = CARTESIAN_POINT('',(-2.25,-1.65,0.));
#2265 = DIRECTION('',(0.,0.,1.));
#2266 = DIRECTION('',(-1.,1.224646799147E-16,0.));
#2267 = ADVANCED_FACE('',(#2268),#2279,.T.);
#2268 = FACE_BOUND('',#2269,.T.);
#2269 = EDGE_LOOP('',(#2270,#2271,#2272,#2278));
#2270 = ORIENTED_EDGE('',*,*,#2204,.F.);
#2271 = ORIENTED_EDGE('',*,*,#1649,.T.);
#2272 = ORIENTED_EDGE('',*,*,#2273,.T.);
#2273 = EDGE_CURVE('',#1650,#1532,#2274,.T.);
#2274 = LINE('',#2275,#2276);
#2275 = CARTESIAN_POINT('',(-2.6,-1.1,0.85));
#2276 = VECTOR('',#2277,1.);
#2277 = DIRECTION('',(-1.224646799147E-16,-1.,0.));
#2278 = ORIENTED_EDGE('',*,*,#1540,.T.);
#2279 = PLANE('',#2280);
#2280 = AXIS2_PLACEMENT_3D('',#2281,#2282,#2283);
#2281 = CARTESIAN_POINT('',(-2.6,-1.1,0.1));
#2282 = DIRECTION('',(1.,-1.224646799147E-16,0.));
#2283 = DIRECTION('',(-1.224646799147E-16,-1.,0.));
#2284 = ADVANCED_FACE('',(#2285),#2291,.F.);
#2285 = FACE_BOUND('',#2286,.F.);
#2286 = EDGE_LOOP('',(#2287,#2288,#2289,#2290));
#2287 = ORIENTED_EDGE('',*,*,#2273,.T.);
#2288 = ORIENTED_EDGE('',*,*,#1531,.F.);
#2289 = ORIENTED_EDGE('',*,*,#1589,.F.);
#2290 = ORIENTED_EDGE('',*,*,#1657,.T.);
#2291 = CYLINDRICAL_SURFACE('',#2292,5.E-02);
#2292 = AXIS2_PLACEMENT_3D('',#2293,#2294,#2295);
#2293 = CARTESIAN_POINT('',(-2.55,-1.1,0.85));
#2294 = DIRECTION('',(-1.224646799147E-16,-1.,0.));
#2295 = DIRECTION('',(-1.,1.224646799147E-16,0.));
#2296 = ADVANCED_FACE('',(#2297),#2303,.F.);
#2297 = FACE_BOUND('',#2298,.F.);
#2298 = EDGE_LOOP('',(#2299,#2300,#2301,#2302));
#2299 = ORIENTED_EDGE('',*,*,#1604,.T.);
#2300 = ORIENTED_EDGE('',*,*,#2221,.T.);
#2301 = ORIENTED_EDGE('',*,*,#1506,.F.);
#2302 = ORIENTED_EDGE('',*,*,#2245,.F.);
#2303 = PLANE('',#2304);
#2304 = AXIS2_PLACEMENT_3D('',#2305,#2306,#2307);
#2305 = CARTESIAN_POINT('',(-2.7,-1.2,0.));
#2306 = DIRECTION('',(1.,-1.224646799147E-16,0.));
#2307 = DIRECTION('',(-1.224646799147E-16,-1.,0.));
#2308 = ADVANCED_FACE('',(#2309),#2320,.T.);
#2309 = FACE_BOUND('',#2310,.T.);
#2310 = EDGE_LOOP('',(#2311,#2312,#2318,#2319));
#2311 = ORIENTED_EDGE('',*,*,#1885,.T.);
#2312 = ORIENTED_EDGE('',*,*,#2313,.T.);
#2313 = EDGE_CURVE('',#1825,#1725,#2314,.T.);
#2314 = LINE('',#2315,#2316);
#2315 = CARTESIAN_POINT('',(-2.7,2.1,0.95));
#2316 = VECTOR('',#2317,1.);
#2317 = DIRECTION('',(-1.224646799147E-16,-1.,0.));
#2318 = ORIENTED_EDGE('',*,*,#1732,.F.);
#2319 = ORIENTED_EDGE('',*,*,#1691,.F.);
#2320 = CYLINDRICAL_SURFACE('',#2321,5.E-02);
#2321 = AXIS2_PLACEMENT_3D('',#2322,#2323,#2324);
#2322 = CARTESIAN_POINT('',(-2.65,2.1,0.95));
#2323 = DIRECTION('',(-1.224646799147E-16,-1.,0.));
#2324 = DIRECTION('',(0.,0.,1.));
#2325 = ADVANCED_FACE('',(#2326),#2342,.T.);
#2326 = FACE_BOUND('',#2327,.T.);
#2327 = EDGE_LOOP('',(#2328,#2329,#2335,#2336));
#2328 = ORIENTED_EDGE('',*,*,#1832,.T.);
#2329 = ORIENTED_EDGE('',*,*,#2330,.T.);
#2330 = EDGE_CURVE('',#1833,#1716,#2331,.T.);
#2331 = LINE('',#2332,#2333);
#2332 = CARTESIAN_POINT('',(-2.65,2.1,-6.938893903907E-18));
#2333 = VECTOR('',#2334,1.);
#2334 = DIRECTION('',(-1.224646799147E-16,-1.,0.));
#2335 = ORIENTED_EDGE('',*,*,#1713,.F.);
#2336 = ORIENTED_EDGE('',*,*,#2337,.F.);
#2337 = EDGE_CURVE('',#1823,#1714,#2338,.T.);
#2338 = LINE('',#2339,#2340);
#2339 = CARTESIAN_POINT('',(-2.7,2.1,5.E-02));
#2340 = VECTOR('',#2341,1.);
#2341 = DIRECTION('',(-1.224646799147E-16,-1.,0.));
#2342 = CYLINDRICAL_SURFACE('',#2343,5.E-02);
#2343 = AXIS2_PLACEMENT_3D('',#2344,#2345,#2346);
#2344 = CARTESIAN_POINT('',(-2.65,2.1,5.E-02));
#2345 = DIRECTION('',(-1.224646799147E-16,-1.,0.));
#2346 = DIRECTION('',(-1.,1.224646799147E-16,0.));
#2347 = ADVANCED_FACE('',(#2348),#2354,.F.);
#2348 = FACE_BOUND('',#2349,.F.);
#2349 = EDGE_LOOP('',(#2350,#2351,#2352,#2353));
#2350 = ORIENTED_EDGE('',*,*,#1841,.T.);
#2351 = ORIENTED_EDGE('',*,*,#2330,.T.);
#2352 = ORIENTED_EDGE('',*,*,#1784,.T.);
#2353 = ORIENTED_EDGE('',*,*,#1951,.T.);
#2354 = PLANE('',#2355);
#2355 = AXIS2_PLACEMENT_3D('',#2356,#2357,#2358);
#2356 = CARTESIAN_POINT('',(-2.25,1.65,0.));
#2357 = DIRECTION('',(0.,0.,1.));
#2358 = DIRECTION('',(-1.,1.224646799147E-16,0.));
#2359 = ADVANCED_FACE('',(#2360),#2371,.T.);
#2360 = FACE_BOUND('',#2361,.T.);
#2361 = EDGE_LOOP('',(#2362,#2363,#2364,#2370));
#2362 = ORIENTED_EDGE('',*,*,#2187,.F.);
#2363 = ORIENTED_EDGE('',*,*,#1867,.T.);
#2364 = ORIENTED_EDGE('',*,*,#2365,.T.);
#2365 = EDGE_CURVE('',#1868,#1750,#2366,.T.);
#2366 = LINE('',#2367,#2368);
#2367 = CARTESIAN_POINT('',(-2.6,2.2,0.85));
#2368 = VECTOR('',#2369,1.);
#2369 = DIRECTION('',(-1.224646799147E-16,-1.,0.));
#2370 = ORIENTED_EDGE('',*,*,#1758,.T.);
#2371 = PLANE('',#2372);
#2372 = AXIS2_PLACEMENT_3D('',#2373,#2374,#2375);
#2373 = CARTESIAN_POINT('',(-2.6,2.2,0.1));
#2374 = DIRECTION('',(1.,-1.224646799147E-16,0.));
#2375 = DIRECTION('',(-1.224646799147E-16,-1.,0.));
#2376 = ADVANCED_FACE('',(#2377),#2383,.F.);
#2377 = FACE_BOUND('',#2378,.F.);
#2378 = EDGE_LOOP('',(#2379,#2380,#2381,#2382));
#2379 = ORIENTED_EDGE('',*,*,#2365,.T.);
#2380 = ORIENTED_EDGE('',*,*,#1749,.F.);
#2381 = ORIENTED_EDGE('',*,*,#1807,.F.);
#2382 = ORIENTED_EDGE('',*,*,#1875,.T.);
#2383 = CYLINDRICAL_SURFACE('',#2384,5.E-02);
#2384 = AXIS2_PLACEMENT_3D('',#2385,#2386,#2387);
#2385 = CARTESIAN_POINT('',(-2.55,2.2,0.85));
#2386 = DIRECTION('',(-1.224646799147E-16,-1.,0.));
#2387 = DIRECTION('',(-1.,1.224646799147E-16,0.));
#2388 = ADVANCED_FACE('',(#2389),#2395,.F.);
#2389 = FACE_BOUND('',#2390,.F.);
#2390 = EDGE_LOOP('',(#2391,#2392,#2393,#2394));
#2391 = ORIENTED_EDGE('',*,*,#1822,.T.);
#2392 = ORIENTED_EDGE('',*,*,#2313,.T.);
#2393 = ORIENTED_EDGE('',*,*,#1724,.F.);
#2394 = ORIENTED_EDGE('',*,*,#2337,.F.);
#2395 = PLANE('',#2396);
#2396 = AXIS2_PLACEMENT_3D('',#2397,#2398,#2399);
#2397 = CARTESIAN_POINT('',(-2.7,2.1,0.));
#2398 = DIRECTION('',(1.,-1.224646799147E-16,0.));
#2399 = DIRECTION('',(-1.224646799147E-16,-1.,0.));
#2400 = ( GEOMETRIC_REPRESENTATION_CONTEXT(3) 
GLOBAL_UNCERTAINTY_ASSIGNED_CONTEXT((#2404)) 
GLOBAL_UNIT_ASSIGNED_CONTEXT((#2401,#2402,#2403)) REPRESENTATION_CONTEXT
('Context #1','3D Context with UNIT and UNCERTAINTY') );
#2401 = ( LENGTH_UNIT() NAMED_UNIT(*) SI_UNIT(.MILLI.,.METRE.) );
#2402 = ( NAMED_UNIT(*) PLANE_ANGLE_UNIT() SI_UNIT($,.RADIAN.) );
#2403 = ( NAMED_UNIT(*) SI_UNIT($,.STERADIAN.) SOLID_ANGLE_UNIT() );
#2404 = UNCERTAINTY_MEASURE_WITH_UNIT(LENGTH_MEASURE(1.E-07),#2401,
  'distance_accuracy_value','confusion accuracy');
#2405 = CONTEXT_DEPENDENT_SHAPE_REPRESENTATION(#2406,#2408);
#2406 = ( REPRESENTATION_RELATIONSHIP('','',#132,#10) 
REPRESENTATION_RELATIONSHIP_WITH_TRANSFORMATION(#2407) 
SHAPE_REPRESENTATION_RELATIONSHIP() );
#2407 = ITEM_DEFINED_TRANSFORMATION('','',#11,#15);
#2408 = PRODUCT_DEFINITION_SHAPE('Placement','Placement of an item',
  #2409);
#2409 = NEXT_ASSEMBLY_USAGE_OCCURRENCE('1','D7','',#5,#127,$);
#2410 = PRODUCT_RELATED_PRODUCT_CATEGORY('part',$,(#129));
#2411 = CONTEXT_DEPENDENT_SHAPE_REPRESENTATION(#2412,#2414);
#2412 = ( REPRESENTATION_RELATIONSHIP('','',#132,#10) 
REPRESENTATION_RELATIONSHIP_WITH_TRANSFORMATION(#2413) 
SHAPE_REPRESENTATION_RELATIONSHIP() );
#2413 = ITEM_DEFINED_TRANSFORMATION('','',#11,#19);
#2414 = PRODUCT_DEFINITION_SHAPE('Placement','Placement of an item',
  #2415);
#2415 = NEXT_ASSEMBLY_USAGE_OCCURRENCE('2','D1','',#5,#127,$);
#2416 = CONTEXT_DEPENDENT_SHAPE_REPRESENTATION(#2417,#2419);
#2417 = ( REPRESENTATION_RELATIONSHIP('','',#132,#10) 
REPRESENTATION_RELATIONSHIP_WITH_TRANSFORMATION(#2418) 
SHAPE_REPRESENTATION_RELATIONSHIP() );
#2418 = ITEM_DEFINED_TRANSFORMATION('','',#11,#23);
#2419 = PRODUCT_DEFINITION_SHAPE('Placement','Placement of an item',
  #2420);
#2420 = NEXT_ASSEMBLY_USAGE_OCCURRENCE('3','D19','',#5,#127,$);
#2421 = CONTEXT_DEPENDENT_SHAPE_REPRESENTATION(#2422,#2424);
#2422 = ( REPRESENTATION_RELATIONSHIP('','',#132,#10) 
REPRESENTATION_RELATIONSHIP_WITH_TRANSFORMATION(#2423) 
SHAPE_REPRESENTATION_RELATIONSHIP() );
#2423 = ITEM_DEFINED_TRANSFORMATION('','',#11,#27);
#2424 = PRODUCT_DEFINITION_SHAPE('Placement','Placement of an item',
  #2425);
#2425 = NEXT_ASSEMBLY_USAGE_OCCURRENCE('4','D20','',#5,#127,$);
#2426 = CONTEXT_DEPENDENT_SHAPE_REPRESENTATION(#2427,#2429);
#2427 = ( REPRESENTATION_RELATIONSHIP('','',#132,#10) 
REPRESENTATION_RELATIONSHIP_WITH_TRANSFORMATION(#2428) 
SHAPE_REPRESENTATION_RELATIONSHIP() );
#2428 = ITEM_DEFINED_TRANSFORMATION('','',#11,#31);
#2429 = PRODUCT_DEFINITION_SHAPE('Placement','Placement of an item',
  #2430);
#2430 = NEXT_ASSEMBLY_USAGE_OCCURRENCE('5','D11','',#5,#127,$);
#2431 = CONTEXT_DEPENDENT_SHAPE_REPRESENTATION(#2432,#2434);
#2432 = ( REPRESENTATION_RELATIONSHIP('','',#132,#10) 
REPRESENTATION_RELATIONSHIP_WITH_TRANSFORMATION(#2433) 
SHAPE_REPRESENTATION_RELATIONSHIP() );
#2433 = ITEM_DEFINED_TRANSFORMATION('','',#11,#35);
#2434 = PRODUCT_DEFINITION_SHAPE('Placement','Placement of an item',
  #2435);
#2435 = NEXT_ASSEMBLY_USAGE_OCCURRENCE('6','D16','',#5,#127,$);
#2436 = CONTEXT_DEPENDENT_SHAPE_REPRESENTATION(#2437,#2439);
#2437 = ( REPRESENTATION_RELATIONSHIP('','',#132,#10) 
REPRESENTATION_RELATIONSHIP_WITH_TRANSFORMATION(#2438) 
SHAPE_REPRESENTATION_RELATIONSHIP() );
#2438 = ITEM_DEFINED_TRANSFORMATION('','',#11,#39);
#2439 = PRODUCT_DEFINITION_SHAPE('Placement','Placement of an item',
  #2440);
#2440 = NEXT_ASSEMBLY_USAGE_OCCURRENCE('7','D24','',#5,#127,$);
#2441 = CONTEXT_DEPENDENT_SHAPE_REPRESENTATION(#2442,#2444);
#2442 = ( REPRESENTATION_RELATIONSHIP('','',#132,#10) 
REPRESENTATION_RELATIONSHIP_WITH_TRANSFORMATION(#2443) 
SHAPE_REPRESENTATION_RELATIONSHIP() );
#2443 = ITEM_DEFINED_TRANSFORMATION('','',#11,#43);
#2444 = PRODUCT_DEFINITION_SHAPE('Placement','Placement of an item',
  #2445);
#2445 = NEXT_ASSEMBLY_USAGE_OCCURRENCE('8','D25','',#5,#127,$);
#2446 = CONTEXT_DEPENDENT_SHAPE_REPRESENTATION(#2447,#2449);
#2447 = ( REPRESENTATION_RELATIONSHIP('','',#132,#10) 
REPRESENTATION_RELATIONSHIP_WITH_TRANSFORMATION(#2448) 
SHAPE_REPRESENTATION_RELATIONSHIP() );
#2448 = ITEM_DEFINED_TRANSFORMATION('','',#11,#47);
#2449 = PRODUCT_DEFINITION_SHAPE('Placement','Placement of an item',
  #2450);
#2450 = NEXT_ASSEMBLY_USAGE_OCCURRENCE('9','D5','',#5,#127,$);
#2451 = CONTEXT_DEPENDENT_SHAPE_REPRESENTATION(#2452,#2454);
#2452 = ( REPRESENTATION_RELATIONSHIP('','',#132,#10) 
REPRESENTATION_RELATIONSHIP_WITH_TRANSFORMATION(#2453) 
SHAPE_REPRESENTATION_RELATIONSHIP() );
#2453 = ITEM_DEFINED_TRANSFORMATION('','',#11,#51);
#2454 = PRODUCT_DEFINITION_SHAPE('Placement','Placement of an item',
  #2455);
#2455 = NEXT_ASSEMBLY_USAGE_OCCURRENCE('10','D13','',#5,#127,$);
#2456 = CONTEXT_DEPENDENT_SHAPE_REPRESENTATION(#2457,#2459);
#2457 = ( REPRESENTATION_RELATIONSHIP('','',#132,#10) 
REPRESENTATION_RELATIONSHIP_WITH_TRANSFORMATION(#2458) 
SHAPE_REPRESENTATION_RELATIONSHIP() );
#2458 = ITEM_DEFINED_TRANSFORMATION('','',#11,#55);
#2459 = PRODUCT_DEFINITION_SHAPE('Placement','Placement of an item',
  #2460);
#2460 = NEXT_ASSEMBLY_USAGE_OCCURRENCE('11','D8','',#5,#127,$);
#2461 = CONTEXT_DEPENDENT_SHAPE_REPRESENTATION(#2462,#2464);
#2462 = ( REPRESENTATION_RELATIONSHIP('','',#132,#10) 
REPRESENTATION_RELATIONSHIP_WITH_TRANSFORMATION(#2463) 
SHAPE_REPRESENTATION_RELATIONSHIP() );
#2463 = ITEM_DEFINED_TRANSFORMATION('','',#11,#59);
#2464 = PRODUCT_DEFINITION_SHAPE('Placement','Placement of an item',
  #2465);
#2465 = NEXT_ASSEMBLY_USAGE_OCCURRENCE('12','D15','',#5,#127,$);
#2466 = CONTEXT_DEPENDENT_SHAPE_REPRESENTATION(#2467,#2469);
#2467 = ( REPRESENTATION_RELATIONSHIP('','',#132,#10) 
REPRESENTATION_RELATIONSHIP_WITH_TRANSFORMATION(#2468) 
SHAPE_REPRESENTATION_RELATIONSHIP() );
#2468 = ITEM_DEFINED_TRANSFORMATION('','',#11,#63);
#2469 = PRODUCT_DEFINITION_SHAPE('Placement','Placement of an item',
  #2470);
#2470 = NEXT_ASSEMBLY_USAGE_OCCURRENCE('13','D9','',#5,#127,$);
#2471 = CONTEXT_DEPENDENT_SHAPE_REPRESENTATION(#2472,#2474);
#2472 = ( REPRESENTATION_RELATIONSHIP('','',#132,#10) 
REPRESENTATION_RELATIONSHIP_WITH_TRANSFORMATION(#2473) 
SHAPE_REPRESENTATION_RELATIONSHIP() );
#2473 = ITEM_DEFINED_TRANSFORMATION('','',#11,#67);
#2474 = PRODUCT_DEFINITION_SHAPE('Placement','Placement of an item',
  #2475);
#2475 = NEXT_ASSEMBLY_USAGE_OCCURRENCE('14','D6','',#5,#127,$);
#2476 = CONTEXT_DEPENDENT_SHAPE_REPRESENTATION(#2477,#2479);
#2477 = ( REPRESENTATION_RELATIONSHIP('','',#132,#10) 
REPRESENTATION_RELATIONSHIP_WITH_TRANSFORMATION(#2478) 
SHAPE_REPRESENTATION_RELATIONSHIP() );
#2478 = ITEM_DEFINED_TRANSFORMATION('','',#11,#71);
#2479 = PRODUCT_DEFINITION_SHAPE('Placement','Placement of an item',
  #2480);
#2480 = NEXT_ASSEMBLY_USAGE_OCCURRENCE('15','D21','',#5,#127,$);
#2481 = CONTEXT_DEPENDENT_SHAPE_REPRESENTATION(#2482,#2484);
#2482 = ( REPRESENTATION_RELATIONSHIP('','',#132,#10) 
REPRESENTATION_RELATIONSHIP_WITH_TRANSFORMATION(#2483) 
SHAPE_REPRESENTATION_RELATIONSHIP() );
#2483 = ITEM_DEFINED_TRANSFORMATION('','',#11,#75);
#2484 = PRODUCT_DEFINITION_SHAPE('Placement','Placement of an item',
  #2485);
#2485 = NEXT_ASSEMBLY_USAGE_OCCURRENCE('16','D17','',#5,#127,$);
#2486 = CONTEXT_DEPENDENT_SHAPE_REPRESENTATION(#2487,#2489);
#2487 = ( REPRESENTATION_RELATIONSHIP('','',#132,#10) 
REPRESENTATION_RELATIONSHIP_WITH_TRANSFORMATION(#2488) 
SHAPE_REPRESENTATION_RELATIONSHIP() );
#2488 = ITEM_DEFINED_TRANSFORMATION('','',#11,#79);
#2489 = PRODUCT_DEFINITION_SHAPE('Placement','Placement of an item',
  #2490);
#2490 = NEXT_ASSEMBLY_USAGE_OCCURRENCE('17','D18','',#5,#127,$);
#2491 = CONTEXT_DEPENDENT_SHAPE_REPRESENTATION(#2492,#2494);
#2492 = ( REPRESENTATION_RELATIONSHIP('','',#132,#10) 
REPRESENTATION_RELATIONSHIP_WITH_TRANSFORMATION(#2493) 
SHAPE_REPRESENTATION_RELATIONSHIP() );
#2493 = ITEM_DEFINED_TRANSFORMATION('','',#11,#83);
#2494 = PRODUCT_DEFINITION_SHAPE('Placement','Placement of an item',
  #2495);
#2495 = NEXT_ASSEMBLY_USAGE_OCCURRENCE('18','D23','',#5,#127,$);
#2496 = CONTEXT_DEPENDENT_SHAPE_REPRESENTATION(#2497,#2499);
#2497 = ( REPRESENTATION_RELATIONSHIP('','',#132,#10) 
REPRESENTATION_RELATIONSHIP_WITH_TRANSFORMATION(#2498) 
SHAPE_REPRESENTATION_RELATIONSHIP() );
#2498 = ITEM_DEFINED_TRANSFORMATION('','',#11,#87);
#2499 = PRODUCT_DEFINITION_SHAPE('Placement','Placement of an item',
  #2500);
#2500 = NEXT_ASSEMBLY_USAGE_OCCURRENCE('19','D10','',#5,#127,$);
#2501 = CONTEXT_DEPENDENT_SHAPE_REPRESENTATION(#2502,#2504);
#2502 = ( REPRESENTATION_RELATIONSHIP('','',#132,#10) 
REPRESENTATION_RELATIONSHIP_WITH_TRANSFORMATION(#2503) 
SHAPE_REPRESENTATION_RELATIONSHIP() );
#2503 = ITEM_DEFINED_TRANSFORMATION('','',#11,#91);
#2504 = PRODUCT_DEFINITION_SHAPE('Placement','Placement of an item',
  #2505);
#2505 = NEXT_ASSEMBLY_USAGE_OCCURRENCE('20','D2','',#5,#127,$);
#2506 = CONTEXT_DEPENDENT_SHAPE_REPRESENTATION(#2507,#2509);
#2507 = ( REPRESENTATION_RELATIONSHIP('','',#132,#10) 
REPRESENTATION_RELATIONSHIP_WITH_TRANSFORMATION(#2508) 
SHAPE_REPRESENTATION_RELATIONSHIP() );
#2508 = ITEM_DEFINED_TRANSFORMATION('','',#11,#95);
#2509 = PRODUCT_DEFINITION_SHAPE('Placement','Placement of an item',
  #2510);
#2510 = NEXT_ASSEMBLY_USAGE_OCCURRENCE('21','D14','',#5,#127,$);
#2511 = CONTEXT_DEPENDENT_SHAPE_REPRESENTATION(#2512,#2514);
#2512 = ( REPRESENTATION_RELATIONSHIP('','',#132,#10) 
REPRESENTATION_RELATIONSHIP_WITH_TRANSFORMATION(#2513) 
SHAPE_REPRESENTATION_RELATIONSHIP() );
#2513 = ITEM_DEFINED_TRANSFORMATION('','',#11,#99);
#2514 = PRODUCT_DEFINITION_SHAPE('Placement','Placement of an item',
  #2515);
#2515 = NEXT_ASSEMBLY_USAGE_OCCURRENCE('22','D4','',#5,#127,$);
#2516 = CONTEXT_DEPENDENT_SHAPE_REPRESENTATION(#2517,#2519);
#2517 = ( REPRESENTATION_RELATIONSHIP('','',#132,#10) 
REPRESENTATION_RELATIONSHIP_WITH_TRANSFORMATION(#2518) 
SHAPE_REPRESENTATION_RELATIONSHIP() );
#2518 = ITEM_DEFINED_TRANSFORMATION('','',#11,#103);
#2519 = PRODUCT_DEFINITION_SHAPE('Placement','Placement of an item',
  #2520);
#2520 = NEXT_ASSEMBLY_USAGE_OCCURRENCE('23','D3','',#5,#127,$);
#2521 = CONTEXT_DEPENDENT_SHAPE_REPRESENTATION(#2522,#2524);
#2522 = ( REPRESENTATION_RELATIONSHIP('','',#132,#10) 
REPRESENTATION_RELATIONSHIP_WITH_TRANSFORMATION(#2523) 
SHAPE_REPRESENTATION_RELATIONSHIP() );
#2523 = ITEM_DEFINED_TRANSFORMATION('','',#11,#107);
#2524 = PRODUCT_DEFINITION_SHAPE('Placement','Placement of an item',
  #2525);
#2525 = NEXT_ASSEMBLY_USAGE_OCCURRENCE('24','D12','',#5,#127,$);
#2526 = CONTEXT_DEPENDENT_SHAPE_REPRESENTATION(#2527,#2529);
#2527 = ( REPRESENTATION_RELATIONSHIP('','',#132,#10) 
REPRESENTATION_RELATIONSHIP_WITH_TRANSFORMATION(#2528) 
SHAPE_REPRESENTATION_RELATIONSHIP() );
#2528 = ITEM_DEFINED_TRANSFORMATION('','',#11,#111);
#2529 = PRODUCT_DEFINITION_SHAPE('Placement','Placement of an item',
  #2530);
#2530 = NEXT_ASSEMBLY_USAGE_OCCURRENCE('25','D22','',#5,#127,$);
#2531 = SHAPE_DEFINITION_REPRESENTATION(#2532,#2538);
#2532 = PRODUCT_DEFINITION_SHAPE('','',#2533);
#2533 = PRODUCT_DEFINITION('design','',#2534,#2537);
#2534 = PRODUCT_DEFINITION_FORMATION('','',#2535);
#2535 = PRODUCT('5x5led_PCB','5x5led_PCB','',(#2536));
#2536 = PRODUCT_CONTEXT('',#2,'mechanical');
#2537 = PRODUCT_DEFINITION_CONTEXT('part definition',#2,'design');
#2538 = ADVANCED_BREP_SHAPE_REPRESENTATION('',(#11,#2539),#2689);
#2539 = MANIFOLD_SOLID_BREP('',#2540);
#2540 = CLOSED_SHELL('',(#2541,#2581,#2612,#2643,#2665,#2677));
#2541 = ADVANCED_FACE('',(#2542),#2576,.T.);
#2542 = FACE_BOUND('',#2543,.T.);
#2543 = EDGE_LOOP('',(#2544,#2554,#2562,#2570));
#2544 = ORIENTED_EDGE('',*,*,#2545,.T.);
#2545 = EDGE_CURVE('',#2546,#2548,#2550,.T.);
#2546 = VERTEX_POINT('',#2547);
#2547 = CARTESIAN_POINT('',(144.5,-80.5,0.));
#2548 = VERTEX_POINT('',#2549);
#2549 = CARTESIAN_POINT('',(144.5,-80.5,1.51));
#2550 = LINE('',#2551,#2552);
#2551 = CARTESIAN_POINT('',(144.5,-80.5,0.));
#2552 = VECTOR('',#2553,1.);
#2553 = DIRECTION('',(0.,0.,1.));
#2554 = ORIENTED_EDGE('',*,*,#2555,.T.);
#2555 = EDGE_CURVE('',#2548,#2556,#2558,.T.);
#2556 = VERTEX_POINT('',#2557);
#2557 = CARTESIAN_POINT('',(105.5,-80.5,1.51));
#2558 = LINE('',#2559,#2560);
#2559 = CARTESIAN_POINT('',(144.5,-80.5,1.51));
#2560 = VECTOR('',#2561,1.);
#2561 = DIRECTION('',(-1.,0.,0.));
#2562 = ORIENTED_EDGE('',*,*,#2563,.F.);
#2563 = EDGE_CURVE('',#2564,#2556,#2566,.T.);
#2564 = VERTEX_POINT('',#2565);
#2565 = CARTESIAN_POINT('',(105.5,-80.5,0.));
#2566 = LINE('',#2567,#2568);
#2567 = CARTESIAN_POINT('',(105.5,-80.5,0.));
#2568 = VECTOR('',#2569,1.);
#2569 = DIRECTION('',(0.,0.,1.));
#2570 = ORIENTED_EDGE('',*,*,#2571,.F.);
#2571 = EDGE_CURVE('',#2546,#2564,#2572,.T.);
#2572 = LINE('',#2573,#2574);
#2573 = CARTESIAN_POINT('',(144.5,-80.5,0.));
#2574 = VECTOR('',#2575,1.);
#2575 = DIRECTION('',(-1.,0.,0.));
#2576 = PLANE('',#2577);
#2577 = AXIS2_PLACEMENT_3D('',#2578,#2579,#2580);
#2578 = CARTESIAN_POINT('',(144.5,-80.5,0.));
#2579 = DIRECTION('',(0.,-1.,0.));
#2580 = DIRECTION('',(-1.,0.,0.));
#2581 = ADVANCED_FACE('',(#2582),#2607,.T.);
#2582 = FACE_BOUND('',#2583,.T.);
#2583 = EDGE_LOOP('',(#2584,#2585,#2593,#2601));
#2584 = ORIENTED_EDGE('',*,*,#2563,.T.);
#2585 = ORIENTED_EDGE('',*,*,#2586,.T.);
#2586 = EDGE_CURVE('',#2556,#2587,#2589,.T.);
#2587 = VERTEX_POINT('',#2588);
#2588 = CARTESIAN_POINT('',(105.5,-41.5,1.51));
#2589 = LINE('',#2590,#2591);
#2590 = CARTESIAN_POINT('',(105.5,-80.5,1.51));
#2591 = VECTOR('',#2592,1.);
#2592 = DIRECTION('',(0.,1.,0.));
#2593 = ORIENTED_EDGE('',*,*,#2594,.F.);
#2594 = EDGE_CURVE('',#2595,#2587,#2597,.T.);
#2595 = VERTEX_POINT('',#2596);
#2596 = CARTESIAN_POINT('',(105.5,-41.5,0.));
#2597 = LINE('',#2598,#2599);
#2598 = CARTESIAN_POINT('',(105.5,-41.5,0.));
#2599 = VECTOR('',#2600,1.);
#2600 = DIRECTION('',(0.,0.,1.));
#2601 = ORIENTED_EDGE('',*,*,#2602,.F.);
#2602 = EDGE_CURVE('',#2564,#2595,#2603,.T.);
#2603 = LINE('',#2604,#2605);
#2604 = CARTESIAN_POINT('',(105.5,-80.5,0.));
#2605 = VECTOR('',#2606,1.);
#2606 = DIRECTION('',(0.,1.,0.));
#2607 = PLANE('',#2608);
#2608 = AXIS2_PLACEMENT_3D('',#2609,#2610,#2611);
#2609 = CARTESIAN_POINT('',(105.5,-80.5,0.));
#2610 = DIRECTION('',(-1.,0.,0.));
#2611 = DIRECTION('',(0.,1.,0.));
#2612 = ADVANCED_FACE('',(#2613),#2638,.T.);
#2613 = FACE_BOUND('',#2614,.T.);
#2614 = EDGE_LOOP('',(#2615,#2616,#2624,#2632));
#2615 = ORIENTED_EDGE('',*,*,#2594,.T.);
#2616 = ORIENTED_EDGE('',*,*,#2617,.T.);
#2617 = EDGE_CURVE('',#2587,#2618,#2620,.T.);
#2618 = VERTEX_POINT('',#2619);
#2619 = CARTESIAN_POINT('',(144.5,-41.5,1.51));
#2620 = LINE('',#2621,#2622);
#2621 = CARTESIAN_POINT('',(105.5,-41.5,1.51));
#2622 = VECTOR('',#2623,1.);
#2623 = DIRECTION('',(1.,0.,0.));
#2624 = ORIENTED_EDGE('',*,*,#2625,.F.);
#2625 = EDGE_CURVE('',#2626,#2618,#2628,.T.);
#2626 = VERTEX_POINT('',#2627);
#2627 = CARTESIAN_POINT('',(144.5,-41.5,0.));
#2628 = LINE('',#2629,#2630);
#2629 = CARTESIAN_POINT('',(144.5,-41.5,0.));
#2630 = VECTOR('',#2631,1.);
#2631 = DIRECTION('',(0.,0.,1.));
#2632 = ORIENTED_EDGE('',*,*,#2633,.F.);
#2633 = EDGE_CURVE('',#2595,#2626,#2634,.T.);
#2634 = LINE('',#2635,#2636);
#2635 = CARTESIAN_POINT('',(105.5,-41.5,0.));
#2636 = VECTOR('',#2637,1.);
#2637 = DIRECTION('',(1.,0.,0.));
#2638 = PLANE('',#2639);
#2639 = AXIS2_PLACEMENT_3D('',#2640,#2641,#2642);
#2640 = CARTESIAN_POINT('',(105.5,-41.5,0.));
#2641 = DIRECTION('',(0.,1.,0.));
#2642 = DIRECTION('',(1.,0.,0.));
#2643 = ADVANCED_FACE('',(#2644),#2660,.T.);
#2644 = FACE_BOUND('',#2645,.T.);
#2645 = EDGE_LOOP('',(#2646,#2647,#2653,#2654));
#2646 = ORIENTED_EDGE('',*,*,#2625,.T.);
#2647 = ORIENTED_EDGE('',*,*,#2648,.T.);
#2648 = EDGE_CURVE('',#2618,#2548,#2649,.T.);
#2649 = LINE('',#2650,#2651);
#2650 = CARTESIAN_POINT('',(144.5,-41.5,1.51));
#2651 = VECTOR('',#2652,1.);
#2652 = DIRECTION('',(0.,-1.,0.));
#2653 = ORIENTED_EDGE('',*,*,#2545,.F.);
#2654 = ORIENTED_EDGE('',*,*,#2655,.F.);
#2655 = EDGE_CURVE('',#2626,#2546,#2656,.T.);
#2656 = LINE('',#2657,#2658);
#2657 = CARTESIAN_POINT('',(144.5,-41.5,0.));
#2658 = VECTOR('',#2659,1.);
#2659 = DIRECTION('',(0.,-1.,0.));
#2660 = PLANE('',#2661);
#2661 = AXIS2_PLACEMENT_3D('',#2662,#2663,#2664);
#2662 = CARTESIAN_POINT('',(144.5,-41.5,0.));
#2663 = DIRECTION('',(1.,0.,-0.));
#2664 = DIRECTION('',(0.,-1.,0.));
#2665 = ADVANCED_FACE('',(#2666),#2672,.F.);
#2666 = FACE_BOUND('',#2667,.T.);
#2667 = EDGE_LOOP('',(#2668,#2669,#2670,#2671));
#2668 = ORIENTED_EDGE('',*,*,#2571,.T.);
#2669 = ORIENTED_EDGE('',*,*,#2602,.T.);
#2670 = ORIENTED_EDGE('',*,*,#2633,.T.);
#2671 = ORIENTED_EDGE('',*,*,#2655,.T.);
#2672 = PLANE('',#2673);
#2673 = AXIS2_PLACEMENT_3D('',#2674,#2675,#2676);
#2674 = CARTESIAN_POINT('',(0.,0.,0.));
#2675 = DIRECTION('',(0.,0.,1.));
#2676 = DIRECTION('',(1.,0.,-0.));
#2677 = ADVANCED_FACE('',(#2678),#2684,.T.);
#2678 = FACE_BOUND('',#2679,.F.);
#2679 = EDGE_LOOP('',(#2680,#2681,#2682,#2683));
#2680 = ORIENTED_EDGE('',*,*,#2555,.T.);
#2681 = ORIENTED_EDGE('',*,*,#2586,.T.);
#2682 = ORIENTED_EDGE('',*,*,#2617,.T.);
#2683 = ORIENTED_EDGE('',*,*,#2648,.T.);
#2684 = PLANE('',#2685);
#2685 = AXIS2_PLACEMENT_3D('',#2686,#2687,#2688);
#2686 = CARTESIAN_POINT('',(0.,0.,1.51));
#2687 = DIRECTION('',(0.,0.,1.));
#2688 = DIRECTION('',(1.,0.,-0.));
#2689 = ( GEOMETRIC_REPRESENTATION_CONTEXT(3) 
GLOBAL_UNCERTAINTY_ASSIGNED_CONTEXT((#2693)) 
GLOBAL_UNIT_ASSIGNED_CONTEXT((#2690,#2691,#2692)) REPRESENTATION_CONTEXT
('Context #1','3D Context with UNIT and UNCERTAINTY') );
#2690 = ( LENGTH_UNIT() NAMED_UNIT(*) SI_UNIT(.MILLI.,.METRE.) );
#2691 = ( NAMED_UNIT(*) PLANE_ANGLE_UNIT() SI_UNIT($,.RADIAN.) );
#2692 = ( NAMED_UNIT(*) SI_UNIT($,.STERADIAN.) SOLID_ANGLE_UNIT() );
#2693 = UNCERTAINTY_MEASURE_WITH_UNIT(LENGTH_MEASURE(1.E-07),#2690,
  'distance_accuracy_value','confusion accuracy');
#2694 = CONTEXT_DEPENDENT_SHAPE_REPRESENTATION(#2695,#2697);
#2695 = ( REPRESENTATION_RELATIONSHIP('','',#2538,#10) 
REPRESENTATION_RELATIONSHIP_WITH_TRANSFORMATION(#2696) 
SHAPE_REPRESENTATION_RELATIONSHIP() );
#2696 = ITEM_DEFINED_TRANSFORMATION('','',#11,#115);
#2697 = PRODUCT_DEFINITION_SHAPE('Placement','Placement of an item',
  #2698);
#2698 = NEXT_ASSEMBLY_USAGE_OCCURRENCE('26','=>[0:1:1:3]','',#5,#2533,$
  );
#2699 = PRODUCT_RELATED_PRODUCT_CATEGORY('part',$,(#2535));
#2700 = MECHANICAL_DESIGN_GEOMETRIC_PRESENTATION_REPRESENTATION('',(
    #2701,#2709,#2716,#2723,#2730,#2737,#2744,#2751,#2758,#2765,#2772,
    #2779,#2786,#2793,#2801,#2808,#2815,#2823,#2830,#2837,#2844,#2851,
    #2858,#2865,#2872,#2879,#2886,#2893,#2900,#2907,#2914,#2921,#2928,
    #2935,#2942,#2949,#2956,#2963,#2970,#2977,#2984,#2991,#2998,#3005,
    #3012,#3019,#3026,#3033,#3040,#3047,#3054,#3061,#3068,#3075,#3082,
    #3089,#3096,#3103,#3110,#3117,#3124,#3131,#3138,#3145,#3152,#3159,
    #3166,#3173),#2400);
#2701 = STYLED_ITEM('color',(#2702),#135);
#2702 = PRESENTATION_STYLE_ASSIGNMENT((#2703));
#2703 = SURFACE_STYLE_USAGE(.BOTH.,#2704);
#2704 = SURFACE_SIDE_STYLE('',(#2705));
#2705 = SURFACE_STYLE_FILL_AREA(#2706);
#2706 = FILL_AREA_STYLE('',(#2707));
#2707 = FILL_AREA_STYLE_COLOUR('',#2708);
#2708 = COLOUR_RGB('',0.893999996942,0.890999961016,0.813000030345);
#2709 = STYLED_ITEM('color',(#2710),#194);
#2710 = PRESENTATION_STYLE_ASSIGNMENT((#2711));
#2711 = SURFACE_STYLE_USAGE(.BOTH.,#2712);
#2712 = SURFACE_SIDE_STYLE('',(#2713));
#2713 = SURFACE_STYLE_FILL_AREA(#2714);
#2714 = FILL_AREA_STYLE('',(#2715));
#2715 = FILL_AREA_STYLE_COLOUR('',#2708);
#2716 = STYLED_ITEM('color',(#2717),#219);
#2717 = PRESENTATION_STYLE_ASSIGNMENT((#2718));
#2718 = SURFACE_STYLE_USAGE(.BOTH.,#2719);
#2719 = SURFACE_SIDE_STYLE('',(#2720));
#2720 = SURFACE_STYLE_FILL_AREA(#2721);
#2721 = FILL_AREA_STYLE('',(#2722));
#2722 = FILL_AREA_STYLE_COLOUR('',#2708);
#2723 = STYLED_ITEM('color',(#2724),#252);
#2724 = PRESENTATION_STYLE_ASSIGNMENT((#2725));
#2725 = SURFACE_STYLE_USAGE(.BOTH.,#2726);
#2726 = SURFACE_SIDE_STYLE('',(#2727));
#2727 = SURFACE_STYLE_FILL_AREA(#2728);
#2728 = FILL_AREA_STYLE('',(#2729));
#2729 = FILL_AREA_STYLE_COLOUR('',#2708);
#2730 = STYLED_ITEM('color',(#2731),#277);
#2731 = PRESENTATION_STYLE_ASSIGNMENT((#2732));
#2732 = SURFACE_STYLE_USAGE(.BOTH.,#2733);
#2733 = SURFACE_SIDE_STYLE('',(#2734));
#2734 = SURFACE_STYLE_FILL_AREA(#2735);
#2735 = FILL_AREA_STYLE('',(#2736));
#2736 = FILL_AREA_STYLE_COLOUR('',#2708);
#2737 = STYLED_ITEM('color',(#2738),#302);
#2738 = PRESENTATION_STYLE_ASSIGNMENT((#2739));
#2739 = SURFACE_STYLE_USAGE(.BOTH.,#2740);
#2740 = SURFACE_SIDE_STYLE('',(#2741));
#2741 = SURFACE_STYLE_FILL_AREA(#2742);
#2742 = FILL_AREA_STYLE('',(#2743));
#2743 = FILL_AREA_STYLE_COLOUR('',#2708);
#2744 = STYLED_ITEM('color',(#2745),#327);
#2745 = PRESENTATION_STYLE_ASSIGNMENT((#2746));
#2746 = SURFACE_STYLE_USAGE(.BOTH.,#2747);
#2747 = SURFACE_SIDE_STYLE('',(#2748));
#2748 = SURFACE_STYLE_FILL_AREA(#2749);
#2749 = FILL_AREA_STYLE('',(#2750));
#2750 = FILL_AREA_STYLE_COLOUR('',#2708);
#2751 = STYLED_ITEM('color',(#2752),#344);
#2752 = PRESENTATION_STYLE_ASSIGNMENT((#2753));
#2753 = SURFACE_STYLE_USAGE(.BOTH.,#2754);
#2754 = SURFACE_SIDE_STYLE('',(#2755));
#2755 = SURFACE_STYLE_FILL_AREA(#2756);
#2756 = FILL_AREA_STYLE('',(#2757));
#2757 = FILL_AREA_STYLE_COLOUR('',#2708);
#2758 = STYLED_ITEM('color',(#2759),#369);
#2759 = PRESENTATION_STYLE_ASSIGNMENT((#2760));
#2760 = SURFACE_STYLE_USAGE(.BOTH.,#2761);
#2761 = SURFACE_SIDE_STYLE('',(#2762));
#2762 = SURFACE_STYLE_FILL_AREA(#2763);
#2763 = FILL_AREA_STYLE('',(#2764));
#2764 = FILL_AREA_STYLE_COLOUR('',#2708);
#2765 = STYLED_ITEM('color',(#2766),#400);
#2766 = PRESENTATION_STYLE_ASSIGNMENT((#2767));
#2767 = SURFACE_STYLE_USAGE(.BOTH.,#2768);
#2768 = SURFACE_SIDE_STYLE('',(#2769));
#2769 = SURFACE_STYLE_FILL_AREA(#2770);
#2770 = FILL_AREA_STYLE('',(#2771));
#2771 = FILL_AREA_STYLE_COLOUR('',#2708);
#2772 = STYLED_ITEM('color',(#2773),#440);
#2773 = PRESENTATION_STYLE_ASSIGNMENT((#2774));
#2774 = SURFACE_STYLE_USAGE(.BOTH.,#2775);
#2775 = SURFACE_SIDE_STYLE('',(#2776));
#2776 = SURFACE_STYLE_FILL_AREA(#2777);
#2777 = FILL_AREA_STYLE('',(#2778));
#2778 = FILL_AREA_STYLE_COLOUR('',#2708);
#2779 = STYLED_ITEM('color',(#2780),#571);
#2780 = PRESENTATION_STYLE_ASSIGNMENT((#2781));
#2781 = SURFACE_STYLE_USAGE(.BOTH.,#2782);
#2782 = SURFACE_SIDE_STYLE('',(#2783));
#2783 = SURFACE_STYLE_FILL_AREA(#2784);
#2784 = FILL_AREA_STYLE('',(#2785));
#2785 = FILL_AREA_STYLE_COLOUR('',#2708);
#2786 = STYLED_ITEM('color',(#2787),#695);
#2787 = PRESENTATION_STYLE_ASSIGNMENT((#2788));
#2788 = SURFACE_STYLE_USAGE(.BOTH.,#2789);
#2789 = SURFACE_SIDE_STYLE('',(#2790));
#2790 = SURFACE_STYLE_FILL_AREA(#2791);
#2791 = FILL_AREA_STYLE('',(#2792));
#2792 = FILL_AREA_STYLE_COLOUR('',#2708);
#2793 = STYLED_ITEM('color',(#2794),#712);
#2794 = PRESENTATION_STYLE_ASSIGNMENT((#2795));
#2795 = SURFACE_STYLE_USAGE(.BOTH.,#2796);
#2796 = SURFACE_SIDE_STYLE('',(#2797));
#2797 = SURFACE_STYLE_FILL_AREA(#2798);
#2798 = FILL_AREA_STYLE('',(#2799));
#2799 = FILL_AREA_STYLE_COLOUR('',#2800);
#2800 = COLOUR_RGB('',0.136999991899,0.40200001271,0.726999997272);
#2801 = STYLED_ITEM('color',(#2802),#721);
#2802 = PRESENTATION_STYLE_ASSIGNMENT((#2803));
#2803 = SURFACE_STYLE_USAGE(.BOTH.,#2804);
#2804 = SURFACE_SIDE_STYLE('',(#2805));
#2805 = SURFACE_STYLE_FILL_AREA(#2806);
#2806 = FILL_AREA_STYLE('',(#2807));
#2807 = FILL_AREA_STYLE_COLOUR('',#2708);
#2808 = STYLED_ITEM('color',(#2809),#732);
#2809 = PRESENTATION_STYLE_ASSIGNMENT((#2810));
#2810 = SURFACE_STYLE_USAGE(.BOTH.,#2811);
#2811 = SURFACE_SIDE_STYLE('',(#2812));
#2812 = SURFACE_STYLE_FILL_AREA(#2813);
#2813 = FILL_AREA_STYLE('',(#2814));
#2814 = FILL_AREA_STYLE_COLOUR('',#2708);
#2815 = STYLED_ITEM('color',(#2816),#900);
#2816 = PRESENTATION_STYLE_ASSIGNMENT((#2817));
#2817 = SURFACE_STYLE_USAGE(.BOTH.,#2818);
#2818 = SURFACE_SIDE_STYLE('',(#2819));
#2819 = SURFACE_STYLE_FILL_AREA(#2820);
#2820 = FILL_AREA_STYLE('',(#2821));
#2821 = FILL_AREA_STYLE_COLOUR('',#2822);
#2822 = COLOUR_RGB('',0.823999987314,0.819999987296,0.781000009244);
#2823 = STYLED_ITEM('color',(#2824),#931);
#2824 = PRESENTATION_STYLE_ASSIGNMENT((#2825));
#2825 = SURFACE_STYLE_USAGE(.BOTH.,#2826);
#2826 = SURFACE_SIDE_STYLE('',(#2827));
#2827 = SURFACE_STYLE_FILL_AREA(#2828);
#2828 = FILL_AREA_STYLE('',(#2829));
#2829 = FILL_AREA_STYLE_COLOUR('',#2822);
#2830 = STYLED_ITEM('color',(#2831),#962);
#2831 = PRESENTATION_STYLE_ASSIGNMENT((#2832));
#2832 = SURFACE_STYLE_USAGE(.BOTH.,#2833);
#2833 = SURFACE_SIDE_STYLE('',(#2834));
#2834 = SURFACE_STYLE_FILL_AREA(#2835);
#2835 = FILL_AREA_STYLE('',(#2836));
#2836 = FILL_AREA_STYLE_COLOUR('',#2822);
#2837 = STYLED_ITEM('color',(#2838),#993);
#2838 = PRESENTATION_STYLE_ASSIGNMENT((#2839));
#2839 = SURFACE_STYLE_USAGE(.BOTH.,#2840);
#2840 = SURFACE_SIDE_STYLE('',(#2841));
#2841 = SURFACE_STYLE_FILL_AREA(#2842);
#2842 = FILL_AREA_STYLE('',(#2843));
#2843 = FILL_AREA_STYLE_COLOUR('',#2822);
#2844 = STYLED_ITEM('color',(#2845),#1078);
#2845 = PRESENTATION_STYLE_ASSIGNMENT((#2846));
#2846 = SURFACE_STYLE_USAGE(.BOTH.,#2847);
#2847 = SURFACE_SIDE_STYLE('',(#2848));
#2848 = SURFACE_STYLE_FILL_AREA(#2849);
#2849 = FILL_AREA_STYLE('',(#2850));
#2850 = FILL_AREA_STYLE_COLOUR('',#2822);
#2851 = STYLED_ITEM('color',(#2852),#1102);
#2852 = PRESENTATION_STYLE_ASSIGNMENT((#2853));
#2853 = SURFACE_STYLE_USAGE(.BOTH.,#2854);
#2854 = SURFACE_SIDE_STYLE('',(#2855));
#2855 = SURFACE_STYLE_FILL_AREA(#2856);
#2856 = FILL_AREA_STYLE('',(#2857));
#2857 = FILL_AREA_STYLE_COLOUR('',#2822);
#2858 = STYLED_ITEM('color',(#2859),#1180);
#2859 = PRESENTATION_STYLE_ASSIGNMENT((#2860));
#2860 = SURFACE_STYLE_USAGE(.BOTH.,#2861);
#2861 = SURFACE_SIDE_STYLE('',(#2862));
#2862 = SURFACE_STYLE_FILL_AREA(#2863);
#2863 = FILL_AREA_STYLE('',(#2864));
#2864 = FILL_AREA_STYLE_COLOUR('',#2822);
#2865 = STYLED_ITEM('color',(#2866),#1211);
#2866 = PRESENTATION_STYLE_ASSIGNMENT((#2867));
#2867 = SURFACE_STYLE_USAGE(.BOTH.,#2868);
#2868 = SURFACE_SIDE_STYLE('',(#2869));
#2869 = SURFACE_STYLE_FILL_AREA(#2870);
#2870 = FILL_AREA_STYLE('',(#2871));
#2871 = FILL_AREA_STYLE_COLOUR('',#2822);
#2872 = STYLED_ITEM('color',(#2873),#1296);
#2873 = PRESENTATION_STYLE_ASSIGNMENT((#2874));
#2874 = SURFACE_STYLE_USAGE(.BOTH.,#2875);
#2875 = SURFACE_SIDE_STYLE('',(#2876));
#2876 = SURFACE_STYLE_FILL_AREA(#2877);
#2877 = FILL_AREA_STYLE('',(#2878));
#2878 = FILL_AREA_STYLE_COLOUR('',#2822);
#2879 = STYLED_ITEM('color',(#2880),#1320);
#2880 = PRESENTATION_STYLE_ASSIGNMENT((#2881));
#2881 = SURFACE_STYLE_USAGE(.BOTH.,#2882);
#2882 = SURFACE_SIDE_STYLE('',(#2883));
#2883 = SURFACE_STYLE_FILL_AREA(#2884);
#2884 = FILL_AREA_STYLE('',(#2885));
#2885 = FILL_AREA_STYLE_COLOUR('',#2822);
#2886 = STYLED_ITEM('color',(#2887),#1398);
#2887 = PRESENTATION_STYLE_ASSIGNMENT((#2888));
#2888 = SURFACE_STYLE_USAGE(.BOTH.,#2889);
#2889 = SURFACE_SIDE_STYLE('',(#2890));
#2890 = SURFACE_STYLE_FILL_AREA(#2891);
#2891 = FILL_AREA_STYLE('',(#2892));
#2892 = FILL_AREA_STYLE_COLOUR('',#2822);
#2893 = STYLED_ITEM('color',(#2894),#1429);
#2894 = PRESENTATION_STYLE_ASSIGNMENT((#2895));
#2895 = SURFACE_STYLE_USAGE(.BOTH.,#2896);
#2896 = SURFACE_SIDE_STYLE('',(#2897));
#2897 = SURFACE_STYLE_FILL_AREA(#2898);
#2898 = FILL_AREA_STYLE('',(#2899));
#2899 = FILL_AREA_STYLE_COLOUR('',#2822);
#2900 = STYLED_ITEM('color',(#2901),#1460);
#2901 = PRESENTATION_STYLE_ASSIGNMENT((#2902));
#2902 = SURFACE_STYLE_USAGE(.BOTH.,#2903);
#2903 = SURFACE_SIDE_STYLE('',(#2904));
#2904 = SURFACE_STYLE_FILL_AREA(#2905);
#2905 = FILL_AREA_STYLE('',(#2906));
#2906 = FILL_AREA_STYLE_COLOUR('',#2822);
#2907 = STYLED_ITEM('color',(#2908),#1491);
#2908 = PRESENTATION_STYLE_ASSIGNMENT((#2909));
#2909 = SURFACE_STYLE_USAGE(.BOTH.,#2910);
#2910 = SURFACE_SIDE_STYLE('',(#2911));
#2911 = SURFACE_STYLE_FILL_AREA(#2912);
#2912 = FILL_AREA_STYLE('',(#2913));
#2913 = FILL_AREA_STYLE_COLOUR('',#2822);
#2914 = STYLED_ITEM('color',(#2915),#1576);
#2915 = PRESENTATION_STYLE_ASSIGNMENT((#2916));
#2916 = SURFACE_STYLE_USAGE(.BOTH.,#2917);
#2917 = SURFACE_SIDE_STYLE('',(#2918));
#2918 = SURFACE_STYLE_FILL_AREA(#2919);
#2919 = FILL_AREA_STYLE('',(#2920));
#2920 = FILL_AREA_STYLE_COLOUR('',#2822);
#2921 = STYLED_ITEM('color',(#2922),#1600);
#2922 = PRESENTATION_STYLE_ASSIGNMENT((#2923));
#2923 = SURFACE_STYLE_USAGE(.BOTH.,#2924);
#2924 = SURFACE_SIDE_STYLE('',(#2925));
#2925 = SURFACE_STYLE_FILL_AREA(#2926);
#2926 = FILL_AREA_STYLE('',(#2927));
#2927 = FILL_AREA_STYLE_COLOUR('',#2822);
#2928 = STYLED_ITEM('color',(#2929),#1678);
#2929 = PRESENTATION_STYLE_ASSIGNMENT((#2930));
#2930 = SURFACE_STYLE_USAGE(.BOTH.,#2931);
#2931 = SURFACE_SIDE_STYLE('',(#2932));
#2932 = SURFACE_STYLE_FILL_AREA(#2933);
#2933 = FILL_AREA_STYLE('',(#2934));
#2934 = FILL_AREA_STYLE_COLOUR('',#2822);
#2935 = STYLED_ITEM('color',(#2936),#1709);
#2936 = PRESENTATION_STYLE_ASSIGNMENT((#2937));
#2937 = SURFACE_STYLE_USAGE(.BOTH.,#2938);
#2938 = SURFACE_SIDE_STYLE('',(#2939));
#2939 = SURFACE_STYLE_FILL_AREA(#2940);
#2940 = FILL_AREA_STYLE('',(#2941));
#2941 = FILL_AREA_STYLE_COLOUR('',#2822);
#2942 = STYLED_ITEM('color',(#2943),#1794);
#2943 = PRESENTATION_STYLE_ASSIGNMENT((#2944));
#2944 = SURFACE_STYLE_USAGE(.BOTH.,#2945);
#2945 = SURFACE_SIDE_STYLE('',(#2946));
#2946 = SURFACE_STYLE_FILL_AREA(#2947);
#2947 = FILL_AREA_STYLE('',(#2948));
#2948 = FILL_AREA_STYLE_COLOUR('',#2822);
#2949 = STYLED_ITEM('color',(#2950),#1818);
#2950 = PRESENTATION_STYLE_ASSIGNMENT((#2951));
#2951 = SURFACE_STYLE_USAGE(.BOTH.,#2952);
#2952 = SURFACE_SIDE_STYLE('',(#2953));
#2953 = SURFACE_STYLE_FILL_AREA(#2954);
#2954 = FILL_AREA_STYLE('',(#2955));
#2955 = FILL_AREA_STYLE_COLOUR('',#2822);
#2956 = STYLED_ITEM('color',(#2957),#1896);
#2957 = PRESENTATION_STYLE_ASSIGNMENT((#2958));
#2958 = SURFACE_STYLE_USAGE(.BOTH.,#2959);
#2959 = SURFACE_SIDE_STYLE('',(#2960));
#2960 = SURFACE_STYLE_FILL_AREA(#2961);
#2961 = FILL_AREA_STYLE('',(#2962));
#2962 = FILL_AREA_STYLE_COLOUR('',#2822);
#2963 = STYLED_ITEM('color',(#2964),#1913);
#2964 = PRESENTATION_STYLE_ASSIGNMENT((#2965));
#2965 = SURFACE_STYLE_USAGE(.BOTH.,#2966);
#2966 = SURFACE_SIDE_STYLE('',(#2967));
#2967 = SURFACE_STYLE_FILL_AREA(#2968);
#2968 = FILL_AREA_STYLE('',(#2969));
#2969 = FILL_AREA_STYLE_COLOUR('',#2822);
#2970 = STYLED_ITEM('color',(#2971),#1930);
#2971 = PRESENTATION_STYLE_ASSIGNMENT((#2972));
#2972 = SURFACE_STYLE_USAGE(.BOTH.,#2973);
#2973 = SURFACE_SIDE_STYLE('',(#2974));
#2974 = SURFACE_STYLE_FILL_AREA(#2975);
#2975 = FILL_AREA_STYLE('',(#2976));
#2976 = FILL_AREA_STYLE_COLOUR('',#2822);
#2977 = STYLED_ITEM('color',(#2978),#1947);
#2978 = PRESENTATION_STYLE_ASSIGNMENT((#2979));
#2979 = SURFACE_STYLE_USAGE(.BOTH.,#2980);
#2980 = SURFACE_SIDE_STYLE('',(#2981));
#2981 = SURFACE_STYLE_FILL_AREA(#2982);
#2982 = FILL_AREA_STYLE('',(#2983));
#2983 = FILL_AREA_STYLE_COLOUR('',#2822);
#2984 = STYLED_ITEM('color',(#2985),#1964);
#2985 = PRESENTATION_STYLE_ASSIGNMENT((#2986));
#2986 = SURFACE_STYLE_USAGE(.BOTH.,#2987);
#2987 = SURFACE_SIDE_STYLE('',(#2988));
#2988 = SURFACE_STYLE_FILL_AREA(#2989);
#2989 = FILL_AREA_STYLE('',(#2990));
#2990 = FILL_AREA_STYLE_COLOUR('',#2822);
#2991 = STYLED_ITEM('color',(#2992),#1981);
#2992 = PRESENTATION_STYLE_ASSIGNMENT((#2993));
#2993 = SURFACE_STYLE_USAGE(.BOTH.,#2994);
#2994 = SURFACE_SIDE_STYLE('',(#2995));
#2995 = SURFACE_STYLE_FILL_AREA(#2996);
#2996 = FILL_AREA_STYLE('',(#2997));
#2997 = FILL_AREA_STYLE_COLOUR('',#2822);
#2998 = STYLED_ITEM('color',(#2999),#1998);
#2999 = PRESENTATION_STYLE_ASSIGNMENT((#3000));
#3000 = SURFACE_STYLE_USAGE(.BOTH.,#3001);
#3001 = SURFACE_SIDE_STYLE('',(#3002));
#3002 = SURFACE_STYLE_FILL_AREA(#3003);
#3003 = FILL_AREA_STYLE('',(#3004));
#3004 = FILL_AREA_STYLE_COLOUR('',#2822);
#3005 = STYLED_ITEM('color',(#3006),#2015);
#3006 = PRESENTATION_STYLE_ASSIGNMENT((#3007));
#3007 = SURFACE_STYLE_USAGE(.BOTH.,#3008);
#3008 = SURFACE_SIDE_STYLE('',(#3009));
#3009 = SURFACE_STYLE_FILL_AREA(#3010);
#3010 = FILL_AREA_STYLE('',(#3011));
#3011 = FILL_AREA_STYLE_COLOUR('',#2822);
#3012 = STYLED_ITEM('color',(#3013),#2037);
#3013 = PRESENTATION_STYLE_ASSIGNMENT((#3014));
#3014 = SURFACE_STYLE_USAGE(.BOTH.,#3015);
#3015 = SURFACE_SIDE_STYLE('',(#3016));
#3016 = SURFACE_STYLE_FILL_AREA(#3017);
#3017 = FILL_AREA_STYLE('',(#3018));
#3018 = FILL_AREA_STYLE_COLOUR('',#2822);
#3019 = STYLED_ITEM('color',(#3020),#2049);
#3020 = PRESENTATION_STYLE_ASSIGNMENT((#3021));
#3021 = SURFACE_STYLE_USAGE(.BOTH.,#3022);
#3022 = SURFACE_SIDE_STYLE('',(#3023));
#3023 = SURFACE_STYLE_FILL_AREA(#3024);
#3024 = FILL_AREA_STYLE('',(#3025));
#3025 = FILL_AREA_STYLE_COLOUR('',#2822);
#3026 = STYLED_ITEM('color',(#3027),#2061);
#3027 = PRESENTATION_STYLE_ASSIGNMENT((#3028));
#3028 = SURFACE_STYLE_USAGE(.BOTH.,#3029);
#3029 = SURFACE_SIDE_STYLE('',(#3030));
#3030 = SURFACE_STYLE_FILL_AREA(#3031);
#3031 = FILL_AREA_STYLE('',(#3032));
#3032 = FILL_AREA_STYLE_COLOUR('',#2822);
#3033 = STYLED_ITEM('color',(#3034),#2078);
#3034 = PRESENTATION_STYLE_ASSIGNMENT((#3035));
#3035 = SURFACE_STYLE_USAGE(.BOTH.,#3036);
#3036 = SURFACE_SIDE_STYLE('',(#3037));
#3037 = SURFACE_STYLE_FILL_AREA(#3038);
#3038 = FILL_AREA_STYLE('',(#3039));
#3039 = FILL_AREA_STYLE_COLOUR('',#2822);
#3040 = STYLED_ITEM('color',(#3041),#2090);
#3041 = PRESENTATION_STYLE_ASSIGNMENT((#3042));
#3042 = SURFACE_STYLE_USAGE(.BOTH.,#3043);
#3043 = SURFACE_SIDE_STYLE('',(#3044));
#3044 = SURFACE_STYLE_FILL_AREA(#3045);
#3045 = FILL_AREA_STYLE('',(#3046));
#3046 = FILL_AREA_STYLE_COLOUR('',#2822);
#3047 = STYLED_ITEM('color',(#3048),#2107);
#3048 = PRESENTATION_STYLE_ASSIGNMENT((#3049));
#3049 = SURFACE_STYLE_USAGE(.BOTH.,#3050);
#3050 = SURFACE_SIDE_STYLE('',(#3051));
#3051 = SURFACE_STYLE_FILL_AREA(#3052);
#3052 = FILL_AREA_STYLE('',(#3053));
#3053 = FILL_AREA_STYLE_COLOUR('',#2822);
#3054 = STYLED_ITEM('color',(#3055),#2129);
#3055 = PRESENTATION_STYLE_ASSIGNMENT((#3056));
#3056 = SURFACE_STYLE_USAGE(.BOTH.,#3057);
#3057 = SURFACE_SIDE_STYLE('',(#3058));
#3058 = SURFACE_STYLE_FILL_AREA(#3059);
#3059 = FILL_AREA_STYLE('',(#3060));
#3060 = FILL_AREA_STYLE_COLOUR('',#2822);
#3061 = STYLED_ITEM('color',(#3062),#2141);
#3062 = PRESENTATION_STYLE_ASSIGNMENT((#3063));
#3063 = SURFACE_STYLE_USAGE(.BOTH.,#3064);
#3064 = SURFACE_SIDE_STYLE('',(#3065));
#3065 = SURFACE_STYLE_FILL_AREA(#3066);
#3066 = FILL_AREA_STYLE('',(#3067));
#3067 = FILL_AREA_STYLE_COLOUR('',#2822);
#3068 = STYLED_ITEM('color',(#3069),#2158);
#3069 = PRESENTATION_STYLE_ASSIGNMENT((#3070));
#3070 = SURFACE_STYLE_USAGE(.BOTH.,#3071);
#3071 = SURFACE_SIDE_STYLE('',(#3072));
#3072 = SURFACE_STYLE_FILL_AREA(#3073);
#3073 = FILL_AREA_STYLE('',(#3074));
#3074 = FILL_AREA_STYLE_COLOUR('',#2822);
#3075 = STYLED_ITEM('color',(#3076),#2170);
#3076 = PRESENTATION_STYLE_ASSIGNMENT((#3077));
#3077 = SURFACE_STYLE_USAGE(.BOTH.,#3078);
#3078 = SURFACE_SIDE_STYLE('',(#3079));
#3079 = SURFACE_STYLE_FILL_AREA(#3080);
#3080 = FILL_AREA_STYLE('',(#3081));
#3081 = FILL_AREA_STYLE_COLOUR('',#2822);
#3082 = STYLED_ITEM('color',(#3083),#2182);
#3083 = PRESENTATION_STYLE_ASSIGNMENT((#3084));
#3084 = SURFACE_STYLE_USAGE(.BOTH.,#3085);
#3085 = SURFACE_SIDE_STYLE('',(#3086));
#3086 = SURFACE_STYLE_FILL_AREA(#3087);
#3087 = FILL_AREA_STYLE('',(#3088));
#3088 = FILL_AREA_STYLE_COLOUR('',#2822);
#3089 = STYLED_ITEM('color',(#3090),#2199);
#3090 = PRESENTATION_STYLE_ASSIGNMENT((#3091));
#3091 = SURFACE_STYLE_USAGE(.BOTH.,#3092);
#3092 = SURFACE_SIDE_STYLE('',(#3093));
#3093 = SURFACE_STYLE_FILL_AREA(#3094);
#3094 = FILL_AREA_STYLE('',(#3095));
#3095 = FILL_AREA_STYLE_COLOUR('',#2822);
#3096 = STYLED_ITEM('color',(#3097),#2216);
#3097 = PRESENTATION_STYLE_ASSIGNMENT((#3098));
#3098 = SURFACE_STYLE_USAGE(.BOTH.,#3099);
#3099 = SURFACE_SIDE_STYLE('',(#3100));
#3100 = SURFACE_STYLE_FILL_AREA(#3101);
#3101 = FILL_AREA_STYLE('',(#3102));
#3102 = FILL_AREA_STYLE_COLOUR('',#2822);
#3103 = STYLED_ITEM('color',(#3104),#2233);
#3104 = PRESENTATION_STYLE_ASSIGNMENT((#3105));
#3105 = SURFACE_STYLE_USAGE(.BOTH.,#3106);
#3106 = SURFACE_SIDE_STYLE('',(#3107));
#3107 = SURFACE_STYLE_FILL_AREA(#3108);
#3108 = FILL_AREA_STYLE('',(#3109));
#3109 = FILL_AREA_STYLE_COLOUR('',#2822);
#3110 = STYLED_ITEM('color',(#3111),#2255);
#3111 = PRESENTATION_STYLE_ASSIGNMENT((#3112));
#3112 = SURFACE_STYLE_USAGE(.BOTH.,#3113);
#3113 = SURFACE_SIDE_STYLE('',(#3114));
#3114 = SURFACE_STYLE_FILL_AREA(#3115);
#3115 = FILL_AREA_STYLE('',(#3116));
#3116 = FILL_AREA_STYLE_COLOUR('',#2822);
#3117 = STYLED_ITEM('color',(#3118),#2267);
#3118 = PRESENTATION_STYLE_ASSIGNMENT((#3119));
#3119 = SURFACE_STYLE_USAGE(.BOTH.,#3120);
#3120 = SURFACE_SIDE_STYLE('',(#3121));
#3121 = SURFACE_STYLE_FILL_AREA(#3122);
#3122 = FILL_AREA_STYLE('',(#3123));
#3123 = FILL_AREA_STYLE_COLOUR('',#2822);
#3124 = STYLED_ITEM('color',(#3125),#2284);
#3125 = PRESENTATION_STYLE_ASSIGNMENT((#3126));
#3126 = SURFACE_STYLE_USAGE(.BOTH.,#3127);
#3127 = SURFACE_SIDE_STYLE('',(#3128));
#3128 = SURFACE_STYLE_FILL_AREA(#3129);
#3129 = FILL_AREA_STYLE('',(#3130));
#3130 = FILL_AREA_STYLE_COLOUR('',#2822);
#3131 = STYLED_ITEM('color',(#3132),#2296);
#3132 = PRESENTATION_STYLE_ASSIGNMENT((#3133));
#3133 = SURFACE_STYLE_USAGE(.BOTH.,#3134);
#3134 = SURFACE_SIDE_STYLE('',(#3135));
#3135 = SURFACE_STYLE_FILL_AREA(#3136);
#3136 = FILL_AREA_STYLE('',(#3137));
#3137 = FILL_AREA_STYLE_COLOUR('',#2822);
#3138 = STYLED_ITEM('color',(#3139),#2308);
#3139 = PRESENTATION_STYLE_ASSIGNMENT((#3140));
#3140 = SURFACE_STYLE_USAGE(.BOTH.,#3141);
#3141 = SURFACE_SIDE_STYLE('',(#3142));
#3142 = SURFACE_STYLE_FILL_AREA(#3143);
#3143 = FILL_AREA_STYLE('',(#3144));
#3144 = FILL_AREA_STYLE_COLOUR('',#2822);
#3145 = STYLED_ITEM('color',(#3146),#2325);
#3146 = PRESENTATION_STYLE_ASSIGNMENT((#3147));
#3147 = SURFACE_STYLE_USAGE(.BOTH.,#3148);
#3148 = SURFACE_SIDE_STYLE('',(#3149));
#3149 = SURFACE_STYLE_FILL_AREA(#3150);
#3150 = FILL_AREA_STYLE('',(#3151));
#3151 = FILL_AREA_STYLE_COLOUR('',#2822);
#3152 = STYLED_ITEM('color',(#3153),#2347);
#3153 = PRESENTATION_STYLE_ASSIGNMENT((#3154));
#3154 = SURFACE_STYLE_USAGE(.BOTH.,#3155);
#3155 = SURFACE_SIDE_STYLE('',(#3156));
#3156 = SURFACE_STYLE_FILL_AREA(#3157);
#3157 = FILL_AREA_STYLE('',(#3158));
#3158 = FILL_AREA_STYLE_COLOUR('',#2822);
#3159 = STYLED_ITEM('color',(#3160),#2359);
#3160 = PRESENTATION_STYLE_ASSIGNMENT((#3161));
#3161 = SURFACE_STYLE_USAGE(.BOTH.,#3162);
#3162 = SURFACE_SIDE_STYLE('',(#3163));
#3163 = SURFACE_STYLE_FILL_AREA(#3164);
#3164 = FILL_AREA_STYLE('',(#3165));
#3165 = FILL_AREA_STYLE_COLOUR('',#2822);
#3166 = STYLED_ITEM('color',(#3167),#2376);
#3167 = PRESENTATION_STYLE_ASSIGNMENT((#3168));
#3168 = SURFACE_STYLE_USAGE(.BOTH.,#3169);
#3169 = SURFACE_SIDE_STYLE('',(#3170));
#3170 = SURFACE_STYLE_FILL_AREA(#3171);
#3171 = FILL_AREA_STYLE('',(#3172));
#3172 = FILL_AREA_STYLE_COLOUR('',#2822);
#3173 = STYLED_ITEM('color',(#3174),#2388);
#3174 = PRESENTATION_STYLE_ASSIGNMENT((#3175));
#3175 = SURFACE_STYLE_USAGE(.BOTH.,#3176);
#3176 = SURFACE_SIDE_STYLE('',(#3177));
#3177 = SURFACE_STYLE_FILL_AREA(#3178);
#3178 = FILL_AREA_STYLE('',(#3179));
#3179 = FILL_AREA_STYLE_COLOUR('',#2822);
#3180 = MECHANICAL_DESIGN_GEOMETRIC_PRESENTATION_REPRESENTATION('',(
    #3181),#2689);
#3181 = STYLED_ITEM('color',(#3182),#2539);
#3182 = PRESENTATION_STYLE_ASSIGNMENT((#3183));
#3183 = SURFACE_STYLE_USAGE(.BOTH.,#3184);
#3184 = SURFACE_SIDE_STYLE('',(#3185));
#3185 = SURFACE_STYLE_FILL_AREA(#3186);
#3186 = FILL_AREA_STYLE('',(#3187));
#3187 = FILL_AREA_STYLE_COLOUR('',#3188);
#3188 = COLOUR_RGB('',0.313304153717,0.484529207832,0.410020903123);
ENDSEC;
END-ISO-10303-21;
